"Date";"Shift";"Sampling_time";"yard_bal";"crush";"imb_wtr";"imb_temp";"mixj_ds";"mixj_rs";"mol_ds";"mol_rs";"fcake_ds";"fcake_rs";"qty_dsl";"mesh_dsl";"bagtemp_dsl";"qty_dsm";"mesh_dsm";"bagtemp_dsm";"qty_dss";"mesh_dss";"bagtemp_dss";"qty_rsl";"mesh_rsl";"bagtemp_rsl";"qty_rsm";"mesh_rsm";"bagtemp_rsm";"qty_rss";"mesh_rss";"bagtemp_rss";"qty_p20";"bagtemp_p20";"qty_p30";"bagtemp_p30";"qty_p40";"bagtemp_p40";"FBDInlet_TempDS";"FBDInlet_MoistDS";"FBDOutlet_TempDS";"FBDOutlet_MoistDS";"Hopper_TempDS";"Hopper_MoistDS";"FBDInlet_TempRS";"FBDInlet_MoistRS";"FBDOutlet_TempRS";"FBDOutlet_MoistRS";"Hopper_TempRS";"Hopper_MoistRS";"RSDInlet_Temp";"RSDInlet_Moist";"RSDOutlet_Temp";"RSDOutlet_Moist";"timestamp"
"2023-12-06";"A";"8-9 AM";32062.0;3856.0;1400.0;76.0;2200.0;2210.0;0.0;0.0;0.0;0.0;0.0;0.0;0.0;0.0;0.0;0.0;0.0;0.0;0.0;0.0;0.0;0.0;0.0;0.0;0.0;0.0;0.0;0.0;0.0;0.0;0.0;0.0;0.0;0.0;0.0;0.0;0.0;0.0;0.0;0.0;0.0;0.0;0.0;0.0;0.0;0.0;0.0;0.0;0.0;0.0;"2023-12-07 12:40:44"
"2023-12-13";"C";"7-8 AM";40400.0;97000.0;38120.0;0.0;0.0;0.0;0.0;0.0;0.0;0.0;0.0;0.0;0.0;0.0;0.0;0.0;0.0;0.0;0.0;0.0;0.0;0.0;0.0;0.0;0.0;0.0;0.0;0.0;0.0;0.0;0.0;0.0;0.0;0.0;0.0;0.0;0.0;0.0;0.0;0.0;0.0;0.0;0.0;0.0;0.0;0.0;0.0;0.0;0.0;0.0;"2023-12-14 09:21:04"
"2023-12-13";"C";"7-8 AM";0.0;0.0;0.0;75.0;53900.0;53850.0;1880.0;2210.0;1843.0;1843.0;0.0;0.0;0.0;3929.0;95.88;36.0;676.0;89.17;32.5;341.0;98.23;36.0;3239.0;96.0;37.0;1252.0;87.75;35.0;300.0;0.0;163.0;0.0;0.0;0.0;0.0;0.0;0.0;0.0;0.0;0.0;0.0;0.0;0.0;0.0;0.0;0.0;0.0;0.0;0.0;0.0;"2023-12-14 09:31:28"
"2023-12-14";"C";"7-8 AM";31900.0;96000.0;37480.0;73.0;52470.0;53870.0;3200.0;2275.0;1801.0;1847.0;0.0;0.0;0.0;3965.0;0.0;36.0;600.0;0.0;30.0;234.0;0.0;34.0;3369.0;0.0;38.0;1265.0;0.0;37.0;258.0;0.0;119.0;0.0;0.0;0.0;0.0;0.0;0.0;0.0;0.0;0.0;0.0;0.0;0.0;0.0;0.0;0.0;0.0;0.0;0.0;0.0;"2023-12-15 09:26:23"
"2023-12-15";"C";"7-8 AM";23402.0;100714.0;38270.0;73.0;55320.0;55470.0;3200.0;2275.0;1912.0;1915.0;320.0;0.0;29.0;3370.0;0.0;34.0;630.0;0.0;33.0;152.0;0.0;0.0;3062.0;0.0;37.0;1298.0;0.0;35.0;234.0;29.0;87.0;29.0;179.0;0.0;0.0;0.0;0.0;0.0;0.0;0.0;0.0;0.0;0.0;0.0;0.0;0.0;0.0;0.0;0.0;0.0;"2023-12-16 10:46:21"
"2023-12-17";"C";"7-8 AM";15500.0;100400.0;38490.0;75.0;55180.0;55197.0;3200.0;3055.0;0.0;0.0;498.0;0.0;29.0;3905.0;0.0;34.0;528.0;0.0;33.0;206.0;0.0;0.0;3405.0;0.0;37.0;1160.0;0.0;35.0;255.0;0.0;130.0;0.0;395.0;0.0;0.0;0.0;0.0;0.0;0.0;0.0;0.0;0.0;0.0;0.0;0.0;0.0;0.0;0.0;0.0;0.0;"2023-12-18 09:54:31"
"2023-12-18";"C";"12-1 AM";14700.0;100400.0;38420.0;74.0;55150.0;55150.0;3400.0;1965.0;1908.0;1908.0;530.0;0.0;33.0;3490.0;97.0;37.0;560.0;84.0;35.0;240.0;98.0;35.0;3695.0;95.0;37.0;1185.0;91.0;37.0;155.0;36.0;151.0;37.0;304.0;36.0;0.0;0.0;0.0;0.0;0.0;0.0;0.0;0.0;0.0;0.0;0.0;0.0;0.0;0.0;0.0;0.0;"2023-12-19 09:25:38"
"2023-12-19";"C";"7-8 AM";23100.0;101000.0;38720.0;73.0;55380.0;56030.0;3200.0;2780.0;1908.0;1930.0;260.0;96.81;34.0;3810.0;96.4;37.0;582.0;90.35;33.0;249.0;98.8;35.0;3413.0;90.24;37.0;1056.0;85.0;35.0;365.0;0.0;40.0;0.0;227.0;0.0;0.0;0.0;0.0;0.0;0.0;0.0;0.0;0.0;0.0;0.0;0.0;0.0;0.0;0.0;0.0;0.0;"2023-12-20 10:30:55"
"2023-12-20";"C";"7-8 AM";30100.0;100000.0;38820.0;72.0;55390.0;55660.0;3360.0;2600.0;1900.0;1900.0;585.0;94.01;32.0;3900.0;94.64;35.0;535.0;88.38;29.0;340.0;99.0;35.0;3414.0;96.74;36.0;840.0;65.63;35.0;282.0;37.0;279.0;35.0;450.0;35.0;0.0;0.0;0.0;0.0;0.0;0.0;0.0;0.0;0.0;0.0;0.0;0.0;0.0;0.0;0.0;0.0;"2023-12-21 09:55:22"
"2023-12-21";"C";"7-8 AM";31200.0;97000.0;37900.0;72.0;47700.0;49300.0;3400.0;2600.0;1813.0;1873.0;372.0;0.0;32.0;3630.0;0.0;35.0;640.0;0.0;30.0;383.0;0.0;35.0;3142.0;0.0;36.0;1018.0;0.0;35.0;313.0;25.0;148.0;0.0;346.0;24.0;0.0;0.0;0.0;0.0;0.0;0.0;0.0;0.0;0.0;0.0;0.0;0.0;0.0;0.0;0.0;0.0;"2023-12-22 09:43:23"
"2023-12-22";"C";"7-8 AM";32700.0;100500.0;38760.0;75.0;55510.0;56200.0;3440.0;2470.0;1900.0;1919.0;560.0;97.0;116.0;3852.0;96.0;35.0;371.0;98.67;34.0;347.0;98.72;35.0;3343.0;97.49;35.0;848.0;74.22;34.0;297.0;34.0;163.0;35.0;352.0;34.0;0.0;0.0;0.0;0.0;0.0;0.0;0.0;0.0;0.0;0.0;0.0;0.0;0.0;0.0;0.0;0.0;"2023-12-23 09:37:56"
"2023-12-23";"A";"8-9 AM";27300.0;100200.0;39050.0;76.0;55310.0;56270.0;3400.0;2600.0;1889.0;1919.0;486.0;98.0;32.0;3967.0;97.0;34.0;597.0;94.0;30.0;326.0;97.0;33.0;3185.0;96.0;34.0;1140.0;75.0;34.0;248.0;34.0;130.0;34.0;271.0;33.0;0.0;0.0;0.0;0.0;0.0;0.0;0.0;0.0;0.0;0.0;0.0;0.0;0.0;0.0;0.0;0.0;"2023-12-24 11:22:38"
"2023-12-24";"C";"7-8 AM";13291.0;100000.0;38900.0;69.22;55130.0;56570.0;3320.0;2210.0;1873.0;19.27;483.0;98.0;33.0;3688.0;97.0;35.0;675.0;95.0;32.0;304.0;99.0;34.0;3664.0;69.0;34.0;832.0;71.0;34.0;223.0;31.0;131.0;30.0;289.0;32.0;0.0;0.0;0.0;0.0;0.0;0.0;0.0;0.0;0.0;0.0;0.0;0.0;0.0;0.0;0.0;0.0;"2023-12-25 09:48:46"
"2023-12-25";"C";"7-8 AM";24300.0;50000.0;19680.0;69.0;27570.0;28330.0;2200.0;16900.0;935.0;965.0;183.0;96.0;31.0;2193.0;97.0;37.0;201.0;91.0;31.0;332.0;98.0;32.0;2796.0;95.0;36.0;879.0;86.0;37.0;17.0;30.0;17.0;29.0;22.0;30.0;0.0;0.0;0.0;0.0;0.0;0.0;0.0;0.0;0.0;0.0;0.0;0.0;0.0;0.0;0.0;0.0;"2023-12-26 10:13:34"
"2023-12-26";"C";"7-8 AM";17000.0;100000.0;39110.0;75.21;55000.0;55950.0;3320.0;2145.0;1885.0;1915.0;214.0;96.0;32.0;3776.0;97.0;35.0;531.0;96.0;29.0;903.0;99.0;34.0;2950.0;98.0;36.0;1167.0;64.0;37.0;0.0;0.0;0.0;0.0;94.0;0.0;0.0;0.0;0.0;0.0;0.0;0.0;0.0;0.0;0.0;0.0;0.0;0.0;0.0;0.0;0.0;0.0;"2023-12-27 09:44:40"
"2023-12-30";"C";"7-8 AM";9600.0;93900.0;36800.0;75.0;51620.0;53240.0;3280.0;2145.0;1756.0;1812.0;176.0;98.98;34.0;386.0;98.18;37.0;687.0;97.54;29.0;667.0;98.37;34.0;3413.0;97.11;38.0;954.0;72.83;36.0;141.0;29.0;75.0;28.0;261.0;29.0;0.0;0.0;0.0;0.0;0.0;0.0;0.0;0.0;0.0;0.0;0.0;0.0;0.0;0.0;0.0;0.0;"2023-12-31 10:21:41"
"2023-12-31";"C";"7-8 AM";11800.0;100200.0;39370.0;74.0;55330.0;56670.0;3360.0;2275.0;1881.0;1927.0;155.0;0.0;29.0;3910.0;0.0;35.0;627.0;0.0;31.0;648.0;0.0;34.0;3403.0;0.0;35.0;1297.0;0.0;35.0;233.0;29.0;122.0;28.0;343.0;30.0;0.0;0.0;0.0;0.0;0.0;0.0;0.0;0.0;0.0;0.0;0.0;0.0;0.0;0.0;0.0;0.0;"2024-01-01 09:46:21"
"2024-01-01";"C";"7-8 AM";11300.0;80000.0;31200.0;71.0;40190.0;49050.0;2560.0;2145.0;1368.0;1672.0;85.0;99.0;28.0;3205.0;97.5;35.0;655.0;92.41;32.0;513.0;99.0;34.0;3477.0;95.0;36.0;930.0;66.89;36.0;177.0;32.0;78.0;29.0;180.0;33.0;0.0;0.0;0.0;0.0;0.0;0.0;0.0;0.0;0.0;0.0;0.0;0.0;0.0;0.0;0.0;0.0;"2024-01-02 09:34:38"
"2024-01-02";"C";"7-8 AM";20100.0;83000.0;32660.0;72.0;42040.0;50770.0;2520.0;1690.0;1429.0;1725.0;136.0;0.0;35.0;2973.0;0.0;35.0;301.0;0.0;30.0;425.0;0.0;31.0;2901.0;0.0;34.0;1131.0;0.0;32.0;289.0;29.0;103.0;29.0;196.0;31.0;0.0;0.0;0.0;0.0;0.0;0.0;0.0;0.0;0.0;0.0;0.0;0.0;0.0;0.0;0.0;0.0;"2024-01-03 09:38:14"
"2024-01-03";"C";"12-1 AM";32100.0;101000.0;3925.0;73.0;55680.0;56820.0;2800.0;2210.0;1900.0;1938.0;127.0;0.0;30.0;4100.0;0.0;35.0;478.0;0.0;31.0;691.0;0.0;32.0;3055.0;0.0;36.0;1130.0;0.0;34.0;297.0;34.0;53.0;30.0;425.0;28.0;0.0;0.0;0.0;0.0;0.0;0.0;0.0;0.0;0.0;0.0;0.0;0.0;0.0;0.0;0.0;0.0;"2024-01-04 09:25:06"
"2024-01-04";"C";"7-8 AM";49815.0;99500.0;38640.0;73.0;55020.0;55830.0;3040.0;2275.0;1877.0;1904.0;100.0;0.0;32.0;4008.0;0.0;33.0;722.0;0.0;30.0;749.0;0.0;34.0;3215.0;0.0;30.0;960.0;0.0;36.0;250.0;0.0;130.0;0.0;221.0;0.0;0.0;0.0;0.0;0.0;0.0;0.0;0.0;0.0;0.0;0.0;0.0;0.0;0.0;0.0;0.0;0.0;"2024-01-05 11:28:27"
"2024-01-05";"C";"7-8 AM";48900.0;101000.0;38920.0;73.0;55700.0;56900.0;3680.0;2210.0;1862.0;1976.0;250.0;0.0;0.0;4325.0;0.0;0.0;382.0;0.0;0.0;550.0;0.0;0.0;3482.0;0.0;0.0;1201.0;0.0;0.0;423.0;0.0;130.0;0.0;285.0;0.0;0.0;0.0;0.0;0.0;0.0;0.0;0.0;0.0;0.0;0.0;0.0;0.0;0.0;0.0;0.0;0.0;"2024-01-06 09:39:54"
"2024-01-06";"C";"7-8 AM";45200.0;102000.0;39300.0;73.0;5580.0;56950.0;3400.0;1755.0;1919.0;1957.0;230.0;99.0;30.0;4136.0;98.0;36.0;609.0;93.0;29.0;853.0;99.0;32.0;3523.0;97.0;36.0;1145.0;81.0;34.0;80.0;0.0;26.0;0.0;0.0;0.0;0.0;0.0;0.0;0.0;0.0;0.0;0.0;0.0;0.0;0.0;0.0;0.0;0.0;0.0;0.0;0.0;"2024-01-07 09:31:27"
"2024-01-07";"C";"7-8 AM";38600.0;102000.0;38630.0;73.0;56100.0;56250.0;3160.0;2405.0;1934.0;1942.0;153.0;99.0;32.0;4310.0;97.0;35.0;680.0;95.0;32.0;650.0;99.0;38.0;3175.0;98.0;35.0;1310.0;69.0;34.0;120.0;33.0;65.0;34.0;0.0;0.0;0.0;0.0;0.0;0.0;0.0;0.0;0.0;0.0;0.0;0.0;0.0;0.0;0.0;0.0;0.0;0.0;"2024-01-08 09:58:58"
"2024-01-08";"C";"7-8 AM";22900.0;101000.0;38480.0;73.0;55540.0;55690.0;3560.0;2086.0;1915.0;1923.0;225.0;98.0;34.0;4155.0;97.0;34.0;455.0;91.0;35.0;504.0;99.0;35.0;3308.0;95.0;34.0;1444.0;42.0;73.0;271.0;28.0;107.0;29.0;196.0;23.0;0.0;0.0;0.0;0.0;0.0;0.0;0.0;0.0;0.0;0.0;0.0;0.0;0.0;0.0;0.0;0.0;"2024-01-09 09:20:50"
"2024-01-09";"C";"7-8 AM";11100.0;101000.0;38200.0;72.0;55150.0;55850.0;3400.0;2080.0;1908.0;1980.0;175.0;96.0;34.0;4220.0;97.0;35.0;401.0;97.0;31.0;485.0;99.0;33.0;3595.0;95.0;36.0;1318.0;80.0;34.0;292.0;32.0;111.0;0.0;316.0;34.0;0.0;0.0;0.0;0.0;0.0;0.0;0.0;0.0;0.0;0.0;0.0;0.0;0.0;0.0;0.0;0.0;"2024-01-10 09:56:55"
"2024-01-10";"C";"7-8 AM";18000.0;100000.0;38060.0;72.0;54800.0;55310.0;2840.0;2405.0;1892.0;1908.0;219.0;98.0;32.0;4170.0;97.0;35.0;502.0;91.0;34.0;557.0;99.0;33.0;3489.0;97.0;36.0;1126.0;72.0;36.0;281.0;33.0;149.0;34.0;350.0;32.0;0.0;0.0;0.0;0.0;0.0;0.0;0.0;0.0;0.0;0.0;0.0;0.0;0.0;0.0;0.0;0.0;"2024-01-11 09:29:39"
"2024-01-11";"C";"7-8 AM";12800.0;101500.0;38320.0;75.0;55730.0;55780.0;3400.0;2145.0;1926.0;1931.0;163.0;99.0;33.0;4850.0;98.0;36.0;640.0;92.0;34.0;630.0;98.0;33.0;3534.0;97.0;36.0;988.0;74.0;34.0;205.0;35.0;138.0;34.0;195.0;34.0;0.0;0.0;0.0;0.0;0.0;0.0;0.0;0.0;0.0;0.0;0.0;0.0;0.0;0.0;0.0;0.0;"2024-01-12 09:55:33"
"2024-01-12";"C";"7-8 AM";16700.0;102500.0;38350.0;77.0;56020.0;56060.0;2840.0;2210.0;1946.0;1949.0;145.0;99.0;32.0;4656.0;98.0;33.0;634.0;83.0;33.0;695.0;99.0;35.0;3569.0;97.0;34.0;938.0;74.0;34.0;118.0;34.0;115.0;34.0;131.0;33.0;0.0;0.0;0.0;0.0;0.0;0.0;0.0;0.0;0.0;0.0;0.0;0.0;0.0;0.0;0.0;0.0;"2024-01-13 09:59:42"
"2024-01-13";"C";"7-8 AM";19600.0;102500.0;38500.0;75.0;56000.0;56080.0;3360.0;2470.0;1946.0;1949.0;157.0;99.0;33.0;4565.0;97.0;34.0;645.0;92.0;35.0;636.0;99.0;33.0;3366.0;97.0;34.0;1010.0;76.0;31.0;246.0;33.0;69.0;34.0;156.0;34.0;0.0;0.0;0.0;0.0;0.0;0.0;0.0;0.0;0.0;0.0;0.0;0.0;0.0;0.0;0.0;0.0;"2024-01-14 10:24:09"
"2024-01-14";"C";"7-8 AM";11500.0;101300.0;3849.0;75.0;55250.0;55360.0;3160.0;2210.0;1923.0;1926.0;212.0;99.0;31.0;4355.0;98.0;34.0;519.0;92.0;30.0;575.0;99.0;34.0;3753.0;97.0;35.0;1066.0;83.0;34.0;176.0;31.0;133.0;34.0;360.0;32.0;0.0;0.0;0.0;0.0;0.0;0.0;0.0;0.0;0.0;0.0;0.0;0.0;0.0;0.0;0.0;0.0;"2024-01-15 09:53:42"
"2024-01-15";"C";"7-8 AM";13100.0;92600.0;35270.0;75.0;50690.0;50780.0;3240.0;2275.0;1756.0;1763.0;116.0;0.0;0.0;3926.0;0.0;0.0;475.0;0.0;0.0;689.0;0.0;0.0;3130.0;0.0;0.0;951.0;0.0;0.0;350.0;0.0;155.0;0.0;238.0;0.0;0.0;0.0;0.0;0.0;0.0;0.0;0.0;0.0;0.0;0.0;0.0;0.0;0.0;0.0;0.0;0.0;"2024-01-16 10:05:11"
"2024-01-16";"C";"7-8 AM";20300.0;101000.0;38260.0;75.0;54800.0;54750.0;3240.0;2405.0;1930.0;1908.0;0.0;0.0;0.0;0.0;0.0;0.0;0.0;0.0;0.0;0.0;0.0;0.0;0.0;0.0;0.0;0.0;0.0;0.0;0.0;0.0;0.0;0.0;0.0;0.0;0.0;0.0;0.0;0.0;0.0;0.0;0.0;0.0;0.0;0.0;0.0;0.0;0.0;0.0;0.0;0.0;"2024-01-17 10:19:11"
"2024-01-16";"C";"7-8 AM";0.0;0.0;0.0;0.0;0.0;0.0;0.0;0.0;0.0;0.0;146.0;98.0;28.0;4538.0;97.0;35.0;616.0;87.0;30.0;680.0;99.0;33.0;3170.0;94.0;36.0;869.0;36.0;35.0;170.0;99.0;0.0;0.0;135.0;98.0;0.0;0.0;0.0;0.0;0.0;0.0;0.0;0.0;0.0;0.0;0.0;0.0;0.0;0.0;0.0;0.0;"2024-01-17 10:49:14"
"2024-01-17";"C";"7-8 AM";46900.0;22500.0;8000.0;75.0;24080.0;0.0;1600.0;585.0;855.0;0.0;54.0;99.0;29.0;1826.0;99.0;34.0;353.0;93.0;32.0;290.0;99.0;30.0;1639.0;93.0;37.0;727.0;85.0;35.0;0.0;0.0;0.0;0.0;0.0;0.0;0.0;0.0;0.0;0.0;0.0;0.0;0.0;0.0;0.0;0.0;0.0;0.0;0.0;0.0;0.0;0.0;"2024-01-18 10:33:51"
"2024-01-18";"C";"7-8 AM";58800.0;53800.0;17150.0;78.0;55860.0;0.0;3360.0;0.0;2044.0;0.0;130.0;97.0;30.0;4529.0;92.0;33.0;556.0;98.0;29.0;0.0;0.0;0.0;0.0;0.0;0.0;67.0;0.0;0.0;0.0;0.0;0.0;0.0;0.0;0.0;0.0;0.0;0.0;0.0;0.0;0.0;0.0;0.0;0.0;0.0;0.0;0.0;0.0;0.0;0.0;0.0;"2024-01-19 09:26:45"
"2024-01-19";"C";"7-8 AM";50000.0;65500.0;21760.0;76.0;55780.0;123.0;2920.0;650.0;2041.0;448.0;205.0;99.0;29.0;4614.0;97.0;33.0;431.0;91.0;32.0;0.0;0.0;0.0;0.0;0.0;0.0;0.0;0.0;0.0;0.0;0.0;0.0;0.0;0.0;0.0;0.0;0.0;0.0;0.0;0.0;0.0;0.0;0.0;0.0;0.0;0.0;0.0;0.0;0.0;0.0;0.0;"2024-01-20 09:33:28"
"2024-01-20";"C";"7-8 AM";41900.0;100500.0;38030.0;75.0;56160.0;53440.0;3480.0;2470.0;1957.0;1862.0;130.0;97.0;33.0;4777.0;97.0;35.0;518.0;99.0;32.0;637.0;98.0;33.0;3173.0;97.0;32.0;805.0;86.0;32.0;0.0;0.0;0.0;0.0;0.0;0.0;0.0;0.0;0.0;0.0;0.0;0.0;0.0;0.0;0.0;0.0;0.0;0.0;0.0;0.0;0.0;0.0;"2024-01-21 10:15:33"
"2024-01-21";"C";"7-8 AM";33500.0;102000.0;38330.0;75.0;56560.0;54400.0;2960.0;1820.0;1976.0;1900.0;105.0;95.0;29.0;4024.0;94.0;30.0;170.0;97.0;29.0;842.0;97.0;32.0;4047.0;96.0;33.0;875.0;82.0;32.0;0.0;0.0;0.0;0.0;0.0;0.0;0.0;0.0;0.0;0.0;0.0;0.0;0.0;0.0;0.0;0.0;0.0;0.0;0.0;0.0;0.0;0.0;"2024-01-22 09:23:24"
"2024-01-21";"A";"3-4 PM";0.0;0.0;0.0;75.0;0.0;0.0;0.0;0.0;0.0;0.0;0.0;0.0;0.0;0.0;0.0;0.0;0.0;0.0;0.0;0.0;0.0;0.0;0.0;0.0;0.0;0.0;0.0;0.0;0.0;0.0;0.0;0.0;0.0;0.0;0.0;0.0;0.0;0.0;0.0;0.0;0.0;0.0;0.0;0.0;0.0;0.0;0.0;0.0;0.0;0.0;"2024-01-22 09:26:05"
"2024-01-21";"C";"7-8 AM";0.0;0.0;0.0;75.0;0.0;0.0;0.0;0.0;0.0;0.0;0.0;0.0;0.0;0.0;0.0;0.0;0.0;0.0;0.0;0.0;0.0;0.0;0.0;0.0;0.0;0.0;0.0;0.0;0.0;0.0;0.0;0.0;0.0;0.0;0.0;0.0;0.0;0.0;0.0;0.0;0.0;0.0;0.0;0.0;0.0;0.0;0.0;0.0;0.0;0.0;"2024-01-22 09:26:32"
"2024-01-22";"C";"7-8 AM";27700.0;99000.0;37100.0;71.0;54600.0;53500.0;3480.0;1950.0;1900.0;1862.0;570.0;87.0;27.0;3520.0;96.0;34.0;390.0;85.0;29.0;540.0;98.0;33.0;3597.0;91.0;34.0;850.0;76.0;34.0;81.0;99.0;47.0;99.0;83.0;0.0;0.0;0.0;0.0;0.0;0.0;0.0;0.0;0.0;0.0;0.0;0.0;0.0;0.0;0.0;0.0;0.0;"2024-01-23 09:40:25"
"2024-01-23";"C";"7-8 AM";37400.0;92000.0;35200.0;71.0;51500.0;49310.0;3080.0;2145.0;1786.0;1710.0;165.0;99.0;29.0;3850.0;97.0;34.0;410.0;96.0;28.0;475.0;98.0;25.0;3220.0;96.0;35.0;1035.0;85.0;34.0;192.0;25.0;145.0;25.0;209.0;26.0;0.0;0.0;0.0;0.0;0.0;0.0;0.0;0.0;0.0;0.0;0.0;0.0;0.0;0.0;0.0;0.0;"2024-01-24 10:05:56"
"2024-01-24";"C";"7-8 AM";34200.0;101000.0;3838.0;72.0;55923.0;54827.0;2960.0;2080.0;1938.0;1900.0;425.0;91.0;29.0;3740.0;96.0;34.0;600.0;85.0;31.0;357.0;99.0;34.0;3795.0;94.0;33.0;1028.0;85.0;32.0;90.0;26.0;99.0;24.0;110.0;27.0;0.0;0.0;0.0;0.0;0.0;0.0;0.0;0.0;0.0;0.0;0.0;0.0;0.0;0.0;0.0;0.0;"2024-01-25 09:50:42"
"2024-01-25";"C";"7-8 AM";44500.0;92000.0;35810.0;73.0;51970.0;49760.0;3160.0;2405.0;1786.0;1710.0;245.0;87.0;31.0;4860.0;97.0;33.0;600.0;97.0;31.0;819.0;99.0;31.0;3025.0;98.0;33.0;835.0;79.0;32.0;175.0;29.0;125.0;28.0;236.0;28.0;0.0;0.0;0.0;0.0;0.0;0.0;0.0;0.0;0.0;0.0;0.0;0.0;0.0;0.0;0.0;0.0;"2024-01-26 11:05:13"
"2024-01-26";"C";"7-8 AM";34600.0;102000.0;38840.0;75.0;56367.0;55273.0;4480.0;715.0;1957.0;1919.0;330.0;95.0;29.0;4410.0;96.0;34.0;350.0;91.0;30.0;570.0;98.0;31.0;3450.0;94.0;35.0;980.0;82.0;32.0;95.0;0.0;115.0;0.0;95.0;0.0;0.0;0.0;0.0;0.0;0.0;0.0;0.0;0.0;0.0;0.0;0.0;0.0;0.0;0.0;0.0;0.0;"2024-01-27 09:48:39"
"2024-01-27";"C";"7-8 AM";34600.0;100200.0;38570.0;74.0;55500.0;54620.0;4240.0;975.0;1919.0;1889.0;355.0;99.02;29.0;4250.0;95.87;32.0;395.0;90.76;31.0;795.0;98.32;32.0;3440.0;92.98;32.0;1043.0;80.85;31.0;140.0;28.0;117.0;28.0;195.0;27.0;0.0;0.0;0.0;0.0;0.0;0.0;0.0;0.0;0.0;0.0;0.0;0.0;0.0;0.0;0.0;0.0;"2024-01-28 09:55:28"
"2024-01-28";"C";"7-8 AM";26400.0;100500.0;38990.0;72.0;56024.0;54376.0;3040.0;2015.0;1938.0;1881.0;310.0;95.86;30.0;4435.0;95.66;34.0;265.0;91.81;28.0;560.0;97.14;33.0;3595.0;94.12;34.0;1125.0;85.04;32.0;150.0;29.0;95.0;29.0;70.0;27.0;0.0;0.0;0.0;0.0;0.0;0.0;0.0;0.0;0.0;0.0;0.0;0.0;0.0;0.0;0.0;0.0;"2024-01-29 09:29:05"
"2024-01-29";"C";"7-8 AM";20700.0;100000.0;38000.0;74.0;55733.0;53547.0;3400.0;2015.0;1938.0;1862.0;555.0;98.03;33.0;4245.0;95.98;33.0;620.0;95.95;30.0;450.0;98.75;32.0;3633.0;96.15;34.0;955.0;86.41;33.0;150.0;30.0;117.0;28.0;135.0;29.0;0.0;0.0;0.0;0.0;0.0;0.0;0.0;0.0;0.0;0.0;0.0;0.0;0.0;0.0;0.0;0.0;"2024-01-30 09:24:36"
"2024-01-30";"C";"7-8 AM";23500.0;100000.0;38120.0;73.0;55825.0;53635.0;3480.0;2470.0;1938.0;1862.0;305.0;93.31;33.0;4155.0;95.97;34.0;580.0;95.42;32.0;480.0;99.51;33.0;3471.0;95.0;33.0;1042.0;75.61;32.0;229.0;33.0;137.0;32.0;216.0;32.0;0.0;0.0;0.0;0.0;0.0;0.0;0.0;0.0;0.0;0.0;0.0;0.0;0.0;0.0;0.0;0.0;"2024-01-31 09:54:14"
"2024-01-31";"C";"7-8 AM";18000.0;99500.0;37710.0;72.0;0.0;0.0;0.0;0.0;0.0;0.0;0.0;0.0;0.0;0.0;0.0;0.0;0.0;0.0;0.0;0.0;0.0;0.0;0.0;0.0;0.0;0.0;0.0;0.0;0.0;0.0;0.0;0.0;0.0;0.0;0.0;0.0;0.0;0.0;0.0;0.0;0.0;0.0;0.0;0.0;0.0;0.0;0.0;0.0;0.0;0.0;"2024-02-01 10:54:18"
"2024-01-31";"C";"7-8 AM";0.0;0.0;0.0;0.0;50000.0;49500.0;3200.0;2080.0;1900.0;1881.0;305.0;95.0;29.0;4155.0;98.0;33.0;580.0;96.0;30.0;480.0;99.0;32.0;3471.0;96.0;33.0;1042.0;0.0;0.0;229.0;31.0;137.0;32.0;216.0;32.0;0.0;0.0;0.0;0.0;0.0;0.0;0.0;0.0;0.0;0.0;0.0;0.0;0.0;0.0;0.0;0.0;"2024-02-01 10:58:32"
"2024-02-01";"C";"7-8 AM";14700.0;95500.0;36730.0;72.0;51557.0;53203.0;2800.0;1950.0;1786.0;1846.0;520.0;92.0;28.0;4017.0;95.0;33.0;313.0;98.0;29.0;690.0;98.0;32.0;3647.0;95.0;35.0;957.0;76.0;33.0;185.0;31.0;199.0;32.0;207.0;32.0;0.0;0.0;0.0;0.0;0.0;0.0;0.0;0.0;0.0;0.0;0.0;0.0;0.0;0.0;0.0;0.0;"2024-02-02 10:09:01"
"2024-02-02";"C";"7-8 AM";17800.0;100100.0;37948.0;73.0;54600.0;0.0;3000.0;2015.0;1900.0;1904.0;310.0;91.0;36.0;4330.0;98.0;36.0;70.0;0.0;0.0;640.0;99.0;37.0;3675.0;95.0;37.0;1020.0;84.0;37.0;145.0;35.0;80.0;34.0;185.0;34.0;0.0;0.0;0.0;0.0;0.0;0.0;0.0;0.0;0.0;0.0;0.0;0.0;0.0;0.0;0.0;0.0;"2024-02-03 10:31:15"
"2024-02-03";"C";"7-8 AM";21200.0;100000.0;38080.0;73.0;54550.0;54550.0;3360.0;2145.0;19040.0;19040.0;275.0;92.0;32.0;4295.0;96.0;37.0;730.0;96.0;34.0;635.0;99.0;37.0;3705.0;95.0;36.0;960.0;83.0;35.0;180.0;34.0;70.0;35.0;135.0;34.0;0.0;0.0;0.0;0.0;0.0;0.0;0.0;0.0;0.0;0.0;0.0;0.0;0.0;0.0;0.0;0.0;"2024-02-04 09:23:21"
"2024-02-04";"C";"7-8 AM";9300.0;93500.0;35720.0;72.0;46000.0;47500.0;3240.0;2015.0;1748.0;1805.0;220.0;0.0;0.0;3761.0;0.0;0.0;280.0;0.0;0.0;535.0;0.0;0.0;3408.0;0.0;0.0;1117.0;0.0;0.0;199.0;0.0;137.0;0.0;236.0;0.0;0.0;0.0;0.0;0.0;0.0;0.0;0.0;0.0;0.0;0.0;0.0;0.0;0.0;0.0;0.0;0.0;"2024-02-05 09:46:26"
"2024-02-05";"C";"7-8 AM";19500.0;94000.0;36360.0;73.0;50698.0;52902.0;2920.0;2015.0;1748.0;1824.0;433.0;0.0;0.0;3898.0;0.0;0.0;610.0;0.0;0.0;655.0;0.0;0.0;3432.0;0.0;0.0;1098.0;0.0;0.0;140.0;0.0;138.0;0.0;120.0;0.0;0.0;0.0;0.0;0.0;0.0;0.0;0.0;0.0;0.0;0.0;0.0;0.0;0.0;0.0;0.0;0.0;"2024-02-06 09:16:23"
"2024-02-06";"C";"7-8 AM";23300.0;100400.0;38850.0;72.0;54990.0;55430.0;3120.0;2275.0;1900.0;1915.0;340.0;0.0;0.0;3835.0;0.0;0.0;565.0;0.0;0.0;720.0;0.0;0.0;2523.0;0.0;0.0;936.0;0.0;0.0;1120.0;0.0;95.0;0.0;126.0;0.0;0.0;0.0;0.0;0.0;0.0;0.0;0.0;0.0;0.0;0.0;0.0;0.0;0.0;0.0;0.0;0.0;"2024-02-07 09:58:04"
"2024-02-07";"C";"7-8 AM";24600.0;100400.0;38770.0;7273.0;56115.0;54355.0;3000.0;2080.0;1938.0;1877.0;347.0;0.0;0.0;4046.0;0.0;0.0;405.0;0.0;0.0;525.0;0.0;0.0;3432.0;0.0;0.0;1230.0;0.0;0.0;174.0;0.0;95.0;0.0;211.0;0.0;0.0;0.0;0.0;0.0;0.0;0.0;0.0;0.0;0.0;0.0;0.0;0.0;0.0;0.0;0.0;0.0;"2024-02-08 09:19:35"
"2024-02-08";"C";"7-8 AM";47800.0;42500.0;16510.0;72.0;22038.0;24792.0;2800.0;845.0;760.0;855.0;139.0;0.0;0.0;1556.0;0.0;0.0;173.0;0.0;0.0;270.0;0.0;0.0;1505.0;0.0;0.0;532.0;0.0;0.0;230.0;0.0;160.0;0.0;253.0;0.0;0.0;0.0;0.0;0.0;0.0;0.0;0.0;0.0;0.0;0.0;0.0;0.0;0.0;0.0;0.0;0.0;"2024-02-09 09:28:28"
"2024-02-09";"C";"12-1 AM";29800.0;101000.0;38700.0;72.0;55762.0;54668.0;3120.0;2275.0;1938.0;1894.0;705.0;92.0;35.0;3998.0;96.0;38.0;445.0;99.0;33.0;585.0;99.0;34.0;3047.0;97.0;37.0;998.0;82.0;37.0;294.0;32.0;150.0;31.0;207.0;32.0;0.0;0.0;0.0;0.0;0.0;0.0;0.0;0.0;0.0;0.0;0.0;0.0;0.0;0.0;0.0;0.0;"2024-02-10 09:17:44"
"2024-02-10";"C";"7-8 AM";26600.0;100500.0;39090.0;73.0;56000.0;54360.0;2920.0;1885.0;1938.0;1881.0;540.0;91.0;34.0;4136.0;97.0;35.0;404.0;95.0;32.0;695.0;99.0;35.0;3220.0;96.0;36.0;1049.0;83.0;35.0;171.0;32.0;105.0;31.0;195.0;32.0;0.0;0.0;0.0;0.0;0.0;0.0;0.0;0.0;0.0;0.0;0.0;0.0;0.0;0.0;0.0;0.0;"2024-02-11 09:48:08"
"2024-02-11";"C";"7-8 AM";22900.0;100500.0;38980.0;73.0;56156.0;54504.0;3400.0;2015.0;1938.0;1881.0;544.0;0.0;0.0;4060.0;0.0;0.0;393.0;0.0;0.0;740.0;0.0;0.0;3528.0;0.0;0.0;840.0;0.0;0.0;291.0;0.0;219.0;0.0;392.0;0.0;0.0;0.0;0.0;0.0;0.0;0.0;0.0;0.0;0.0;0.0;0.0;0.0;0.0;0.0;0.0;0.0;"2024-02-12 09:22:13"
"2024-02-12";"C";"7-8 AM";18600.0;100500.0;39000.0;73.0;54975.0;55525.0;3360.0;2145.0;1900.0;1919.0;390.0;87.94;32.0;4090.0;95.0;36.0;445.0;94.0;33.0;558.0;98.0;35.0;3670.0;95.0;36.0;1127.0;86.0;36.0;207.0;30.0;220.0;31.0;263.0;31.0;0.0;0.0;0.0;0.0;0.0;0.0;0.0;0.0;0.0;0.0;0.0;0.0;0.0;0.0;0.0;0.0;"2024-02-13 09:27:57"
"2024-02-13";"C";"7-8 AM";43500.0;69000.0;26620.0;72.0;36300.0;39600.0;2680.0;1820.0;1254.0;1368.0;295.0;88.0;36.0;2924.0;97.0;36.0;326.0;98.0;35.0;500.0;98.0;37.0;2889.0;97.0;38.0;926.0;79.0;38.0;170.0;30.0;126.0;31.0;171.0;32.0;0.0;0.0;0.0;0.0;0.0;0.0;0.0;0.0;0.0;0.0;0.0;0.0;0.0;0.0;0.0;0.0;"2024-02-14 09:31:52"
"2024-02-14";"C";"7-8 AM";27500.0;101000.0;38950.0;73.0;54723.0;55817.0;3280.0;2145.0;1900.0;1938.0;515.0;0.0;0.0;4393.0;0.0;0.0;102.0;0.0;0.0;525.0;0.0;0.0;3325.0;0.0;0.0;1650.0;0.0;0.0;66.0;32.0;121.0;30.0;64.0;29.0;0.0;0.0;0.0;0.0;0.0;0.0;0.0;0.0;0.0;0.0;0.0;0.0;0.0;0.0;0.0;0.0;"2024-02-15 09:44:47"
"2024-02-15";"C";"7-8 AM";17700.0;100500.0;38920.0;73.0;54935.0;55485.0;3160.0;2275.0;1900.0;1919.0;390.0;0.0;0.0;4110.0;0.0;0.0;590.0;0.0;0.0;680.0;0.0;0.0;3694.0;0.0;0.0;1026.0;0.0;0.0;160.0;31.0;110.0;32.0;265.0;32.0;0.0;0.0;0.0;0.0;0.0;0.0;0.0;0.0;0.0;0.0;0.0;0.0;0.0;0.0;0.0;0.0;"2024-02-16 09:57:28"
"2024-02-16";"C";"7-8 AM";5800.0;97000.0;37600.0;72.0;52488.0;53582.0;3440.0;1950.0;1824.0;1862.0;425.0;92.0;31.0;4025.0;97.0;36.0;450.0;98.0;34.0;580.0;96.0;39.0;3261.0;99.0;35.0;1108.0;73.0;36.0;99.0;32.0;99.0;31.0;99.0;32.0;0.0;0.0;0.0;0.0;0.0;0.0;0.0;0.0;0.0;0.0;0.0;0.0;0.0;0.0;0.0;0.0;"2024-02-17 10:36:57"
"2024-02-17";"C";"7-8 AM";8600.0;100000.0;38100.0;72.0;55804.0;53616.0;3240.0;2470.0;1938.0;1862.0;380.0;0.0;0.0;4285.0;0.0;0.0;340.0;0.0;0.0;675.0;0.0;0.0;3475.0;0.0;0.0;1216.0;0.0;0.0;188.0;0.0;89.0;0.0;192.0;0.0;0.0;0.0;0.0;0.0;0.0;0.0;0.0;0.0;0.0;0.0;0.0;0.0;0.0;0.0;0.0;0.0;"2024-02-18 10:07:30"
"2024-02-18";"C";"7-8 AM";16700.0;100000.0;38920.0;76.0;55998.0;53802.0;3200.0;2210.0;1938.0;1862.0;333.0;93.0;36.0;4215.0;96.0;37.0;459.0;94.0;29.0;580.0;99.0;34.0;3270.0;95.0;38.0;1053.0;82.0;38.0;290.0;30.0;120.0;30.0;237.0;30.0;0.0;0.0;0.0;0.0;0.0;0.0;0.0;0.0;0.0;0.0;0.0;0.0;0.0;0.0;0.0;0.0;"2024-02-19 09:34:05"
"2024-02-19";"C";"7-8 AM";19500.0;100400.0;38600.0;75.0;55673.0;53927.0;3280.0;2210.0;1938.0;1877.0;0.0;0.0;0.0;4337.0;96.0;36.0;715.0;89.0;34.0;630.0;99.0;38.0;3700.0;96.0;38.0;1212.0;83.0;36.0;111.0;37.0;99.0;36.0;143.0;37.0;0.0;0.0;0.0;0.0;0.0;0.0;0.0;0.0;0.0;0.0;0.0;0.0;0.0;0.0;0.0;0.0;"2024-02-20 10:03:50"
"2024-02-20";"C";"7-8 AM";33900.0;100600.0;38640.0;75.0;55750.0;54220.0;3200.0;2405.0;1836.0;1786.0;330.0;0.0;0.0;4420.0;0.0;0.0;350.0;0.0;0.0;670.0;0.0;0.0;3313.0;0.0;0.0;1110.0;0.0;0.0;277.0;36.0;102.0;37.0;255.0;36.0;0.0;0.0;0.0;0.0;0.0;0.0;0.0;0.0;0.0;0.0;0.0;0.0;0.0;0.0;0.0;0.0;"2024-02-21 09:21:30"
"2024-02-21";"C";"7-8 AM";45300.0;100000.0;39200.0;75.0;56360.0;54150.0;3440.0;2275.0;1836.0;1764.0;675.0;94.0;34.0;4270.0;97.0;37.0;335.0;85.0;35.0;620.0;98.0;35.0;3172.0;97.0;37.0;1311.0;75.0;38.0;169.0;34.0;148.0;37.0;148.0;35.0;0.0;0.0;0.0;0.0;0.0;0.0;0.0;0.0;0.0;0.0;0.0;0.0;0.0;0.0;0.0;0.0;"2024-02-22 09:37:31"
"2024-02-22";"C";"7-8 AM";51800.0;95900.0;38270.0;72.0;54544.0;52206.0;3280.0;2210.0;1764.0;1688.0;735.0;0.0;0.0;3052.0;0.0;0.0;670.0;0.0;0.0;660.0;0.0;0.0;3359.0;0.0;0.0;1093.0;0.0;0.0;314.0;35.0;137.0;35.0;277.0;36.0;0.0;0.0;0.0;0.0;0.0;0.0;0.0;0.0;0.0;0.0;0.0;0.0;0.0;0.0;0.0;0.0;"2024-02-23 09:46:57"
"2024-02-23";"C";"7-8 AM";48200.0;100200.0;39600.0;72.0;56268.0;54282.0;3360.0;2470.0;1836.0;1771.0;465.0;0.0;0.0;4085.0;0.0;0.0;575.0;0.0;0.0;610.0;0.0;0.0;3542.0;0.0;0.0;1190.0;0.0;0.0;80.0;36.0;15.0;36.0;343.0;35.0;0.0;0.0;0.0;0.0;0.0;0.0;0.0;0.0;0.0;0.0;0.0;0.0;0.0;0.0;0.0;0.0;"2024-02-24 10:03:40"
"2024-02-24";"C";"7-8 AM";42600.0;100000.0;39650.0;71.0;56375.0;54165.0;3160.0;2015.0;1836.0;1764.0;449.0;0.0;0.0;4505.0;0.0;0.0;431.0;0.0;0.0;591.0;0.0;0.0;3029.0;0.0;0.0;1034.0;0.0;0.0;302.0;34.0;75.0;35.0;424.0;35.0;0.0;0.0;0.0;0.0;0.0;0.0;0.0;0.0;0.0;0.0;0.0;0.0;0.0;0.0;0.0;0.0;"2024-02-25 09:13:07"
"2024-02-25";"C";"7-8 AM";34900.0;100500.0;39820.0;72.0;56875.0;54115.0;3240.0;2080.0;1854.0;1764.0;510.0;87.25;33.0;4635.0;95.0;37.0;380.0;95.0;35.0;635.0;99.0;36.0;3635.0;93.0;38.0;1088.0;80.0;38.0;364.0;33.0;51.0;30.0;424.0;32.0;0.0;0.0;0.0;0.0;0.0;0.0;0.0;0.0;0.0;0.0;0.0;0.0;0.0;0.0;0.0;0.0;"2024-02-26 09:22:48"
"2024-02-26";"C";"7-8 AM";15400.0;100200.0;39920.0;75.0;55190.0;55410.0;3280.0;2080.0;1800.0;1807.0;315.0;91.0;34.0;3818.0;95.0;36.0;412.0;98.0;33.0;561.0;99.0;36.0;4054.0;96.0;38.0;1182.0;87.0;37.0;180.0;33.0;75.0;31.0;292.0;32.0;0.0;0.0;0.0;0.0;0.0;0.0;0.0;0.0;0.0;0.0;0.0;0.0;0.0;0.0;0.0;0.0;"2024-02-27 10:31:39"
"2024-02-27";"C";"7-8 AM";3600.0;98000.0;39150.0;76.0;54200.0;54200.0;3360.0;3250.0;1764.0;1964.0;480.0;92.0;36.0;4970.0;97.0;38.0;150.0;98.0;36.0;654.0;99.0;36.0;3673.0;93.0;38.0;1105.0;82.0;38.0;99.0;32.0;97.0;32.0;99.0;33.0;0.0;0.0;0.0;0.0;0.0;0.0;0.0;0.0;0.0;0.0;0.0;0.0;0.0;0.0;0.0;0.0;"2024-02-28 09:48:38"
"2024-02-28";"C";"7-8 AM";6100.0;96500.0;38500.0;74.0;52792.0;54458.0;3360.0;3575.0;1710.0;1764.0;300.0;96.0;35.0;3930.0;97.0;36.0;600.0;95.0;34.0;447.0;99.0;35.0;3940.0;96.0;38.0;1070.0;81.0;39.0;182.0;33.0;121.0;32.0;252.0;33.0;0.0;0.0;0.0;0.0;0.0;0.0;0.0;0.0;0.0;0.0;0.0;0.0;0.0;0.0;0.0;0.0;"2024-02-29 14:57:29"
"2024-02-28";"C";"7-8 AM";6100.0;96500.0;38500.0;74.0;52792.0;54458.0;3360.0;3575.0;1710.0;1764.0;300.0;96.0;35.0;3930.0;97.0;36.0;600.0;95.0;34.0;447.0;99.0;35.0;3940.0;96.0;38.0;1070.0;81.0;39.0;182.0;33.0;121.0;32.0;252.0;33.0;0.0;0.0;0.0;0.0;0.0;0.0;0.0;0.0;0.0;0.0;0.0;0.0;0.0;0.0;0.0;0.0;"2024-02-29 14:57:29"
"2024-02-29";"C";"7-8 AM";5000.0;96600.0;39320.0;73.0;54681.0;53119.0;3240.0;3250.0;1764.0;1714.0;270.0;0.0;0.0;4680.0;0.0;0.0;550.0;0.0;0.0;461.0;0.0;36.0;3851.0;0.0;40.0;1051.0;0.0;38.0;75.0;32.0;41.0;33.0;215.0;32.0;0.0;0.0;0.0;0.0;0.0;0.0;0.0;0.0;0.0;0.0;0.0;0.0;0.0;0.0;0.0;0.0;"2024-03-01 09:32:29"
"2024-03-01";"C";"7-8 AM";34900.0;35500.0;14810.0;75.0;20180.0;19620.0;1440.0;1300.0;648.0;630.0;238.0;0.0;0.0;2370.0;0.0;0.0;163.0;0.0;0.0;245.0;0.0;0.0;1760.0;0.0;0.0;515.0;0.0;0.0;30.0;33.0;0.0;0.0;50.0;34.0;0.0;0.0;0.0;0.0;0.0;0.0;0.0;0.0;0.0;0.0;0.0;0.0;0.0;0.0;0.0;0.0;"2024-03-02 11:02:23"
"2024-03-02";"C";"7-8 AM";7000.0;96000.0;38690.0;76.0;52581.0;54819.0;3440.0;2145.0;1692.0;1764.0;290.0;0.0;0.0;3895.0;0.0;0.0;317.0;0.0;0.0;949.0;0.0;0.0;3285.0;0.0;0.0;835.0;0.0;0.0;70.0;32.0;45.0;35.0;162.0;33.0;0.0;0.0;0.0;0.0;0.0;0.0;0.0;0.0;0.0;0.0;0.0;0.0;0.0;0.0;0.0;0.0;"2024-03-03 11:11:53"
"2024-03-03";"C";"7-8 AM";3000.0;67200.0;27750.0;74.0;37602.0;38508.0;2880.0;2015.0;1195.0;1224.0;250.0;97.0;35.0;3425.0;97.0;36.0;455.0;94.0;35.0;867.0;99.0;35.0;3170.0;97.0;37.0;605.0;83.0;36.0;138.0;29.0;47.0;30.0;175.0;30.0;0.0;0.0;0.0;0.0;0.0;0.0;0.0;0.0;0.0;0.0;0.0;0.0;0.0;0.0;0.0;0.0;"2024-03-04 10:17:09"
"2024-03-04";"C";"7-8 AM";21900.0;70300.0;28290.0;75.0;38691.0;40609.0;2080.0;1300.0;1235.0;1296.0;105.0;99.0;35.0;2882.0;98.0;36.0;145.0;90.0;35.0;390.0;99.0;35.0;1909.0;97.0;36.0;575.0;85.0;37.0;140.0;32.0;44.0;30.0;193.0;32.0;0.0;0.0;0.0;0.0;0.0;0.0;0.0;0.0;0.0;0.0;0.0;0.0;0.0;0.0;0.0;0.0;"2024-03-05 10:19:35"
"2024-03-05";"C";"7-8 AM";30300.0;100300.0;39960.0;75.0;55247.0;57153.0;2560.0;2015.0;1775.0;1836.0;542.0;97.0;34.0;3620.0;97.0;36.0;235.0;86.0;33.0;620.0;99.0;35.0;3588.0;95.0;37.0;972.0;90.0;37.0;94.0;32.0;163.0;30.0;213.0;31.0;0.0;0.0;0.0;0.0;0.0;0.0;0.0;0.0;0.0;0.0;0.0;0.0;0.0;0.0;0.0;0.0;"2024-03-06 10:11:29"
"2024-03-06";"C";"7-8 AM";33400.0;100000.0;40230.0;75.0;55925.0;55925.0;2720.0;2145.0;1800.0;1800.0;105.0;95.0;35.0;3655.0;98.0;36.0;415.0;93.0;34.0;630.0;99.0;35.0;3295.0;96.0;37.0;773.0;94.0;38.0;135.0;35.0;80.0;31.0;262.0;31.0;0.0;0.0;0.0;0.0;0.0;0.0;0.0;0.0;0.0;0.0;0.0;0.0;0.0;0.0;0.0;0.0;"2024-03-07 10:08:04"
"2024-03-07";"C";"7-8 AM";33100.0;97200.0;39460.0;76.0;54646.0;53314.0;4000.0;3380.0;1771.0;1728.0;325.0;90.0;38.0;4475.0;97.0;38.0;915.0;95.0;35.0;625.0;99.0;35.0;3389.0;94.0;38.0;700.0;85.0;38.0;165.0;29.0;120.0;31.0;199.0;30.0;0.0;0.0;0.0;0.0;0.0;0.0;0.0;0.0;0.0;0.0;0.0;0.0;0.0;0.0;0.0;0.0;"2024-03-08 09:46:01"
"2024-03-08";"C";"7-8 AM";32200.0;98000.0;76.0;40010.0;55617.0;53393.0;3760.0;2015.0;1800.0;1728.0;505.0;98.0;37.0;4525.0;96.0;38.0;530.0;94.0;33.0;780.0;98.0;37.0;3755.0;97.0;39.0;780.0;79.0;38.0;100.0;29.0;225.0;29.0;320.0;28.0;0.0;0.0;0.0;0.0;0.0;0.0;0.0;0.0;0.0;0.0;0.0;0.0;0.0;0.0;0.0;0.0;"2024-03-09 09:23:57"
"2024-03-09";"C";"7-8 AM";29200.0;97000.0;39540.0;75.0;54794.0;53676.0;3080.0;1820.0;1764.0;1728.0;317.0;98.49;35.0;4205.0;97.83;37.0;398.0;97.91;36.0;571.0;98.8;36.0;3877.0;96.16;38.0;895.0;83.02;38.0;55.0;29.0;175.0;30.0;309.0;28.0;0.0;0.0;0.0;0.0;0.0;0.0;0.0;0.0;0.0;0.0;0.0;0.0;0.0;0.0;0.0;0.0;"2024-03-10 09:22:55"
"2024-03-10";"C";"12-1 AM";25000.0;99500.0;40640.0;75.0;55879.0;55321.0;3160.0;2145.0;1800.0;1782.0;365.0;91.47;37.0;4318.0;96.97;37.0;392.0;98.05;36.0;590.0;98.29;39.0;3798.0;95.22;38.0;1020.0;81.3;38.0;180.0;37.0;130.0;38.0;387.0;37.0;0.0;0.0;0.0;0.0;0.0;0.0;0.0;0.0;0.0;0.0;0.0;0.0;0.0;0.0;0.0;0.0;"2024-03-11 09:25:30"
"2024-03-11";"C";"7-8 AM";8000.0;97600.0;40600.0;76.8;54829.0;54381.0;3000.0;2210.0;1764.0;1750.0;205.0;93.93;35.0;4090.0;96.57;37.0;325.0;92.77;35.0;665.0;98.76;36.0;3631.0;92.9;38.0;1095.0;72.6;38.0;175.0;36.0;107.0;37.0;402.0;37.0;0.0;0.0;0.0;0.0;0.0;0.0;0.0;0.0;0.0;0.0;0.0;0.0;0.0;0.0;0.0;0.0;"2024-03-12 09:33:07"
"2024-03-12";"A";"8-9 AM";0.0;0.0;0.0;0.0;0.0;0.0;0.0;0.0;0.0;0.0;0.0;0.0;0.0;0.0;0.0;0.0;0.0;0.0;0.0;0.0;0.0;0.0;0.0;0.0;0.0;0.0;0.0;0.0;0.0;0.0;0.0;0.0;0.0;0.0;0.0;0.0;0.0;0.0;0.0;0.0;0.0;0.0;0.0;0.0;0.0;0.0;0.0;0.0;0.0;0.0;"2024-03-13 09:54:45"
"2024-03-12";"A";"8-9 AM";8200.0;89300.0;37370.0;77.0;50165.0;49385.0;3480.0;2145.0;1620.0;1595.0;515.0;95.27;36.0;4290.0;97.21;37.0;140.0;89.42;34.0;640.0;97.79;36.0;3680.0;96.37;38.0;877.0;84.44;39.0;169.0;37.0;189.0;37.0;345.0;37.0;0.0;0.0;0.0;0.0;0.0;0.0;0.0;0.0;0.0;0.0;0.0;0.0;0.0;0.0;0.0;0.0;"2024-03-13 10:03:01"
"2024-03-13";"C";"12-1 AM";4000.0;94500.0;39110.0;76.5;53328.0;51662.0;3320.0;2210.0;1728.0;1674.0;505.0;94.4;38.0;4072.0;96.52;40.0;763.0;97.76;36.0;700.0;98.82;37.0;3655.0;96.09;39.0;997.0;86.73;40.0;120.0;38.0;115.0;37.0;38.0;37.0;0.0;0.0;0.0;0.0;0.0;0.0;0.0;0.0;0.0;0.0;0.0;0.0;0.0;0.0;0.0;0.0;"2024-03-14 09:18:30"
"2024-03-14";"A";"8-9 AM";8100.0;93800.0;39110.0;76.0;53941.0;51469.0;3280.0;2080.0;1728.0;1649.0;250.0;92.87;37.0;4490.0;96.08;37.0;430.0;97.24;37.0;585.0;99.06;37.0;3110.0;95.95;38.0;983.0;81.69;38.0;211.0;38.0;155.0;37.0;536.0;37.0;0.0;0.0;0.0;0.0;0.0;0.0;0.0;0.0;0.0;0.0;0.0;0.0;0.0;0.0;0.0;0.0;"2024-03-15 09:37:22"
"2024-03-15";"A";"8-9 AM";14100.0;98000.0;42150.0;75.0;56796.0;54524.0;2680.0;2275.0;1800.0;1728.0;345.0;98.24;35.0;4360.0;96.4;37.0;495.0;98.34;37.0;600.0;98.7;36.0;3403.0;95.54;38.0;1120.0;87.82;38.0;160.0;37.0;130.0;38.0;297.0;37.0;0.0;0.0;0.0;0.0;0.0;0.0;0.0;0.0;0.0;0.0;0.0;0.0;0.0;0.0;0.0;0.0;"2024-03-16 11:33:00"
"2024-03-16";"C";"7-8 AM";19300.0;98100.0;42400.0;75.0;56677.0;54523.0;3960.0;1950.0;1800.0;1732.0;580.0;94.0;37.0;4083.0;96.0;40.0;437.0;94.0;35.0;791.0;98.0;37.0;3290.0;97.0;40.0;953.0;79.0;39.0;242.0;38.0;200.0;37.0;324.0;37.0;0.0;0.0;0.0;0.0;0.0;0.0;0.0;0.0;0.0;0.0;0.0;0.0;0.0;0.0;0.0;0.0;"2024-03-17 09:06:33"
"2024-03-17";"C";"12-1 AM";31600.0;96300.0;42050.0;75.0;55869.0;53931.0;3960.0;2210.0;1764.0;1703.0;327.0;94.0;35.0;4578.0;97.0;40.0;605.0;99.0;35.0;938.0;95.0;40.0;3383.0;98.0;37.0;825.0;87.0;40.0;180.0;37.0;148.0;38.0;616.0;37.0;0.0;0.0;0.0;0.0;0.0;0.0;0.0;0.0;0.0;0.0;0.0;0.0;0.0;0.0;0.0;0.0;"2024-03-18 09:14:37"
"2024-03-18";"C";"7-8 AM";36600.0;96000.0;42120.0;76.0;55947.0;53663.0;3480.0;2145.0;1764.0;1692.0;376.0;88.0;35.0;4280.0;97.0;38.0;403.0;96.0;35.0;697.0;98.0;36.0;3538.0;95.0;39.0;964.0;85.0;39.0;70.0;35.0;50.0;35.0;305.0;36.0;0.0;0.0;0.0;0.0;0.0;0.0;0.0;0.0;0.0;0.0;0.0;0.0;0.0;0.0;0.0;0.0;"2024-03-19 09:31:38"
"2024-03-19";"C";"7-8 AM";37600.0;98700.0;43150.0;76.0;56986.0;55504.0;4560.0;2145.0;1800.0;1753.0;335.0;92.0;36.0;4240.0;96.0;38.0;487.0;97.0;35.0;625.0;99.0;36.0;3345.0;95.0;40.0;928.0;87.0;39.0;138.0;37.0;186.0;36.0;465.0;38.0;0.0;0.0;0.0;0.0;0.0;0.0;0.0;0.0;0.0;0.0;0.0;0.0;0.0;0.0;0.0;0.0;"2024-03-20 09:09:21"
"2024-03-20";"C";"7-8 AM";37800.0;98205.0;42620.0;74.0;59203.0;51347.0;3800.0;2275.0;1872.0;1624.0;382.0;92.0;36.0;5411.0;95.0;38.0;477.0;95.0;36.0;1031.0;99.0;36.0;3414.0;95.0;39.0;946.0;75.0;39.0;323.0;38.0;117.0;37.0;369.0;38.0;0.0;0.0;0.0;0.0;0.0;0.0;0.0;0.0;0.0;0.0;0.0;0.0;0.0;0.0;0.0;0.0;"2024-03-21 09:19:30"
"2024-03-21";"C";"7-8 AM";46900.0;95200.0;42120.0;73.0;53868.0;54782.0;1131.0;2119.0;1794.0;1824.0;170.0;89.0;36.0;4720.0;96.0;39.0;625.0;91.0;37.0;900.0;98.85;38.0;3638.0;96.0;38.0;858.0;85.0;39.0;130.0;37.0;90.0;37.0;205.0;38.0;0.0;0.0;0.0;0.0;0.0;0.0;0.0;0.0;0.0;0.0;0.0;0.0;0.0;0.0;0.0;0.0;"2024-03-22 09:33:41"
"2024-03-22";"C";"7-8 AM";56100.0;88100.0;39100.0;75.0;50277.0;50163.0;2380.0;1000.0;1672.0;1672.0;300.0;93.0;37.0;4925.0;95.0;39.0;448.0;91.0;35.0;960.0;98.0;39.0;3337.0;95.0;39.0;975.0;86.0;39.0;65.0;37.0;50.0;37.0;295.0;37.0;0.0;0.0;0.0;0.0;0.0;0.0;0.0;0.0;0.0;0.0;0.0;0.0;0.0;0.0;0.0;0.0;"2024-03-23 09:14:28"
"2024-03-23";"C";"7-8 AM";60100.0;67000.0;30000.0;75.0;35000.0;32000.0;1344.0;2036.0;1330.0;1216.0;130.0;93.0;36.0;2950.0;97.0;39.0;620.0;97.0;37.0;400.0;0.0;0.0;0.0;0.0;0.0;0.0;0.0;0.0;0.0;0.0;0.0;0.0;0.0;0.0;0.0;0.0;0.0;0.0;0.0;0.0;0.0;0.0;0.0;0.0;0.0;0.0;0.0;0.0;0.0;0.0;"2024-03-24 09:42:20"
"2024-03-23";"C";"7-8 AM";0.0;0.0;0.0;0.0;0.0;0.0;0.0;0.0;0.0;0.0;0.0;0.0;0.0;0.0;0.0;0.0;0.0;0.0;0.0;400.0;95.0;38.0;2415.0;99.0;36.0;1025.0;87.0;39.0;250.0;37.0;55.0;37.0;85.0;38.0;0.0;0.0;0.0;0.0;0.0;0.0;0.0;0.0;0.0;0.0;0.0;0.0;0.0;0.0;0.0;0.0;"2024-03-24 09:44:10"
"2024-03-24";"C";"7-8 AM";39200.0;97500.0;43500.0;72.0;56933.0;54087.0;2400.0;1695.0;1900.0;1805.0;190.0;93.0;38.0;4925.0;97.0;39.0;617.0;93.0;39.0;997.0;99.0;37.0;3230.0;97.0;40.0;1106.0;82.0;39.0;135.0;39.0;65.0;38.0;175.0;40.0;0.0;0.0;0.0;0.0;0.0;0.0;0.0;0.0;0.0;0.0;0.0;0.0;0.0;0.0;0.0;0.0;"2024-03-25 09:24:04"
"2024-03-25";"C";"7-8 AM";3900.0;75000.0;33600.0;72.0;40992.0;44408.0;2795.0;1625.0;1368.0;1482.0;10.0;0.0;0.0;3860.0;96.0;39.0;0.0;0.0;0.0;825.0;98.0;37.0;3115.0;96.0;39.0;836.0;84.0;39.0;0.0;0.0;0.0;0.0;190.0;37.0;0.0;0.0;0.0;0.0;0.0;0.0;0.0;0.0;0.0;0.0;0.0;0.0;0.0;0.0;0.0;0.0;"2024-03-26 09:32:32"
"2024-03-26";"C";"7-8 AM";18100.0;71000.0;31730.0;73.0;42140.0;38724.0;1650.0;1600.0;1404.0;1283.0;280.0;94.0;37.0;3630.0;96.0;39.0;440.0;87.0;36.0;635.0;98.0;37.0;2140.0;95.0;38.0;825.0;85.0;39.0;125.0;37.0;40.0;36.0;0.0;0.0;0.0;0.0;0.0;0.0;0.0;0.0;0.0;0.0;0.0;0.0;0.0;0.0;0.0;0.0;0.0;0.0;"2024-03-27 09:32:34"
"2024-03-27";"C";"7-8 AM";29800.0;83000.0;37500.0;73.0;49030.0;45610.0;2644.0;1971.0;1634.0;1520.0;225.0;93.0;37.0;3565.0;97.0;39.0;735.0;92.0;37.0;915.0;99.0;38.0;2944.0;96.0;39.0;760.0;92.0;40.0;50.0;39.0;40.0;38.0;106.0;38.0;0.0;0.0;0.0;0.0;0.0;0.0;0.0;0.0;0.0;0.0;0.0;0.0;0.0;0.0;0.0;0.0;"2024-03-28 09:33:10"
"2024-03-28";"C";"7-8 AM";29600.0;91500.0;41100.0;73.0;57443.0;46637.0;2149.0;1881.0;1919.0;1558.0;180.0;93.0;37.0;4956.0;97.0;39.0;880.0;95.0;38.0;737.0;99.0;38.0;2695.0;96.0;39.0;803.0;87.0;39.0;0.0;0.0;0.0;0.0;0.0;0.0;0.0;0.0;0.0;0.0;0.0;0.0;0.0;0.0;0.0;0.0;0.0;0.0;0.0;0.0;0.0;0.0;"2024-03-29 09:06:43"
"2024-03-29";"C";"7-8 AM";45700.0;69000.0;30600.0;77.0;43359.0;35291.0;2445.0;2040.0;1444.0;1178.0;180.0;92.0;37.0;5125.0;97.0;39.0;740.0;97.0;36.0;640.0;99.0;38.0;640.0;96.0;40.0;930.0;85.0;39.0;70.0;39.0;60.0;38.0;280.0;38.0;0.0;0.0;0.0;0.0;0.0;0.0;0.0;0.0;0.0;0.0;0.0;0.0;0.0;0.0;0.0;0.0;"2024-03-30 09:31:08"
"2024-03-30";"C";"7-8 AM";52500.0;52500.0;23860.0;77.0;30692.0;28988.0;1246.0;969.0;1026.0;969.0;42.0;93.11;40.0;2808.0;95.71;38.0;247.0;92.75;37.0;360.0;99.27;37.0;1853.0;96.49;39.0;544.0;85.11;40.0;97.0;38.0;59.0;39.0;190.0;38.0;0.0;0.0;0.0;0.0;0.0;0.0;0.0;0.0;0.0;0.0;0.0;0.0;0.0;0.0;0.0;0.0;"2024-03-31 09:41:42"
"2024-03-31";"A";"9-10 AM";45900.0;94400.0;42180.0;78.0;54147.0;52343.0;2170.0;1990.0;1824.0;1763.0;195.0;96.71;39.0;4630.0;95.66;39.0;715.0;95.29;39.0;577.0;98.77;39.0;3204.0;95.76;40.0;787.0;88.55;40.0;90.0;38.0;45.0;37.0;242.0;38.0;0.0;0.0;0.0;0.0;0.0;0.0;0.0;0.0;0.0;0.0;0.0;0.0;0.0;0.0;0.0;0.0;"2024-04-01 10:40:08"
"2024-04-01";"A";"8-9 AM";50600.0;92900.0;42200.0;78.0;52175.0;53425.0;2200.0;2025.0;1744.0;1786.0;195.0;94.39;37.0;4428.0;95.32;39.0;337.0;95.41;37.0;595.0;99.37;39.0;3410.0;94.98;39.0;853.0;88.55;39.0;137.0;38.0;62.0;39.0;386.0;39.0;0.0;0.0;0.0;0.0;0.0;0.0;0.0;0.0;0.0;0.0;0.0;0.0;0.0;0.0;0.0;0.0;"2024-04-02 10:56:17"
"2024-04-02";"A";"8-9 AM";46600.0;92400.0;41700.0;77.0;52777.0;52323.0;2080.0;1625.0;1748.0;1763.0;380.0;96.93;39.0;4720.0;97.23;39.0;420.0;91.58;38.0;353.0;99.22;39.0;3677.0;94.64;39.0;833.0;84.82;39.0;115.0;28.0;140.0;29.0;408.0;29.0;0.0;0.0;0.0;0.0;0.0;0.0;0.0;0.0;0.0;0.0;0.0;0.0;0.0;0.0;0.0;0.0;"2024-04-03 10:34:32"
"2024-04-03";"A";"8-9 AM";49200.0;91400.0;41530.0;77.0;50350.0;53300.0;2190.0;2100.0;1687.0;1786.0;230.0;98.3;38.0;4670.0;96.21;39.0;445.0;94.48;38.0;420.0;98.88;39.0;3610.0;94.11;39.0;1025.0;93.29;39.0;100.0;29.0;65.0;30.0;387.0;30.0;0.0;0.0;0.0;0.0;0.0;0.0;0.0;0.0;0.0;0.0;0.0;0.0;0.0;0.0;0.0;0.0;"2024-04-04 09:55:39"
"2024-04-04";"A";"8-9 AM";47800.0;92400.0;42040.0;78.0;53516.0;51694.0;2090.0;2135.0;1786.0;1725.0;325.0;98.83;39.0;4657.0;96.31;40.0;445.0;97.7;38.0;449.0;98.95;41.0;3444.0;95.35;41.0;1260.0;85.32;41.0;100.0;38.0;71.0;35.0;401.0;35.0;0.0;0.0;0.0;0.0;0.0;0.0;0.0;0.0;0.0;0.0;0.0;0.0;0.0;0.0;0.0;0.0;"2024-04-05 09:27:38"
"2024-04-05";"A";"8-9 AM";41800.0;93300.0;42560.0;77.0;53840.0;52360.0;2225.0;2000.0;1797.0;1748.0;385.0;94.64;40.0;4510.0;94.33;41.0;405.0;95.92;40.0;660.0;98.53;40.0;3195.0;94.73;41.0;1095.0;86.04;41.0;130.0;38.0;85.0;98.89;220.0;39.0;0.0;0.0;0.0;0.0;0.0;0.0;0.0;0.0;0.0;0.0;0.0;0.0;0.0;0.0;0.0;0.0;"2024-04-06 09:44:33"
"2024-04-06";"A";"8-9 AM";37100.0;94300.0;43200.0;75.0;54439.0;52511.0;2348.0;2137.0;1828.0;1759.0;350.0;92.18;39.0;4480.0;94.04;40.0;415.0;97.7;39.0;787.0;98.86;40.0;3455.0;96.16;41.0;885.0;80.85;40.0;128.0;30.0;95.0;38.0;315.0;32.0;0.0;0.0;0.0;0.0;0.0;0.0;0.0;0.0;0.0;0.0;0.0;0.0;0.0;0.0;0.0;0.0;"2024-04-07 09:46:43"
"2024-04-07";"C";"7-8 AM";29500.0;92000.0;42130.0;76.0;53314.0;51046.0;2400.0;2215.0;1786.0;1710.0;435.0;89.16;39.0;5115.0;92.77;41.0;570.0;95.44;39.0;695.0;97.21;40.0;3742.0;92.86;41.0;788.0;89.44;41.0;102.0;38.0;75.0;37.0;213.0;38.0;0.0;0.0;0.0;0.0;0.0;0.0;0.0;0.0;0.0;0.0;0.0;0.0;0.0;0.0;0.0;0.0;"2024-04-08 09:13:44"
"2024-04-08";"C";"7-8 AM";16100.0;93200.0;42150.0;73.0;53046.0;52144.0;2400.0;2150.0;1786.0;1756.0;0.0;0.0;0.0;0.0;0.0;0.0;0.0;0.0;0.0;0.0;0.0;0.0;0.0;0.0;0.0;0.0;0.0;0.0;0.0;0.0;0.0;0.0;0.0;0.0;0.0;0.0;0.0;0.0;0.0;0.0;0.0;0.0;0.0;0.0;0.0;0.0;0.0;0.0;0.0;0.0;"2024-04-09 09:34:10"
"2024-04-09";"C";"7-8 AM";0.0;87100.0;0.0;0.0;50042.0;49018.0;2300.0;2250.0;1672.0;1638.0;325.0;88.25;39.0;4600.0;94.9;40.0;625.0;91.77;39.0;520.0;97.08;40.0;3560.0;95.11;41.0;864.0;90.0;40.0;135.0;38.0;198.0;38.0;316.0;39.0;0.0;0.0;0.0;0.0;0.0;0.0;0.0;0.0;0.0;0.0;0.0;0.0;0.0;0.0;0.0;0.0;"2024-04-10 09:56:12"
"2024-04-09";"C";"7-8 AM";8900.0;0.0;40050.0;73.0;0.0;0.0;0.0;0.0;0.0;0.0;0.0;0.0;0.0;0.0;0.0;0.0;0.0;0.0;0.0;0.0;0.0;0.0;0.0;0.0;0.0;0.0;0.0;0.0;0.0;0.0;0.0;0.0;0.0;0.0;0.0;0.0;0.0;0.0;0.0;0.0;0.0;0.0;0.0;0.0;0.0;0.0;0.0;0.0;0.0;0.0;"2024-04-10 10:07:34"
"2024-04-10";"C";"7-8 AM";11200.0;71700.0;33070.0;75.0;38827.0;43053.0;2250.0;2300.0;1293.0;1433.0;70.0;83.5;40.0;4150.0;95.3;40.0;595.0;91.16;39.0;896.0;98.84;40.0;3391.0;95.69;40.0;697.0;88.71;41.0;39.0;38.0;70.0;38.0;398.0;39.0;0.0;0.0;0.0;0.0;0.0;0.0;0.0;0.0;0.0;0.0;0.0;0.0;0.0;0.0;0.0;0.0;"2024-04-11 10:11:15"
"2024-04-11";"C";"7-8 AM";8300.0;71000.0;33070.0;76.0;39306.0;42774.0;2025.0;2200.0;1292.0;1406.0;0.0;0.0;0.0;3795.0;94.62;40.0;365.0;96.49;39.0;865.0;98.93;40.0;3068.0;95.65;41.0;810.0;88.48;41.0;85.0;38.0;0.0;0.0;185.0;39.0;0.0;0.0;0.0;0.0;0.0;0.0;0.0;0.0;0.0;0.0;0.0;0.0;0.0;0.0;0.0;0.0;"2024-04-12 10:11:09"
"2024-04-12";"C";"7-8 AM";26000.0;58400.0;28040.0;74.0;36612.0;35408.0;1365.0;1950.0;1064.0;1155.0;140.0;93.52;39.0;2720.0;95.97;41.0;365.0;95.78;40.0;410.0;98.17;41.0;3006.0;95.81;42.0;685.0;94.14;41.0;80.0;40.0;110.0;39.0;36.0;40.0;0.0;0.0;0.0;0.0;0.0;0.0;0.0;0.0;0.0;0.0;0.0;0.0;0.0;0.0;0.0;0.0;"2024-04-13 10:52:25"
"2024-04-13";"C";"7-8 AM";19900.0;74800.0;35620.0;73.0;40089.0;47081.0;2045.0;2700.0;1307.0;1535.0;235.0;93.41;40.0;3535.0;95.89;41.0;290.0;90.84;41.0;848.0;98.64;41.0;3226.0;96.73;42.0;1040.0;90.89;41.0;0.0;0.0;0.0;0.0;121.0;99.31;0.0;0.0;0.0;0.0;0.0;0.0;0.0;0.0;0.0;0.0;0.0;0.0;0.0;0.0;0.0;0.0;"2024-04-14 10:35:23"
"2024-04-14";"C";"7-8 AM";15800.0;74500.0;37000.0;72.0;35266.0;52314.0;2128.0;2617.0;1140.0;1691.0;290.0;93.1;42.0;3065.0;96.47;42.0;465.0;92.87;41.0;752.0;99.05;42.0;3449.0;96.83;42.0;807.0;83.46;41.0;91.0;39.0;362.0;39.0;403.0;39.0;0.0;0.0;0.0;0.0;0.0;0.0;0.0;0.0;0.0;0.0;0.0;0.0;0.0;0.0;0.0;0.0;"2024-04-15 09:47:31"
"2024-04-15";"C";"7-8 AM";600.0;72700.0;36350.0;73.0;38026.0;48364.0;2275.0;2470.0;1216.0;1547.0;205.0;92.81;41.0;3190.0;97.44;42.0;465.0;98.4;40.0;357.0;98.86;42.0;3308.0;95.88;42.0;855.0;90.85;41.0;60.0;38.0;150.0;39.0;205.0;39.0;0.0;0.0;0.0;0.0;0.0;0.0;0.0;0.0;0.0;0.0;0.0;0.0;0.0;0.0;0.0;0.0;"2024-04-16 09:45:25"
"2024-04-16";"C";"7-8 AM";600.0;44800.0;23383.0;72.5;22753.0;30897.0;1570.0;3500.0;1570.0;3500.0;275.0;89.86;40.0;2490.0;95.64;41.0;290.0;96.75;41.0;543.0;98.24;41.0;2999.0;96.43;41.0;762.0;87.94;41.0;0.0;0.0;11.0;39.0;0.0;0.0;0.0;0.0;0.0;0.0;0.0;0.0;0.0;0.0;0.0;0.0;0.0;0.0;0.0;0.0;0.0;0.0;"2024-04-17 11:13:37"
"2024-11-07";"A";"8-9 AM";0.0;0.0;0.0;0.0;0.0;0.0;0.0;0.0;0.0;0.0;0.0;0.0;0.0;0.0;0.0;0.0;0.0;0.0;0.0;0.0;0.0;0.0;0.0;0.0;0.0;0.0;0.0;0.0;0.0;0.0;0.0;0.0;0.0;0.0;0.0;0.0;0.0;0.0;0.0;0.0;0.0;0.0;0.0;0.0;0.0;0.0;0.0;0.0;0.0;0.0;"2024-11-19 16:56:35"
