"Date";"Shift";"Time";"LubePressure_ACC";"LubePressure_MCC";"LubePressure_Shred";"LubePressure_M0";"M0_gsT";"M0_gsB";"M0_gsUF";"M0_psT";"M0_psB";"M0_psUF";"M1_gsT";"M1_gsB";"M1_gsUF";"M1_psT";"M1_psB";"M1_psUF";"M2_gsT";"M2_gsB";"M2_gsUF";"M2_psT";"M2_psB";"M2_psUF";"M3_gsT";"M3_gsB";"M3_gsUF";"M3_psT";"M3_psB";"M3_psUF";"M4_gsT";"M4_gsB";"M4_gsUF";"M4_psT";"M4_psB";"M4_psUF";"timestamp"
"2024-11-24";"A";"2024-11-24 02:51:00";2.3;3.6;3.2;2.5;22.0;23.0;21.0;24.0;23.0;21.0;28.0;25.0;25.0;27.0;28.0;28.0;30.0;33.0;26.0;28.0;33.0;29.0;31.0;29.0;32.0;29.0;32.0;27.0;32.0;29.0;32.0;28.0;30.0;31.0;"2024-11-25 10:53:44"
"2024-11-24";"B";"2024-11-24 09:53:00";2.0;3.6;3.0;2.6;30.0;29.0;30.0;29.0;30.0;28.0;28.0;30.0;29.0;29.0;28.0;36.0;29.0;27.0;28.0;36.0;30.0;32.0;33.0;32.0;29.0;39.0;33.0;38.0;32.0;33.0;31.0;31.0;32.0;30.0;"2024-11-25 10:55:42"
"2024-11-24";"C";"2024-11-24 18:55:00";2.4;3.4;3.0;2.8;28.0;27.0;26.0;28.0;27.0;27.0;30.0;30.0;31.0;31.0;29.0;32.0;31.0;30.0;30.0;32.0;30.0;29.0;31.0;33.0;30.0;30.0;33.0;36.0;33.0;30.0;33.0;33.0;34.0;33.0;"2024-11-25 10:57:53"
"2024-11-26";"A";"2024-11-26 05:52:00";2.0;3.6;3.2;2.6;25.0;23.0;27.0;24.0;25.0;24.0;25.0;24.0;26.0;24.0;26.0;27.0;28.0;27.0;26.0;31.0;33.0;35.0;28.0;24.0;28.0;31.0;34.0;36.0;30.0;33.0;29.0;29.0;32.0;30.0;"2024-11-26 05:55:43"
"2024-11-25";"A";"2024-11-25 02:00:00";2.0;3.4;3.2;2.5;28.0;26.0;30.0;30.0;27.0;27.0;26.0;29.0;28.0;27.0;30.0;29.0;24.0;26.0;28.0;28.0;32.0;36.0;29.0;30.0;31.0;28.0;33.0;32.0;29.0;30.0;31.0;28.0;29.0;30.0;"2024-11-26 11:06:58"
"2024-11-25";"B";"2024-11-25 09:00:00";2.4;3.4;3.3;2.4;29.0;30.0;26.0;28.0;29.0;27.0;30.0;33.0;30.0;29.0;33.0;32.0;28.0;30.0;28.0;31.0;31.0;33.0;29.0;31.0;32.0;33.0;32.0;31.0;33.0;30.0;32.0;31.0;30.0;32.0;"2024-11-26 11:08:52"
"2024-11-25";"C";"2024-11-25 06:00:00";2.4;3.4;3.2;2.4;25.0;25.0;24.0;24.0;23.0;23.0;28.0;30.0;30.0;31.0;27.0;31.0;32.0;30.0;27.0;29.0;30.0;29.0;30.0;28.0;30.0;31.0;29.0;32.0;36.0;32.0;33.0;34.0;30.0;30.0;"2024-11-26 11:10:49"
"2024-11-26";"B";"2024-11-26 13:30:00";2.0;3.8;3.2;2.5;27.0;29.0;26.0;28.0;27.0;27.0;34.0;29.0;30.0;32.0;30.0;29.0;26.0;25.0;28.0;38.0;32.0;36.0;26.0;27.0;28.0;27.0;29.0;35.0;29.0;28.0;27.0;28.0;30.0;29.0;"2024-11-26 16:38:50"
"2024-11-26";"A";"2024-11-27 01:08:00";2.0;3.0;3.0;2.0;25.0;25.0;25.0;25.0;24.0;23.0;28.0;31.0;31.0;31.0;29.0;27.0;32.0;31.0;27.0;29.0;29.0;26.0;30.0;29.0;26.0;31.0;29.0;26.0;36.0;32.0;33.0;32.0;31.0;30.0;"2024-11-27 01:22:20"
"2024-11-27";"A";"2024-11-27 02:07:00";2.0;3.6;3.2;2.6;25.0;23.0;27.0;24.0;25.0;24.0;25.0;24.0;26.0;24.0;26.0;27.0;28.0;27.0;26.0;31.0;33.0;35.0;28.0;24.0;28.0;31.0;34.0;36.0;30.0;33.0;29.0;29.0;32.0;30.0;"2024-11-27 10:08:51"
"2024-11-27";"B";"2024-11-27 10:15:00";2.4;3.6;3.0;2.8;27.0;26.0;26.0;25.0;25.0;26.0;29.0;28.0;29.0;33.0;28.0;31.0;30.0;28.0;28.0;33.0;29.0;29.0;31.0;29.0;31.0;30.0;32.0;32.0;30.0;28.0;28.0;29.0;31.0;30.0;"2024-11-27 14:27:55"
"2024-11-27";"A";"2024-11-27 01:12:00";2.1;3.6;3.0;2.8;28.0;29.0;30.0;29.0;27.0;31.0;30.0;28.0;31.0;31.0;29.0;30.0;31.0;30.0;29.0;32.0;30.0;30.0;31.0;30.0;30.0;30.0;29.0;30.0;34.0;32.0;31.0;31.0;34.0;32.0;"2024-11-28 01:14:53"
"2024-11-27";"C";"2024-11-27 01:25:00";2.4;3.5;3.1;2.5;26.0;26.0;24.0;25.0;24.0;24.0;32.0;28.0;30.0;30.0;34.0;28.0;33.0;30.0;26.0;31.0;34.0;30.0;34.0;32.0;30.0;28.0;32.0;27.0;36.0;28.0;32.0;30.0;29.0;31.0;"2024-11-28 01:28:07"
"2024-11-28";"A";"2024-11-28 08:17:00";2.2;3.7;3.2;2.6;26.0;24.0;22.0;24.0;25.0;24.0;24.0;27.0;24.0;22.0;26.0;22.0;27.0;24.0;23.0;31.0;33.0;36.0;28.0;27.0;24.0;29.0;30.0;30.0;32.0;29.0;28.0;30.0;28.0;30.0;"2024-11-28 08:22:38"
"2024-11-28";"B";"2024-11-28 10:00:00";2.4;3.6;3.0;2.8;25.0;25.0;24.0;24.0;24.0;24.0;27.0;27.0;32.0;29.0;28.0;27.0;29.0;28.0;26.0;31.0;28.0;30.0;29.0;28.0;30.0;29.0;31.0;28.0;30.0;29.0;27.0;28.0;30.0;29.0;"2024-11-28 14:29:18"
"2024-11-29";"A";"2024-11-29 08:29:00";2.0;3.5;3.2;2.5;25.0;24.0;22.0;27.0;26.0;24.0;24.0;23.0;26.0;25.0;24.0;25.0;22.0;24.0;23.0;26.0;27.0;32.0;26.0;25.0;24.0;26.0;29.0;38.0;30.0;25.0;29.0;28.0;26.0;28.0;"2024-11-29 08:32:10"
"2024-11-29";"B";"2024-11-29 11:00:00";2.4;3.6;3.0;2.8;27.0;26.0;26.0;26.0;24.0;24.0;28.0;27.0;28.0;32.0;29.0;29.0;28.0;28.0;27.0;30.0;28.0;29.0;31.0;30.0;28.0;30.0;33.0;30.0;30.0;28.0;27.0;28.0;31.0;30.0;"2024-11-29 16:26:33"
"2024-11-29";"C";"2024-11-29 22:18:00";24.0;3.4;3.0;2.5;26.0;24.0;23.0;27.0;26.0;24.0;29.0;33.0;27.0;28.0;33.0;28.0;34.0;30.0;28.0;29.0;30.0;29.0;30.0;30.0;30.0;30.0;34.0;29.0;29.0;31.0;32.0;34.0;32.0;31.0;"2024-11-29 22:21:08"
"2024-11-30";"A";"2024-11-30 08:45:00";2.0;3.6;3.2;2.6;25.0;24.0;22.0;24.0;23.0;24.0;25.0;24.0;24.0;24.0;23.0;24.0;24.0;22.0;23.0;26.0;24.0;32.0;26.0;25.0;24.0;24.0;31.0;29.0;27.0;29.0;28.0;26.0;28.0;27.0;"2024-11-30 08:46:38"
"2024-11-30";"B";"2024-11-30 11:00:00";2.4;3.5;3.0;2.8;27.0;26.0;26.0;26.0;25.0;24.0;28.0;27.0;32.0;28.0;32.0;29.0;29.0;28.0;29.0;27.0;30.0;28.0;31.0;30.0;28.0;30.0;33.0;30.0;30.0;28.0;27.0;28.0;30.0;30.0;"2024-11-30 16:25:51"
"2024-12-01";"A";"2024-12-01 08:22:00";2.0;3.5;3.0;2.5;26.0;21.0;23.0;25.0;25.0;26.0;27.0;28.0;27.0;27.0;29.0;30.0;28.0;27.0;29.0;27.0;28.0;29.0;30.0;29.0;32.0;29.0;30.0;30.0;29.0;30.0;30.0;28.0;29.0;31.0;"2024-12-01 08:24:08"
"2024-12-01";"B";"2024-12-01 11:00:00";2.4;3.5;3.0;2.8;26.0;26.0;24.0;26.0;24.0;24.0;28.0;29.0;29.0;31.0;28.0;32.0;28.0;28.0;28.0;29.0;30.0;30.0;31.0;28.0;30.0;31.0;29.0;28.0;29.0;28.0;28.0;29.0;30.0;31.0;"2024-12-01 16:18:41"
"2024-12-01";"C";"2024-12-01 22:17:00";2.4;3.4;3.0;2.5;26.0;24.0;24.0;26.0;25.0;23.0;30.0;28.0;27.0;30.0;32.0;28.0;30.0;33.0;30.0;26.0;30.0;21.0;30.0;31.0;31.0;29.0;32.0;31.0;29.0;30.0;29.0;32.0;30.0;31.0;"2024-12-01 22:20:13"
"2024-12-02";"A";"2024-12-02 03:00:00";2.4;3.6;3.1;2.5;24.0;24.0;30.0;23.0;21.0;22.0;23.0;24.0;27.0;32.0;26.0;29.0;26.0;26.0;27.0;28.0;26.0;29.0;28.0;27.0;26.0;30.0;29.0;27.0;30.0;27.0;27.0;26.0;30.0;29.0;"2024-12-02 05:42:17"
"2024-12-03";"A";"2024-12-03 08:00:00";2.4;3.5;3.0;2.8;30.0;25.0;28.0;24.0;24.0;25.0;29.0;28.0;28.0;27.0;27.0;28.0;27.0;28.0;28.0;31.0;27.0;28.0;29.0;27.0;29.0;31.0;28.0;27.0;29.0;29.0;28.0;28.0;30.0;30.0;"2024-12-03 08:27:42"
"2024-12-04";"A";"2024-12-04 08:00:00";2.4;3.5;3.0;2.8;27.0;26.0;27.0;26.0;25.0;2528.0;27.0;27.0;31.0;27.0;31.0;27.0;28.0;27.0;27.0;34.0;27.0;28.0;28.0;27.0;30.0;29.0;29.0;28.0;30.0;30.0;30.0;29.0;29.0;31.0;"2024-12-04 08:21:10"
"2024-12-04";"B";"2024-12-04 09:45:00";2.4;3.4;3.0;2.5;25.0;28.0;28.0;29.0;27.0;26.0;29.0;33.0;33.0;27.0;34.0;28.0;27.0;29.0;29.0;31.0;34.0;35.0;33.0;33.0;31.0;33.0;30.0;31.0;3.0;132.0;33.0;33.0;30.0;32.0;"2024-12-04 16:49:17"
"2024-12-05";"A";"2024-12-05 03:00:00";2.4;3.5;3.0;2.8;28.0;26.0;27.0;26.0;25.0;25.0;29.0;28.0;28.0;32.0;29.0;30.0;28.0;30.0;30.0;32.0;28.0;32.0;30.0;29.0;33.0;31.0;29.0;31.0;30.0;29.0;29.0;29.0;32.0;30.0;"2024-12-05 05:52:06"
"2024-12-05";"B";"2024-12-05 22:50:00";2.4;3.4;3.0;2.5;28.0;28.0;29.0;28.0;27.0;26.0;28.0;27.0;29.0;32.0;30.0;30.0;32.0;32.0;31.0;33.0;35.0;32.0;33.0;31.0;31.0;30.0;31.0;30.0;34.0;31.0;34.0;33.0;31.0;33.0;"2024-12-05 16:54:26"
"2024-12-06";"A";"2024-12-06 02:00:00";2.4;3.5;3.0;2.8;25.0;23.0;25.0;23.0;23.0;22.0;28.0;26.0;26.0;27.0;27.0;26.0;27.0;28.0;27.0;32.0;32.0;30.0;28.0;27.0;26.0;30.0;30.0;29.0;30.0;28.0;28.0;26.0;31.0;29.0;"2024-12-06 08:31:16"
"2024-12-06";"B";"2024-12-06 10:43:00";2.4;3.6;3.0;2.5;25.0;26.0;25.0;31.0;30.0;32.0;31.0;32.0;35.0;36.0;30.0;29.0;28.0;27.0;29.0;30.0;31.0;32.0;32.0;31.0;30.0;35.0;34.0;29.0;33.0;29.0;32.0;30.0;33.0;30.0;"2024-12-06 16:47:21"
"2024-12-06";"C";"2024-12-06 23:26:00";2.0;3.6;2.9;2.5;26.0;25.0;24.0;25.0;26.0;24.0;26.0;26.0;25.0;25.0;24.0;26.0;26.0;24.0;25.0;29.0;30.0;38.0;27.0;24.0;27.0;29.0;35.0;38.0;27.0;29.0;30.0;28.0;28.0;29.0;"2024-12-06 23:28:17"
"2024-12-07";"A";"2024-12-07 04:00:00";2.4;3.5;3.0;2.8;21.0;20.0;21.0;20.0;25.0;24.0;25.0;24.0;24.0;26.0;26.0;26.0;26.0;26.0;25.0;32.0;26.0;27.0;27.0;25.0;25.0;26.0;25.0;27.0;27.0;29.0;27.0;26.0;28.0;27.0;"2024-12-07 06:47:04"
"2024-12-07";"C";"2024-12-07 23:50:00";2.0;3.5;3.0;2.5;24.0;27.0;26.0;26.0;26.0;25.0;25.0;24.0;30.0;24.0;29.0;29.0;30.0;28.0;26.0;28.0;37.0;34.0;27.0;25.0;26.0;30.0;28.0;31.0;28.0;25.0;29.0;26.0;24.0;30.0;"2024-12-07 23:51:36"
"2024-12-08";"A";"2024-12-08 04:00:00";2.4;3.5;3.0;2.8;22.0;21.0;21.0;20.0;20.0;19.0;26.0;25.0;26.0;27.0;25.0;26.0;29.0;28.0;26.0;26.0;27.0;28.0;27.0;25.0;25.0;30.0;27.0;25.0;27.0;26.0;26.0;25.0;29.0;27.0;"2024-12-08 06:25:59"
"2024-12-08";"C";"2024-12-08 23:25:00";2.0;3.4;3.0;2.4;24.0;25.0;26.0;25.0;24.0;23.0;25.0;24.0;23.0;26.0;25.0;24.0;29.0;27.0;31.0;31.0;33.0;37.0;24.0;25.0;27.0;29.0;35.0;31.0;24.0;28.0;29.0;25.0;26.0;30.0;"2024-12-08 23:26:57"
"2024-12-09";"A";"2024-12-09 05:51:00";2.4;3.6;3.0;2.5;24.0;22.0;23.0;22.0;22.0;21.0;27.0;25.0;24.0;28.0;28.0;31.0;29.0;28.0;30.0;28.0;32.0;30.0;29.0;30.0;27.0;27.0;29.0;26.0;28.0;26.0;29.0;30.0;27.0;29.0;"2024-12-09 05:53:36"
"2024-12-09";"B";"2024-12-09 16:11:00";2.0;3.4;3.0;2.5;25.0;27.0;21.0;24.0;26.0;22.0;29.0;25.0;26.0;27.0;24.0;24.0;27.0;25.0;29.0;30.0;32.0;37.0;27.0;27.0;27.0;30.0;32.0;33.0;26.0;30.0;29.0;24.0;27.0;28.0;"2024-12-09 16:12:30"
"2024-12-09";"C";"2024-12-09 18:00:00";2.4;3.4;3.0;2.5;24.0;23.0;23.0;22.0;21.0;21.0;25.0;23.0;26.0;30.0;26.0;29.0;25.0;27.0;30.0;29.0;26.0;32.0;27.0;28.0;27.0;32.0;25.0;26.0;30.0;28.0;26.0;25.0;29.0;29.0;"2024-12-09 20:59:01"
"2024-12-10";"A";"2024-12-10 08:33:00";2.4;3.7;3.0;2.5;21.0;18.0;19.0;21.0;20.0;19.0;26.0;24.0;28.0;19.0;27.0;27.0;28.0;26.0;29.0;28.0;30.0;28.0;29.0;27.0;30.0;28.0;29.0;28.0;28.0;28.0;27.0;30.0;26.0;27.0;"2024-12-10 08:35:53"
"2024-12-10";"B";"2024-12-10 16:51:00";2.4;3.7;3.0;2.5;21.0;18.0;19.0;21.0;20.0;24.0;24.0;30.0;27.0;28.0;30.0;32.0;28.0;26.0;30.0;29.0;30.0;30.0;29.0;27.0;30.0;28.0;29.0;29.0;28.0;30.0;29.0;30.0;26.0;30.0;"2024-12-10 16:52:22"
"2024-12-10";"C";"2024-12-10 22:00:00";2.0;3.4;3.0;2.5;25.0;24.0;24.0;25.0;22.0;23.0;24.0;26.0;26.0;30.0;22.0;25.0;34.0;24.0;30.0;23.0;22.0;24.0;25.0;34.0;24.0;30.0;23.0;25.0;25.0;25.0;26.0;24.0;25.0;26.0;"2024-12-10 22:47:11"
"2024-12-11";"A";"2024-12-11 02:47:00";2.4;3.6;3.0;2.5;21.0;19.0;19.0;21.0;20.0;18.0;26.0;25.0;27.0;28.0;29.0;27.0;29.0;27.0;29.0;27.0;31.0;29.0;29.0;28.0;30.0;28.0;28.0;29.0;27.0;29.0;28.0;29.0;28.0;27.0;"2024-12-11 08:49:19"
"2024-12-14";"C";"2024-12-14 18:00:00";2.5;3.6;3.0;2.8;21.0;20.0;21.0;22.0;19.0;19.0;26.0;24.0;24.0;29.0;25.0;35.0;27.0;24.0;27.0;28.0;27.0;25.0;24.0;27.0;27.0;28.0;26.0;28.0;27.0;25.0;26.0;25.0;29.0;28.0;"2024-12-14 22:38:50"
"2024-12-15";"C";"2024-12-15 20:00:00";2.4;3.6;3.0;2.8;21.0;20.0;21.0;22.0;19.0;19.0;27.0;24.0;25.0;28.0;25.0;29.0;27.0;24.0;26.0;27.0;25.0;27.0;26.0;25.0;24.0;26.0;26.0;28.0;26.0;25.0;25.0;25.0;26.0;27.0;"2024-12-15 22:41:25"
"2024-12-16";"A";"2024-12-16 05:50:00";2.4;3.6;3.0;2.5;21.0;19.0;19.0;21.0;20.0;18.0;26.0;25.0;30.0;28.0;29.0;31.0;29.0;27.0;28.0;27.0;31.0;29.0;29.0;28.0;30.0;28.0;29.0;29.0;27.0;29.0;28.0;29.0;28.0;27.0;"2024-12-16 09:06:26"
"2024-12-16";"C";"2024-12-16 20:00:00";2.5;3.5;3.0;2.5;25.0;24.0;25.0;25.0;23.0;24.0;31.0;27.0;27.0;29.0;25.0;30.0;28.0;28.0;27.0;31.0;29.0;33.0;32.0;28.0;30.0;30.0;31.0;28.0;32.0;29.0;27.0;30.0;29.0;29.0;"2024-12-16 21:58:57"
"2024-12-17";"A";"2024-12-17 06:05:00";2.0;3.8;3.0;2.6;24.0;23.0;23.0;26.0;24.0;28.0;24.0;22.0;22.0;25.0;24.0;26.0;30.0;24.0;24.0;31.0;27.0;36.0;26.0;27.0;28.0;29.0;32.0;35.0;27.0;30.0;32.0;30.0;32.0;34.0;"2024-12-17 06:07:05"
"2024-12-17";"B";"2024-12-17 20:00:00";2.4;3.8;3.0;3.0;22.0;22.0;21.0;20.0;20.0;20.0;28.0;27.0;26.0;28.0;27.0;29.0;27.0;27.0;26.0;28.0;27.0;26.0;28.0;27.0;27.0;26.0;28.0;29.0;28.0;28.0;27.0;28.0;29.0;29.0;"2024-12-17 16:21:51"
"2024-12-17";"C";"2024-12-17 22:49:00";2.5;3.6;3.0;2.5;24.0;24.0;22.0;24.0;25.0;23.0;29.0;26.0;26.0;26.0;30.0;3.0;33.0;29.0;26.0;28.0;33.0;30.0;30.0;26.0;30.0;27.0;29.0;26.0;32.0;28.0;30.0;29.0;28.0;30.0;"2024-12-17 23:50:44"
"2024-12-18";"A";"2024-12-18 06:07:00";2.4;3.6;3.0;2.5;27.0;28.0;24.0;28.0;26.0;26.0;30.0;30.0;28.0;28.0;26.0;31.0;36.0;32.0;29.0;31.0;31.0;30.0;32.0;30.0;32.0;29.0;30.0;31.0;34.0;30.0;32.0;32.0;31.0;33.0;"2024-12-18 06:09:03"
"2024-12-18";"B";"2024-12-18 20:00:00";2.4;3.6;3.0;2.8;26.0;23.0;26.0;23.0;23.0;23.0;26.0;24.0;32.0;27.0;27.0;27.0;33.0;28.0;26.0;30.0;25.0;31.0;31.0;30.0;31.0;31.0;26.0;30.0;30.0;29.0;28.0;28.0;28.0;28.0;"2024-12-18 14:49:26"
"2024-12-18";"C";"2024-12-18 21:03:00";2.5;3.5;3.0;2.5;25.0;24.0;21.0;24.0;25.0;22.0;30.0;28.0;26.0;27.0;31.0;30.0;34.0;30.0;27.0;29.0;32.0;30.0;30.0;27.0;30.0;30.0;30.0;28.0;30.0;29.0;31.0;30.0;28.0;31.0;"2024-12-18 22:07:27"
"2024-12-19";"B";"2024-12-19 14:00:00";2.4;3.7;3.0;2.9;22.0;22.0;21.0;21.0;20.0;20.0;29.0;28.0;27.0;26.0;28.0;29.0;29.0;27.0;26.0;26.0;28.0;26.0;27.0;26.0;27.0;28.0;27.0;28.0;29.0;29.0;27.0;27.0;29.0;29.0;"2024-12-19 16:22:25"
"2024-12-19";"C";"2024-12-19 21:33:00";2.2;3.5;3.0;2.6;23.0;22.0;23.0;24.0;22.0;22.0;29.0;27.0;26.0;27.0;28.0;26.0;34.0;27.0;28.0;28.0;34.0;28.0;29.0;27.0;28.0;32.0;30.0;29.0;28.0;30.0;31.0;29.0;29.0;30.0;"2024-12-19 21:35:04"
"2024-12-20";"A";"2024-12-20 08:26:00";2.0;3.7;3.0;2.5;29.0;24.0;30.0;29.0;28.0;28.0;29.0;30.0;28.0;26.0;31.0;30.0;28.0;26.0;28.0;30.0;27.0;29.0;30.0;32.0;34.0;32.0;26.0;32.0;30.0;29.0;34.0;32.0;26.0;32.0;"2024-12-20 08:27:40"
"2024-12-20";"B";"2024-12-20 14:00:00";2.4;3.6;3.0;2.9;22.0;22.0;22.0;22.0;21.0;21.0;26.0;24.0;24.0;29.0;25.0;30.0;26.0;27.0;25.0;30.0;25.0;30.0;26.0;27.0;26.0;29.0;27.0;31.0;28.0;28.0;28.0;28.0;29.0;29.0;"2024-12-20 16:32:50"
"2024-12-20";"C";"2024-12-20 20:22:00";2.4;3.7;3.0;2.9;25.0;24.0;25.0;25.0;24.0;25.0;28.0;26.0;28.0;29.0;26.0;30.0;30.0;25.0;27.0;28.0;27.0;26.0;29.0;29.0;32.0;28.0;31.0;31.0;29.0;28.0;30.0;30.0;29.0;31.0;"2024-12-20 21:24:22"
"2024-12-21";"B";"2024-12-21 14:00:00";2.4;3.6;3.0;2.8;26.0;24.0;22.0;21.0;24.0;25.0;26.0;24.0;23.0;29.0;26.0;26.0;27.0;28.0;25.0;29.0;25.0;30.0;30.0;28.0;30.0;31.0;28.0;32.0;31.0;30.0;27.0;29.0;30.0;29.0;"2024-12-21 16:33:06"
"2024-12-22";"B";"2024-12-22 14:00:00";2.4;3.6;3.0;2.8;26.0;23.0;26.0;24.0;23.0;23.0;26.0;24.0;32.0;27.0;37.0;27.0;33.0;27.0;33.0;27.0;25.0;31.0;31.0;24.0;31.0;31.0;26.0;30.0;30.0;29.0;28.0;28.0;28.0;28.0;"2024-12-23 05:22:32"
"2024-12-23";"A";"2024-12-23 05:27:00";2.5;3.5;3.0;2.6;20.0;20.0;19.0;18.0;20.0;23.0;23.0;25.0;19.0;23.0;20.0;26.0;24.0;26.0;22.0;26.0;22.0;27.0;26.0;25.0;26.0;29.0;31.0;29.0;27.0;27.0;24.0;25.0;27.0;28.0;"2024-12-23 05:27:55"
"2024-12-23";"B";"2024-12-23 10:36:00";2.0;3.6;3.0;2.5;23.0;25.0;24.0;23.0;24.0;24.0;27.0;29.0;30.0;28.0;30.0;30.0;28.0;30.0;30.0;28.0;29.0;30.0;29.0;28.0;32.0;31.0;31.0;30.0;30.0;28.0;31.0;29.0;28.0;32.0;"2024-12-23 16:38:57"
"2024-12-24";"A";"2024-12-24 02:00:00";2.4;3.5;3.0;2.8;24.0;22.0;23.0;23.0;21.0;21.0;27.0;28.0;27.0;28.0;27.0;27.0;27.0;26.0;28.0;28.0;26.0;28.0;29.0;28.0;26.0;32.0;27.0;36.0;27.0;27.0;27.0;27.0;29.0;28.0;"2024-12-24 06:26:57"
"2024-12-25";"B";"2024-12-25 10:35:00";2.4;3.4;3.0;2.8;24.0;23.0;24.0;24.0;24.0;21.0;29.0;28.0;26.0;29.0;33.0;29.0;29.0;28.0;26.0;29.0;33.0;29.0;30.0;27.0;32.0;30.0;34.0;36.0;32.0;29.0;31.0;28.0;27.0;30.0;"2024-12-25 16:26:29"
"2024-12-25";"A";"2024-12-25 04:00:00";2.4;3.4;3.0;2.8;22.0;21.0;22.0;21.0;19.0;19.0;26.0;29.0;27.0;28.0;25.0;23.0;27.0;26.0;25.0;23.0;25.0;26.0;27.0;26.0;256.0;32.0;26.0;31.0;26.0;26.0;25.0;25.0;27.0;27.0;"2024-12-26 06:32:05"
"2024-12-26";"A";"2024-12-26 02:00:00";2.4;3.5;3.0;2.8;25.0;24.0;24.0;23.0;22.0;21.0;26.0;25.0;28.0;29.0;25.0;28.0;27.0;27.0;29.0;30.0;27.0;28.0;27.0;29.0;28.0;32.0;27.0;31.0;30.0;30.0;28.0;29.0;29.0;29.0;"2024-12-26 06:36:51"
"2024-12-26";"C";"2024-12-26 23:38:00";2.2;3.5;3.0;2.5;28.0;29.0;26.0;25.0;27.0;25.0;28.0;29.0;29.0;29.0;29.0;28.0;30.0;29.0;29.0;28.0;30.0;27.0;31.0;30.0;27.0;28.0;31.0;30.0;31.0;34.0;24.0;29.0;32.0;30.0;"2024-12-26 23:39:04"
"2024-12-27";"A";"2024-12-27 05:30:00";2.2;3.5;3.0;3.5;24.0;22.0;26.0;26.0;24.0;27.0;28.0;28.0;27.0;29.0;29.0;30.0;28.0;28.0;27.0;29.0;30.0;30.0;29.0;29.0;28.0;30.0;29.0;31.0;32.0;24.0;27.0;30.0;31.0;31.0;"2024-12-27 05:30:51"
"2024-12-27";"B";"2024-12-27 10:40:00";2.2;3.4;3.0;2.5;29.0;25.0;28.0;27.0;26.0;25.0;29.0;34.0;30.0;28.0;33.0;30.0;32.0;29.0;33.0;29.0;33.0;35.0;31.0;30.0;31.0;29.0;35.0;31.0;33.0;29.0;32.0;33.0;31.0;33.0;"2024-12-27 16:32:39"
"2024-12-28";"A";"2024-12-28 05:39:00";2.4;3.4;3.0;2.8;24.0;24.0;24.0;24.0;22.0;22.0;27.0;27.0;26.0;28.0;27.0;27.0;27.0;28.0;26.0;27.0;28.0;28.0;29.0;28.0;26.0;31.0;28.0;30.0;32.0;31.0;28.0;28.0;30.0;30.0;"2024-12-28 05:40:39"
"2024-12-29";"A";"2024-12-29 05:57:00";2.4;3.4;3.0;2.8;25.0;25.0;25.0;25.0;22.0;21.0;27.0;28.0;26.0;27.0;27.0;28.0;27.0;26.0;26.0;28.0;24.0;26.0;27.0;28.0;26.0;28.0;27.0;29.0;31.0;30.0;28.0;28.0;29.0;29.0;"2024-12-29 05:57:59"
"2024-12-28";"C";"2024-12-28 06:02:00";2.0;3.3;3.0;2.5;24.0;23.0;24.0;22.0;22.0;23.0;26.0;27.0;26.0;28.0;27.0;28.0;27.0;26.0;26.0;27.0;28.0;28.0;28.0;28.0;27.0;27.0;31.0;29.0;30.0;31.0;27.0;28.0;30.0;29.0;"2024-12-29 06:04:30"
"2024-12-29";"B";"2024-12-29 10:45:00";2.3;3.4;3.1;2.8;28.0;24.0;27.0;26.0;24.0;27.0;28.0;26.0;28.0;27.0;24.0;29.0;32.0;31.0;32.0;30.0;35.0;31.0;24.0;32.0;29.0;30.0;35.0;31.0;33.0;30.0;32.0;32.0;31.0;32.0;"2024-12-29 15:18:10"
"2024-12-30";"A";"2024-12-30 06:23:00";2.3;3.6;3.0;0.0;0.0;0.0;0.0;0.0;0.0;0.0;0.0;0.0;0.0;0.0;0.0;0.0;0.0;0.0;0.0;0.0;0.0;0.0;0.0;0.0;0.0;0.0;0.0;0.0;0.0;0.0;0.0;0.0;0.0;0.0;"2024-12-30 06:23:27"
"2024-12-30";"A";"2024-12-30 06:23:00";2.3;3.6;3.0;2.5;24.0;25.0;25.0;24.0;21.0;21.0;28.0;27.0;30.0;34.0;25.0;25.0;29.0;29.0;28.0;34.0;30.0;34.0;28.0;28.0;29.0;32.0;29.0;31.0;31.0;27.0;29.0;29.0;30.0;31.0;"2024-12-30 06:24:19"
"2024-12-29";"C";"2024-12-29 16:00:00";1.9;3.5;3.0;2.5;27.0;28.0;24.0;25.0;26.0;24.0;27.0;26.0;26.0;33.0;27.0;28.0;31.0;30.0;30.0;34.0;31.0;30.0;28.0;30.0;32.0;34.0;31.0;29.0;34.0;38.0;30.0;29.0;31.0;32.0;"2024-12-30 06:28:18"
"2024-12-31";"A";"2024-12-31 03:15:00";2.4;3.7;3.0;2.5;23.0;23.0;22.0;24.0;23.0;21.0;28.0;30.0;26.0;27.0;34.0;25.0;29.0;28.0;29.0;30.0;32.0;31.0;29.0;28.0;27.0;28.0;32.0;30.0;32.0;28.0;30.0;29.0;29.0;32.0;"2024-12-31 09:11:05"
"2025-01-01";"A";"2025-01-01 05:45:00";2.1;3.8;3.0;2.5;22.0;20.0;23.0;22.0;20.0;23.0;26.0;28.0;25.0;27.0;29.0;24.0;28.0;24.0;27.0;27.0;32.0;29.0;25.0;27.0;26.0;28.0;27.0;29.0;30.0;25.0;27.0;30.0;27.0;27.0;"2025-01-01 06:34:56"
"2025-01-02";"A";"2025-01-02 05:48:00";2.2;3.8;3.0;2.5;24.0;23.0;21.0;24.0;23.0;22.0;28.0;27.0;25.0;22.0;28.0;29.0;28.0;27.0;28.0;28.0;33.0;29.0;27.0;28.0;29.0;27.0;28.0;29.0;32.0;26.0;28.0;30.0;27.0;28.0;"2025-01-02 05:50:10"
"2025-01-02";"C";"2025-01-02 21:20:00";1.8;3.7;3.0;2.9;22.0;21.0;20.0;20.0;18.0;18.0;25.0;24.0;22.0;24.0;24.0;23.0;24.0;24.0;21.0;27.0;23.0;24.0;24.0;23.0;24.0;27.0;26.0;27.0;25.0;25.0;23.0;23.0;26.0;26.0;"2025-01-02 21:21:17"
"2025-01-01";"C";"2025-01-01 18:00:00";1.8;3.8;3.0;2.6;24.0;23.0;24.0;23.0;22.0;21.0;27.0;26.0;26.0;29.0;26.0;25.0;27.0;27.0;25.0;32.0;26.0;29.0;29.0;27.0;27.0;32.0;28.0;32.0;30.0;29.0;27.0;27.0;29.0;29.0;"2025-01-02 21:23:42"
"2024-12-31";"C";"2024-12-31 21:31:00";2.1;3.8;3.0;2.5;22.0;21.0;21.0;20.0;23.0;24.0;25.0;26.0;28.0;29.0;25.0;23.0;28.0;29.0;23.0;31.0;24.0;26.0;25.0;30.0;30.0;25.0;26.0;26.0;28.0;28.0;31.0;20.0;21.0;20.0;"2025-01-02 21:33:08"
"2025-01-07";"B";"2025-01-07 14:31:00";2.0;3.8;3.0;2.7;21.0;23.0;22.0;23.0;19.0;20.0;23.0;24.0;30.0;29.0;23.0;24.0;28.0;25.0;27.0;30.0;29.0;30.0;28.0;26.0;25.0;27.0;24.0;26.0;23.0;27.0;28.0;30.0;29.0;31.0;"2025-01-07 14:32:19"
"2025-01-06";"B";"2025-01-06 14:32:00";2.4;3.8;3.7;2.6;25.0;24.0;24.0;24.0;20.0;21.0;26.0;25.0;28.0;35.0;25.0;28.0;34.0;26.0;30.0;31.0;25.0;34.0;28.0;27.0;27.0;27.0;34.0;26.0;30.0;27.0;35.0;27.0;28.0;28.0;"2025-01-07 14:33:57"
"2025-01-05";"C";"2025-01-05 18:00:00";2.5;3.7;3.0;2.6;23.0;23.0;20.0;19.0;19.0;18.0;27.0;27.0;28.0;29.0;25.0;27.0;26.0;28.0;28.0;28.0;27.0;27.0;29.0;28.0;25.0;30.0;22.0;31.0;24.0;23.0;24.0;26.0;27.0;26.0;"2025-01-07 14:43:33"
"2025-01-04";"C";"2025-01-04 18:43:00";2.6;3.8;3.0;2.6;20.0;20.0;20.0;19.0;19.0;19.0;24.0;25.0;23.0;24.0;24.0;24.0;26.0;25.0;23.0;26.0;24.0;26.0;26.0;25.0;26.0;25.0;25.0;26.0;25.0;24.0;23.0;23.0;25.0;24.0;"2025-01-07 14:44:57"
"2025-01-07";"C";"2025-01-07 18:58:00";2.4;3.8;3.0;2.5;24.0;24.0;20.0;23.0;23.0;20.0;28.0;26.0;25.0;27.0;26.0;25.0;33.0;29.0;30.0;27.0;34.0;28.0;29.0;28.0;30.0;28.0;28.0;27.0;30.0;26.0;30.0;29.0;27.0;28.0;"2025-01-07 21:58:06"
"2025-01-08";"B";"2025-01-08 13:45:00";2.5;3.6;3.0;2.6;22.0;23.0;20.0;21.0;23.0;21.0;27.0;24.0;26.0;25.0;26.0;26.0;30.0;26.0;26.0;26.0;28.0;28.0;26.0;24.0;26.0;26.0;28.0;27.0;28.0;27.0;29.0;28.0;27.0;29.0;"2025-01-08 17:29:00"
"2025-01-09";"B";"2025-01-09 14:16:00";2.5;3.8;3.0;2.6;21.0;22.0;20.0;21.0;18.0;19.0;24.0;23.0;23.0;25.0;24.0;23.0;24.0;24.0;25.0;26.0;25.0;28.0;26.0;24.0;27.0;27.0;26.0;24.0;26.0;26.0;25.0;27.0;26.0;26.0;"2025-01-09 14:17:33"
"2025-01-09";"C";"2025-01-09 19:25:00";2.4;3.6;3.0;2.5;23.0;22.0;21.0;23.0;22.0;21.0;28.0;27.0;26.0;27.0;28.0;26.0;31.0;29.0;29.0;26.0;28.0;27.0;28.0;27.0;27.0;27.0;29.0;26.0;28.0;25.0;29.0;29.0;26.0;29.0;"2025-01-09 22:20:20"
"2025-01-10";"B";"2025-01-10 14:36:00";2.5;3.8;3.0;2.6;22.0;23.0;21.0;22.0;19.0;19.0;26.0;26.0;25.0;26.0;26.0;30.0;26.0;25.0;26.0;27.0;27.0;27.0;27.0;26.0;26.0;27.0;27.0;28.0;24.0;28.0;27.0;28.0;29.0;28.0;"2025-01-10 14:37:43"
"2025-01-10";"C";"2025-01-10 18:09:00";2.4;3.6;3.0;2.5;24.0;22.0;21.0;24.0;22.0;21.0;32.0;29.0;27.0;27.0;29.0;29.0;32.0;28.0;30.0;27.0;28.0;27.0;29.0;26.0;30.0;28.0;27.0;29.0;29.0;27.0;30.0;29.0;26.0;30.0;"2025-01-10 22:11:00"
"2025-01-12";"C";"2025-01-12 18:50:00";2.4;4.0;3.0;2.5;25.0;24.0;21.0;24.0;25.0;23.0;29.0;26.0;27.0;29.0;29.0;28.0;29.0;27.0;31.0;27.0;29.0;29.0;28.0;27.0;29.0;28.0;27.0;27.0;31.0;27.0;29.0;28.0;27.0;29.0;"2025-01-12 22:36:42"
"2025-01-13";"B";"2025-01-13 10:16:00";2.3;3.9;3.0;2.5;26.0;26.0;23.0;26.0;20.0;22.0;36.0;28.0;27.0;27.0;31.0;30.0;32.0;30.0;33.0;29.0;34.0;30.0;29.0;27.0;32.0;29.0;30.0;30.0;29.0;27.0;32.0;29.0;30.0;30.0;"2025-01-13 16:15:57"
"2025-01-14";"B";"2025-01-14 10:58:00";2.3;4.1;3.0;2.5;24.0;23.0;21.0;25.0;23.0;21.0;32.0;30.0;29.0;28.0;27.0;27.0;29.0;31.0;33.0;30.0;31.0;30.0;29.0;27.0;28.0;29.0;30.0;29.0;33.0;30.0;31.0;31.0;28.0;29.0;"2025-01-14 14:58:32"
"2025-01-11";"B";"2025-01-11 14:00:00";2.4;3.7;3.0;2.5;25.0;25.0;24.0;24.0;23.0;23.0;29.0;28.0;28.0;26.0;28.0;27.0;30.0;29.0;27.0;28.0;28.0;29.0;29.0;28.0;262.0;7.0;27.0;28.0;32.0;31.0;30.0;29.0;30.0;29.0;"2025-01-15 05:13:09"
"2025-01-12";"B";"2025-01-12 14:00:00";2.4;4.0;3.0;2.5;25.0;25.0;26.0;25.0;24.0;23.0;28.0;25.0;25.0;230.0;27.0;26.0;29.0;28.0;28.0;31.0;27.0;26.0;29.0;27.0;29.0;29.0;30.0;29.0;31.0;30.0;29.0;29.0;30.0;29.0;"2025-01-15 05:14:56"
"2025-01-13";"A";"2025-01-13 05:23:00";2.5;4.2;3.8;2.8;23.0;21.0;21.0;21.0;19.0;20.0;30.0;24.0;25.0;28.0;22.0;25.0;26.0;25.0;28.0;31.0;26.0;28.0;26.0;26.0;252.0;8.0;23.0;26.0;29.0;26.0;24.0;24.0;27.0;26.0;"2025-01-15 05:24:58"
"2025-01-14";"A";"2025-01-15 05:24:00";2.5;4.0;3.0;2.4;25.0;24.0;24.0;23.0;22.0;21.0;27.0;25.0;26.0;30.0;27.0;26.0;27.0;25.0;26.0;32.0;28.0;26.0;27.0;25.0;25.0;28.0;27.0;26.0;29.0;27.0;27.0;26.0;29.0;27.0;"2025-01-15 05:26:18"
"2025-01-15";"A";"2025-01-15 08:24:00";2.6;4.2;3.0;2.6;24.0;23.0;23.0;23.0;21.0;20.0;26.0;24.0;24.0;25.0;26.0;24.0;25.0;25.0;24.0;29.0;26.0;26.0;26.0;26.0;25.0;26.0;27.0;25.0;29.0;28.0;26.0;25.0;29.0;27.0;"2025-01-15 08:24:57"
"2025-01-16";"B";"2025-01-16 11:45:00";2.5;4.2;3.0;2.6;22.0;20.0;23.0;22.0;21.0;23.0;28.0;27.0;25.0;25.0;27.0;25.0;32.0;27.0;28.0;28.0;34.0;27.0;27.0;25.0;26.0;26.0;26.0;29.0;31.0;27.0;28.0;29.0;27.0;28.0;"2025-01-16 14:44:03"
"2025-01-20";"A";"2025-01-20 06:11:00";2.6;3.9;3.0;2.5;23.0;23.0;19.0;19.0;22.0;22.0;28.0;26.0;27.0;26.0;27.0;27.0;31.0;27.0;31.0;34.0;24.0;32.0;29.0;26.0;25.0;25.0;27.0;28.0;29.0;25.0;27.0;28.0;30.0;27.0;"2025-01-20 09:11:44"
"2025-01-19";"A";"2025-01-20 07:11:00";2.4;3.8;3.0;2.6;21.0;20.0;20.0;18.0;18.0;25.0;24.0;23.0;25.0;26.0;24.0;27.0;24.0;25.0;32.0;25.0;24.0;23.0;25.0;26.0;25.0;24.0;26.0;24.0;28.0;25.0;24.0;24.0;26.0;24.0;"2025-01-20 09:13:18"
"2025-01-23";"A";"2025-01-23 03:40:00";2.8;4.0;3.0;2.5;24.0;22.0;22.0;24.0;22.0;21.0;29.0;27.0;29.0;28.0;28.0;29.0;31.0;30.0;25.0;27.0;34.0;30.0;27.0;28.0;27.0;27.0;28.0;27.0;30.0;26.0;26.0;29.0;29.0;26.0;"2025-01-23 06:31:14"
"2025-01-24";"C";"2025-01-24 21:11:00";2.5;3.7;3.0;2.4;25.0;25.0;24.0;24.0;23.0;23.0;28.0;28.0;27.0;28.0;28.0;29.0;30.0;31.0;28.0;29.0;29.0;30.0;30.0;31.0;28.0;29.0;29.0;30.0;32.0;31.0;29.0;29.0;31.0;30.0;"2025-01-24 21:12:04"
"2025-01-23";"C";"2025-01-23 21:12:00";2.6;3.8;3.0;2.5;24.0;24.0;22.0;22.0;21.0;22.0;26.0;25.0;24.0;24.0;26.0;25.0;27.0;26.0;26.0;29.0;25.0;27.0;26.0;25.0;28.0;26.0;27.0;27.0;30.0;29.0;27.0;26.0;28.0;27.0;"2025-01-24 21:13:45"
"2025-01-22";"C";"2025-01-22 21:21:00";2.7;4.0;3.9;2.8;23.0;22.0;22.0;22.0;19.0;19.0;23.0;23.0;23.0;26.0;24.0;26.0;28.0;25.0;25.0;29.0;26.0;27.0;25.0;26.0;28.0;25.0;26.0;26.0;29.0;28.0;26.0;25.0;26.0;29.0;"2025-01-24 21:22:25"
"2025-01-21";"C";"2025-01-21 21:22:00";2.5;3.7;3.0;2.4;25.0;24.0;25.0;25.0;24.0;23.0;27.0;28.0;26.0;25.0;26.0;27.0;26.0;25.0;25.0;26.0;26.0;27.0;27.0;26.0;26.0;25.0;27.0;28.0;28.0;27.0;27.0;27.0;28.0;28.0;"2025-01-24 21:23:46"
"2025-01-25";"C";"2025-01-25 23:17:00";2.4;3.7;3.0;2.5;26.0;26.0;25.0;25.0;24.0;24.0;30.0;31.0;29.0;30.0;29.0;30.0;30.0;29.0;28.0;28.0;28.0;29.0;29.0;28.0;27.0;28.0;29.0;28.0;30.0;30.0;27.0;28.0;29.0;30.0;"2025-01-25 23:18:13"
"2025-01-27";"C";"2025-01-27 21:14:00";2.4;3.6;3.0;2.5;26.0;25.0;24.0;25.0;25.0;24.0;29.0;28.0;29.0;30.0;27.0;28.0;30.0;29.0;28.0;29.0;30.0;29.0;30.0;29.0;30.0;30.0;28.0;30.0;28.0;25.0;26.0;27.0;27.0;26.0;"2025-01-27 21:16:05"
"2025-01-29";"C";"2025-01-29 20:43:00";2.5;2.9;2.7;2.5;26.0;26.0;24.0;25.0;26.0;23.0;31.0;29.0;28.0;27.0;31.0;30.0;34.0;32.0;32.0;29.0;36.0;36.0;30.0;30.0;31.0;28.0;30.0;30.0;33.0;30.0;31.0;31.0;31.0;33.0;"2025-01-29 20:45:48"
"2025-01-30";"C";"2025-01-30 20:38:00";2.5;2.9;2.6;2.5;26.0;26.0;24.0;25.0;25.0;24.0;29.0;28.0;27.0;27.0;28.0;31.0;30.0;32.0;32.0;27.0;36.0;30.0;31.0;30.0;27.0;28.0;30.0;30.0;30.0;31.0;31.0;27.0;30.0;32.0;"2025-01-30 21:40:58"
"2025-01-31";"C";"2025-01-31 20:25:00";2.4;2.9;2.7;2.4;26.0;25.0;24.0;26.0;26.0;24.0;28.0;27.0;27.0;28.0;27.0;31.0;29.0;32.0;31.0;28.0;34.0;30.0;30.0;30.0;28.0;29.0;30.0;31.0;30.0;31.0;29.0;30.0;32.0;31.0;"2025-01-31 22:18:35"
"2025-02-02";"C";"2025-02-02 21:05:00";2.4;2.8;2.7;2.4;26.0;26.0;24.0;26.0;25.0;24.0;29.0;28.0;29.0;28.0;31.0;28.0;29.0;32.0;32.0;28.0;36.0;29.0;30.0;30.0;27.0;29.0;30.0;29.0;30.0;32.0;32.0;29.0;31.0;32.0;"2025-02-02 23:06:35"
"2025-02-03";"B";"2025-02-03 14:15:00";2.4;2.9;2.8;2.5;27.0;28.0;24.0;26.0;27.0;26.0;30.0;29.0;30.0;28.0;30.0;30.0;33.0;31.0;31.0;29.0;39.0;32.0;30.0;31.0;32.0;30.0;31.0;31.0;32.0;30.0;33.0;31.0;30.0;33.0;"2025-02-03 16:48:36"
"2025-01-29";"B";"2025-01-29 13:29:00";2.5;3.0;3.5;2.4;26.0;24.0;24.0;25.0;22.0;22.0;30.0;28.0;26.0;29.0;26.0;27.0;29.0;27.0;30.0;31.0;28.0;34.0;28.0;26.0;28.0;28.0;27.0;27.0;30.0;28.0;27.0;27.0;28.0;29.0;"2025-02-04 05:32:33"
"2025-01-30";"B";"2025-01-30 13:00:00";2.5;3.0;2.8;2.4;26.0;24.0;24.0;24.0;22.0;22.0;3.0;25.0;26.0;29.0;26.0;27.0;29.0;27.0;30.0;31.0;28.0;33.0;28.0;26.0;28.0;28.0;27.0;27.0;30.0;28.0;27.0;27.0;28.0;29.0;"2025-02-04 05:34:12"
"2025-01-31";"B";"2025-01-31 13:00:00";2.5;3.0;2.7;2.5;26.0;25.0;27.0;24.0;23.0;24.0;27.0;27.0;27.0;30.0;28.0;30.0;31.0;28.0;29.0;33.0;29.0;31.0;28.0;28.0;27.0;31.0;29.0;30.0;31.0;30.0;28.0;30.0;30.0;31.0;"2025-02-04 05:43:57"
"2025-01-01";"B";"2025-02-04 13:00:00";2.4;3.0;2.4;2.9;26.0;26.0;25.0;25.0;24.0;24.0;26.0;27.0;25.0;30.0;28.0;30.0;31.0;28.0;27.0;34.0;28.0;30.0;28.0;28.0;29.0;30.0;27.0;30.0;32.0;30.0;29.0;29.0;31.0;32.0;"2025-02-04 05:47:54"
"2025-02-02";"B";"2025-02-02 17:00:00";2.4;2.9;2.8;2.7;30.0;27.0;28.0;28.0;25.0;26.0;28.0;28.0;27.0;31.0;29.0;32.0;33.0;29.0;29.0;33.0;29.0;33.0;28.0;29.0;29.0;31.0;28.0;32.0;32.0;31.0;30.0;30.0;32.0;32.0;"2025-02-04 05:56:22"
"2025-02-03";"A";"2025-02-03 05:59:00";2.4;2.9;2.9;2.4;22.0;21.0;22.0;22.0;19.0;20.0;21.0;21.0;20.0;24.0;23.0;24.0;28.0;24.0;23.0;28.0;22.0;26.0;23.0;24.0;22.0;25.0;22.0;24.0;26.0;26.0;23.0;24.0;27.0;26.0;"2025-02-04 06:00:37"
"2025-02-04";"A";"2025-02-04 06:00:00";2.6;3.0;3.0;2.4;26.0;27.0;27.0;25.0;25.0;30.0;30.0;29.0;29.0;28.0;30.0;29.0;30.0;31.0;29.0;29.0;28.0;27.0;27.0;27.0;27.0;28.0;28.0;29.0;28.0;28.0;27.0;27.0;29.0;29.0;"2025-02-04 06:02:04"
"2025-02-04";"B";"2025-02-04 14:32:00";2.4;2.9;2.8;2.5;25.0;27.0;23.0;25.0;26.0;25.0;28.0;30.0;28.0;28.0;30.0;28.0;33.0;29.0;30.0;29.0;30.0;34.0;34.0;32.0;33.0;30.0;31.0;32.0;32.0;29.0;32.0;29.0;32.0;33.0;"2025-02-04 14:33:52"
"2025-02-05";"B";"2025-02-05 13:56:00";2.4;2.9;2.8;2.5;25.0;27.0;23.0;25.0;26.0;26.0;28.0;30.0;28.0;28.0;38.0;28.0;33.0;29.0;30.0;29.0;30.0;34.0;34.0;32.0;27.0;30.0;31.0;32.0;32.0;29.0;32.0;29.0;30.0;33.0;"2025-02-05 16:59:35"
"2025-02-09";"A";"2025-02-09 05:36:00";2.6;3.0;3.0;2.4;22.0;22.0;23.0;22.0;19.0;19.0;25.0;26.0;24.0;24.0;24.0;25.0;26.0;26.0;26.0;28.0;26.0;27.0;25.0;24.0;24.0;24.0;26.0;24.0;25.0;25.0;25.0;24.0;26.0;25.0;"2025-02-09 05:37:32"
"2025-02-08";"A";"2025-02-08 05:37:00";2.6;3.0;3.0;2.4;23.0;22.0;22.0;22.0;21.0;21.0;25.0;24.0;23.0;24.0;26.0;26.0;26.0;28.0;24.0;28.0;26.0;32.0;28.0;28.0;24.0;26.0;26.0;26.0;28.0;28.0;26.0;26.0;28.0;27.0;"2025-02-09 05:38:43"
"2025-02-07";"A";"2025-02-07 05:45:00";2.6;3.2;3.0;2.4;19.0;19.0;19.0;19.0;18.0;18.0;25.0;23.0;22.0;23.0;23.0;23.0;24.0;25.0;24.0;30.0;26.0;24.0;252.0;6.0;26.0;25.0;25.0;26.0;26.0;26.0;23.0;27.0;27.0;27.0;"2025-02-09 05:46:30"
"2025-02-06";"A";"2025-02-06 05:46:00";2.6;2.9;2.8;2.4;23.0;21.0;22.0;23.0;20.0;20.0;22.0;22.0;20.0;25.0;24.0;27.0;31.0;24.0;20.0;31.0;23.0;27.0;26.0;25.0;24.0;27.0;24.0;25.0;27.0;26.0;26.0;26.0;28.0;27.0;"2025-02-09 05:47:53"
"2025-02-05";"A";"2025-02-05 05:54:00";2.6;3.0;3.0;2.4;23.0;22.0;23.0;23.0;21.0;24.0;28.0;27.0;27.0;26.0;28.0;27.0;24.0;26.0;26.0;27.0;27.0;28.0;27.0;28.0;27.0;26.0;24.0;27.0;28.0;27.0;28.0;28.0;29.0;28.0;"2025-02-09 05:55:41"
"2025-02-10";"A";"2025-02-10 03:49:00";2.4;3.8;3.0;2.5;22.0;23.0;22.0;22.0;23.0;21.0;28.0;27.0;28.0;28.0;27.0;29.0;29.0;27.0;29.0;28.0;40.0;32.0;28.0;26.0;27.0;26.0;27.0;27.0;28.0;25.0;28.0;28.0;25.0;29.0;"2025-02-10 05:51:23"
"2025-02-10";"B";"2025-02-10 14:22:00";2.2;3.8;3.0;2.5;28.0;27.0;24.0;27.0;25.0;26.0;26.0;27.0;25.0;24.0;25.0;27.0;30.0;31.0;29.0;37.0;30.0;39.0;28.0;28.0;27.0;32.0;30.0;33.0;28.0;30.0;29.0;27.0;31.0;28.0;"2025-02-10 14:24:33"
"2025-02-11";"A";"2025-02-11 02:40:00";2.3;3.8;3.0;2.4;23.0;24.0;22.0;24.0;24.0;22.0;29.0;28.0;29.0;28.0;28.0;29.0;29.0;27.0;27.0;28.0;39.0;27.0;28.0;26.0;27.0;28.0;26.0;27.0;29.0;27.0;28.0;29.0;26.0;29.0;"2025-02-11 08:39:09"
"2025-02-12";"A";"2025-02-12 02:36:00";2.32;3.6;3.0;2.6;22.0;23.0;22.0;22.0;23.0;22.0;27.0;28.0;26.0;27.0;28.0;27.0;29.0;27.0;31.0;31.0;40.0;31.0;29.0;30.0;29.0;28.0;29.0;28.0;29.0;29.0;30.0;29.0;28.0;31.0;"2025-02-12 08:38:01"
"2025-02-13";"A";"2025-02-13 02:10:00";2.5;3.5;3.0;2.4;23.0;22.0;21.0;23.0;23.0;21.0;29.0;27.0;29.0;28.0;31.0;30.0;30.0;29.0;30.0;27.0;39.0;28.0;27.0;27.0;27.0;29.0;28.0;28.0;30.0;27.0;28.0;30.0;27.0;29.0;"2025-02-13 08:11:11"
"2025-02-14";"A";"2025-02-14 03:19:00";2.4;3.7;3.0;2.5;22.0;23.0;22.0;22.0;23.0;21.0;27.0;28.0;28.0;28.0;28.0;29.0;27.0;27.0;29.0;28.0;39.0;30.0;29.0;28.0;28.0;28.0;27.0;27.0;27.0;25.0;28.0;27.0;25.0;29.0;"2025-02-14 08:23:09"
"2025-02-13";"B";"2025-02-13 08:43:00";2.3;3.8;3.0;2.4;23.0;24.0;22.0;24.0;24.0;23.0;21.0;26.0;29.0;22.0;28.0;29.0;28.0;29.0;22.0;30.0;28.0;28.0;28.0;26.0;27.0;29.0;27.0;28.0;29.0;27.0;28.0;29.0;26.0;29.0;"2025-02-14 08:49:13"
"2025-02-14";"B";"2025-02-14 09:14:00";2.0;3.8;3.0;2.6;23.0;23.0;21.0;22.0;24.0;22.0;28.0;27.0;29.0;24.0;28.0;28.0;28.0;29.0;30.0;29.0;28.0;31.0;30.0;29.0;28.0;29.0;30.0;29.0;28.0;26.0;29.0;28.0;27.0;28.0;"2025-02-15 09:15:27"
"2025-02-15";"B";"2025-02-15 09:47:00";2.6;3.6;3.0;2.4;28.0;26.0;29.0;30.0;30.0;26.0;29.0;28.0;29.0;28.0;26.0;30.0;30.0;31.0;30.0;30.0;26.0;30.0;30.0;28.0;30.0;30.0;29.0;27.0;31.0;31.0;28.0;32.0;30.0;32.0;"2025-02-16 09:49:17"
"2025-02-16";"C";"2025-02-16 21:18:00";2.5;3.6;3.0;2.4;27.0;27.0;26.0;26.0;25.0;25.0;29.0;28.0;29.0;32.0;30.0;30.0;28.0;28.0;30.0;34.0;30.0;33.0;29.0;28.0;30.0;29.0;29.0;30.0;32.0;31.0;29.0;30.0;32.0;31.0;"2025-02-16 21:19:30"
"2025-02-15";"C";"2025-02-15 21:19:00";2.6;3.6;3.0;2.4;26.0;26.0;25.0;25.0;24.0;24.0;29.0;28.0;28.0;27.0;28.0;29.0;29.0;27.0;29.0;33.0;31.0;34.0;30.0;29.0;28.0;30.0;28.0;29.0;31.0;31.0;28.0;28.0;31.0;31.0;"2025-02-16 21:20:35"
"2025-02-14";"C";"2025-02-14 21:26:00";2.7;3.6;3.0;2.4;24.0;23.0;24.0;24.0;22.0;22.0;27.0;26.0;26.0;27.0;26.0;26.0;26.0;27.0;27.0;28.0;27.0;35.0;28.0;27.0;27.0;26.0;27.0;30.0;30.0;30.0;30.0;30.0;32.0;32.0;"2025-02-16 21:27:41"
"2025-02-13";"C";"2025-02-13 21:27:00";2.5;3.6;3.0;2.4;26.0;26.0;25.0;24.0;23.0;22.0;27.0;28.0;26.0;26.0;28.0;28.0;27.0;26.0;26.0;28.0;29.0;34.0;28.0;26.0;27.0;27.0;29.0;32.0;30.0;30.0;30.0;29.0;31.0;31.0;"2025-02-16 21:29:23"
"2025-02-12";"C";"2025-02-12 21:35:00";2.5;3.5;3.0;2.4;27.0;27.0;26.0;27.0;24.0;24.0;31.0;30.0;29.0;28.0;30.0;31.0;31.0;31.0;29.0;30.0;30.0;31.0;30.0;29.0;29.0;30.0;29.0;29.0;32.0;32.0;30.0;31.0;32.0;30.0;"2025-02-16 21:36:48"
"2025-02-11";"C";"2025-02-11 21:36:00";2.5;3.6;3.0;2.3;22.0;22.0;23.0;22.0;19.0;19.0;25.0;24.0;26.0;28.0;24.0;27.0;26.0;26.0;26.0;25.0;26.0;24.0;25.0;26.0;24.0;28.0;26.0;27.0;25.0;24.0;23.0;25.0;26.0;25.0;"2025-02-16 21:38:21"
"2025-02-11";"C";"2025-02-11 21:42:00";2.5;3.6;3.0;2.3;22.0;22.0;23.0;22.0;19.0;19.0;25.0;24.0;26.0;28.0;24.0;27.0;26.0;26.0;26.0;25.0;26.0;24.0;25.0;24.0;23.0;25.0;26.0;25.0;26.0;25.0;24.0;28.0;26.0;27.0;"2025-02-16 21:43:40"
"2025-02-10";"C";"2025-02-10 21:43:00";2.5;3.6;2.9;2.4;27.0;26.0;26.0;27.0;24.0;24.0;30.0;28.0;28.0;30.0;29.0;31.0;27.0;30.0;30.0;35.0;30.0;35.0;30.0;28.0;29.0;31.0;28.0;30.0;31.0;30.0;28.0;28.0;31.0;30.0;"2025-02-16 21:44:50"
"2025-02-16";"B";"2025-02-16 04:26:00";2.0;3.9;3.0;2.4;26.0;25.0;23.0;25.0;24.0;24.0;29.0;26.0;28.0;28.0;27.0;29.0;28.0;27.0;30.0;26.0;28.0;34.0;28.0;27.0;28.0;26.0;28.0;32.0;30.0;29.0;31.0;29.0;30.0;30.0;"2025-02-17 04:27:48"
"2025-02-17";"A";"2025-02-17 05:28:00";2.5;2.6;3.8;2.4;26.0;27.0;24.0;25.0;26.0;25.0;28.0;28.0;27.0;27.0;30.0;26.0;26.0;29.0;27.0;27.0;31.0;30.0;27.0;28.0;28.0;28.0;29.0;26.0;29.0;24.0;30.0;28.0;30.0;29.0;"2025-02-18 05:29:57"
"2025-02-18";"A";"2025-02-18 05:34:00";2.5;3.3;3.0;2.4;24.0;25.0;23.0;25.0;25.0;24.0;28.0;26.0;28.0;27.0;26.0;28.0;28.0;29.0;30.0;28.0;38.0;29.0;29.0;28.0;29.0;30.0;28.0;30.0;29.0;29.0;31.0;28.0;29.0;33.0;"2025-02-18 05:35:33"
"2025-02-19";"A";"2025-02-19 04:24:00";2.6;3.3;3.0;2.4;24.0;24.0;23.0;24.0;25.0;23.0;28.0;27.0;30.0;27.0;27.0;28.0;28.0;30.0;30.0;29.0;41.0;34.0;30.0;29.0;27.0;28.0;28.0;27.0;29.0;30.0;32.0;29.0;31.0;33.0;"2025-02-19 04:26:26"
"2025-02-20";"A";"2025-02-20 05:18:00";2.6;3.5;3.0;2.6;25.0;24.0;22.0;24.0;26.0;23.0;28.0;26.0;27.0;28.0;26.0;26.0;30.0;28.0;28.0;27.0;38.0;32.0;30.0;29.0;28.0;30.0;29.0;29.0;28.0;30.0;30.0;30.0;31.0;29.0;"2025-02-20 05:19:38"
"2025-02-20";"B";"2025-02-20 15:38:00";2.5;2.3;2.8;2.8;25.0;25.0;23.0;24.0;25.0;23.0;26.0;23.0;28.0;27.0;27.0;28.0;27.0;31.0;28.0;27.0;34.0;29.0;27.0;28.0;29.0;28.0;29.0;31.0;30.0;27.0;29.0;28.0;28.0;31.0;"2025-02-20 15:40:38"
"2025-02-21";"A";"2025-02-21 05:23:00";2.0;3.2;3.0;2.5;24.0;25.0;22.0;25.0;24.0;23.0;27.0;27.0;26.0;28.0;29.0;28.0;28.0;29.0;32.0;25.0;32.0;30.0;28.0;29.0;30.0;29.0;28.0;27.0;29.0;28.0;31.0;30.0;27.0;32.0;"2025-02-21 05:25:19"
"2025-02-22";"A";"2025-02-22 06:26:00";2.0;3.0;3.0;2.4;24.0;25.0;24.0;25.0;26.0;23.0;27.0;30.0;29.0;28.0;29.0;30.0;30.0;29.0;30.0;29.0;33.0;32.0;28.0;30.0;31.0;29.0;28.0;29.0;32.0;30.0;32.0;31.0;29.0;33.0;"2025-02-22 06:27:30"
"2025-02-22";"A";"2025-02-22 12:43:00";2.5;3.0;3.0;2.8;27.0;26.0;24.0;27.0;26.0;26.0;27.0;26.0;30.0;27.0;32.0;33.0;28.0;28.0;30.0;30.0;34.0;31.0;30.0;28.0;30.0;30.0;30.0;31.0;32.0;30.0;32.0;30.0;30.0;32.0;"2025-02-22 17:45:14"
"2025-02-23";"B";"2025-02-23 12:39:00";2.9;2.8;2.8;2.6;28.0;27.0;25.0;28.0;27.0;28.0;30.0;28.0;32.0;30.0;32.0;34.0;30.0;32.0;30.0;30.0;38.0;31.0;30.0;30.0;30.0;28.0;30.0;31.0;33.0;30.0;33.0;31.0;30.0;32.0;"2025-02-23 19:42:59"
"2025-02-17";"C";"2025-02-17 21:00:00";2.4;3.2;3.0;2.3;27.0;26.0;27.0;27.0;28.0;28.0;28.0;32.0;27.0;31.0;30.0;30.0;29.0;30.0;28.0;36.0;30.0;29.0;3.0;130.0;30.0;32.0;29.0;31.0;29.0;29.0;30.0;31.0;33.0;34.0;"2025-02-24 02:48:41"
"2025-02-20";"C";"2025-02-20 22:58:00";2.6;3.3;3.0;2.5;26.0;26.0;24.0;25.0;23.0;23.0;28.0;29.0;28.0;30.0;27.0;29.0;29.0;28.0;28.0;39.0;30.0;32.0;30.0;30.0;29.0;29.0;29.0;30.0;31.0;29.0;29.0;29.0;33.0;33.0;"2025-02-24 02:59:27"
"2025-02-21";"C";"2025-02-21 22:59:00";2.5;3.1;3.0;2.3;26.0;26.0;27.0;27.0;25.0;25.0;29.0;28.0;28.0;31.0;31.0;31.0;30.0;29.0;29.0;35.0;31.0;34.0;30.0;30.0;31.0;29.0;32.0;32.0;34.0;32.0;31.0;30.0;33.0;34.0;"2025-02-24 03:00:44"
"2025-02-22";"C";"2025-02-22 22:15:00";2.8;3.0;3.0;2.4;26.0;27.0;26.0;25.0;27.0;26.0;27.0;26.0;26.0;26.0;29.0;30.0;28.0;29.0;27.0;32.0;29.0;30.0;29.0;30.0;28.0;29.0;30.0;31.0;31.0;29.0;29.0;30.0;30.0;30.0;"2025-02-24 03:16:05"
"2025-02-23";"C";"2025-02-23 22:00:00";2.5;2.8;3.0;2.4;25.0;26.0;27.0;27.0;25.0;26.0;29.0;29.0;27.0;29.0;31.0;30.0;29.0;29.0;28.0;36.0;30.0;33.0;30.0;30.0;28.0;29.0;28.0;29.0;32.0;32.0;29.0;30.0;33.0;33.0;"2025-02-24 03:17:52"
"2025-02-24";"B";"2025-02-24 12:17:00";2.5;3.4;3.0;2.3;26.0;28.0;26.0;27.0;28.0;27.0;28.0;29.0;31.0;30.0;31.0;31.0;29.0;29.0;28.0;30.0;32.0;33.0;33.0;31.0;30.0;31.0;32.0;32.0;33.0;30.0;35.0;32.0;31.0;33.0;"2025-02-24 17:19:03"
"2025-02-24";"C";"2025-02-24 23:17:00";2.5;3.4;3.1;2.5;26.0;27.0;28.0;24.0;26.0;29.0;25.0;26.0;26.0;24.0;25.0;27.0;26.0;28.0;36.0;32.0;28.0;38.0;30.0;27.0;28.0;33.0;35.0;37.0;30.0;32.0;31.0;29.0;32.0;31.0;"2025-02-24 23:18:21"
"2025-02-25";"B";"2025-02-25 11:44:00";2.5;3.4;3.0;2.4;29.0;27.0;27.0;28.0;27.0;27.0;28.0;29.0;32.0;30.0;30.0;29.0;29.0;30.0;30.0;29.0;35.0;32.0;32.0;30.0;31.0;32.0;32.0;32.0;33.0;30.0;34.0;33.0;30.0;35.0;"2025-02-25 16:45:57"
"2025-02-26";"A";"2025-02-26 05:44:00";2.4;3.4;3.0;2.4;24.0;24.0;24.0;24.0;23.0;23.0;28.0;27.0;26.0;27.0;27.0;28.0;29.0;28.0;30.0;31.0;30.0;34.0;29.0;29.0;28.0;28.0;30.0;31.0;32.0;32.0;29.0;30.0;31.0;31.0;"2025-02-26 05:45:29"
"2025-02-25";"A";"2025-02-26 05:45:00";2.4;3.4;3.0;2.4;26.0;26.0;25.0;25.0;23.0;23.0;29.0;30.0;28.0;29.0;29.0;30.0;30.0;30.0;29.0;31.0;29.0;31.0;30.0;29.0;29.0;31.0;30.0;32.0;30.0;30.0;27.0;28.0;29.0;29.0;"2025-02-26 05:46:29"
"2025-02-24";"A";"2025-02-24 05:52:00";2.6;3.0;3.2;2.4;24.0;24.0;22.0;24.0;21.0;22.0;23.0;24.0;23.0;28.0;25.0;24.0;25.0;26.0;25.0;28.0;25.0;30.0;24.0;26.0;27.0;27.0;29.0;28.0;30.0;30.0;26.0;27.0;30.0;30.0;"2025-02-26 05:53:26"
"2025-02-26";"B";"2025-02-26 12:10:00";2.4;3.2;3.0;2.4;25.0;27.0;25.0;26.0;27.0;26.0;28.0;30.0;30.0;29.0;30.0;29.0;28.0;29.0;29.0;29.0;34.0;32.0;32.0;29.0;30.0;30.0;29.0;31.0;32.0;29.0;34.0;31.0;30.0;34.0;"2025-02-26 15:12:14"
"2025-02-26";"C";"2025-02-26 22:03:00";2.4;3.4;3.0;2.4;29.0;30.0;29.0;28.0;30.0;30.0;30.0;31.0;32.0;30.0;29.0;30.0;30.0;30.0;31.0;29.0;30.0;34.0;34.0;30.0;31.0;31.0;30.0;32.0;34.0;32.0;34.0;35.0;32.0;32.0;"2025-02-26 22:04:22"
"2025-02-27";"C";"2025-02-27 22:51:00";2.5;3.6;3.0;2.4;27.0;25.0;24.0;26.0;24.0;23.0;28.0;25.0;26.0;26.0;25.0;24.0;31.0;30.0;34.0;34.0;38.0;34.0;26.0;27.0;32.0;31.0;37.0;35.0;29.0;30.0;31.0;27.0;28.0;29.0;"2025-02-27 22:52:26"
"2025-02-28";"C";"2025-02-28 23:38:00";2.5;2.6;3.0;3.4;28.0;27.0;26.0;29.0;30.0;30.0;29.0;28.0;27.0;30.0;27.0;26.0;29.0;30.0;28.0;32.0;42.0;38.0;31.0;30.0;29.0;30.0;27.0;28.0;29.0;30.0;31.0;26.0;28.0;29.0;"2025-02-28 23:41:37"
"2025-03-01";"C";"2025-03-01 22:49:00";2.5;3.6;3.0;2.5;27.0;27.0;25.0;26.0;25.0;24.0;29.0;27.0;29.0;30.0;28.0;31.0;29.0;30.0;30.0;30.0;37.0;39.0;30.0;29.0;29.0;32.0;33.0;36.0;28.0;29.0;31.0;27.0;28.0;30.0;"2025-03-01 22:50:35"
"2025-03-02";"A";"2025-03-02 05:19:00";2.5;4.0;3.0;2.4;24.0;24.0;24.0;24.0;23.0;23.0;28.0;28.0;27.0;26.0;27.0;28.0;27.0;27.0;27.0;33.0;27.0;28.0;28.0;27.0;27.0;28.0;28.0;28.0;29.0;29.0;28.0;28.0;30.0;30.0;"2025-03-02 05:20:18"
"2025-03-01";"A";"2025-03-01 05:20:00";2.5;3.0;3.0;2.4;25.0;25.0;24.0;24.0;23.0;23.0;28.0;27.0;27.0;26.0;28.0;28.0;27.0;28.0;27.0;31.0;29.0;29.0;28.0;28.0;27.0;28.0;28.0;29.0;31.0;30.0;29.0;32.0;31.0;30.0;"2025-03-02 05:21:43"
"2025-02-28";"A";"2025-02-28 05:31:00";2.3;3.0;3.2;2.9;26.0;25.0;24.0;26.0;23.0;24.0;26.0;26.0;24.0;29.0;28.0;29.0;26.0;29.0;28.0;35.0;28.0;28.0;26.0;30.0;27.0;30.0;31.0;30.0;33.0;30.0;28.0;28.0;33.0;31.0;"2025-03-02 05:32:14"
"2025-02-27";"A";"2025-02-27 05:32:00";2.5;2.6;3.0;2.4;25.0;24.0;25.0;24.0;23.0;23.0;28.0;28.0;27.0;27.0;28.0;27.0;27.0;28.0;28.0;34.0;28.0;28.0;29.0;30.0;30.0;31.0;28.0;32.0;30.0;30.0;29.0;29.0;32.0;31.0;"2025-03-02 05:33:33"
"2025-03-02";"C";"2025-03-02 22:56:00";2.5;3.8;3.0;2.4;25.0;24.0;29.0;24.0;25.0;27.0;27.0;26.0;27.0;28.0;27.0;28.0;26.0;33.0;26.0;27.0;27.0;29.0;28.0;27.0;29.0;27.0;28.0;28.0;30.0;30.0;28.0;32.0;29.0;31.0;"2025-03-02 22:57:48"
"2025-03-05";"A";"2025-03-05 03:25:00";2.6;4.1;3.5;2.4;24.0;25.0;24.0;24.0;24.0;23.0;29.0;26.0;28.0;29.0;26.0;28.0;29.0;30.0;29.0;29.0;26.0;28.0;27.0;29.0;29.0;27.0;28.0;29.0;28.0;26.0;32.0;29.0;26.0;32.0;"2025-03-05 06:29:57"
"2025-03-06";"A";"2025-03-06 03:46:00";2.5;4.2;3.5;2.4;23.0;21.0;21.0;23.0;22.0;22.0;27.0;25.0;28.0;27.0;26.0;27.0;27.0;28.0;28.0;28.0;34.0;32.0;28.0;27.0;28.0;28.0;27.0;28.0;28.0;26.0;31.0;29.0;26.0;31.0;"2025-03-06 08:50:03"
"2025-03-03";"A";"2025-03-03 08:45:00";2.6;4.1;3.5;2.4;24.0;24.0;24.0;23.0;23.0;23.0;28.0;27.0;26.0;27.0;27.0;27.0;29.0;28.0;28.0;29.0;28.0;28.0;28.0;28.0;27.0;29.0;28.0;28.0;28.0;27.0;27.0;26.0;32.0;31.0;"2025-03-09 20:46:34"
"2025-03-04";"C";"2025-03-04 20:46:00";2.4;3.7;3.0;2.4;25.0;25.0;26.0;26.0;24.0;24.0;29.0;29.0;28.0;30.0;31.0;28.0;29.0;28.0;28.0;29.0;29.0;30.0;27.0;28.0;28.0;29.0;29.0;28.0;30.0;30.0;28.0;29.0;31.0;31.0;"2025-03-09 20:47:58"
"2025-03-05";"C";"2025-03-05 20:54:00";2.8;3.5;3.0;2.4;26.0;26.0;26.0;26.0;25.0;25.0;28.0;28.0;27.0;27.0;29.0;28.0;29.0;28.0;30.0;31.0;30.0;31.0;27.0;28.0;27.0;28.0;29.0;30.0;30.0;31.0;29.0;30.0;31.0;31.0;"2025-03-09 20:54:46"
"2025-03-06";"C";"2025-03-06 20:55:00";2.5;4.0;3.0;2.4;25.0;24.0;24.0;23.0;24.0;28.0;26.0;26.0;24.0;24.0;24.0;28.0;26.0;28.0;27.0;29.0;38.0;27.0;26.0;26.0;28.0;27.0;28.0;29.0;28.0;27.0;29.0;28.0;31.0;29.0;"2025-03-09 20:56:35"
"2025-03-07";"C";"2025-03-07 21:03:00";2.5;3.8;3.2;2.2;27.0;27.0;26.0;27.0;26.0;26.0;35.0;28.0;28.0;29.0;33.0;33.0;31.0;28.0;31.0;33.0;30.0;32.0;28.0;30.0;29.0;31.0;29.0;30.0;31.0;30.0;29.0;29.0;33.0;33.0;"2025-03-09 21:04:15"
"2025-03-08";"C";"2025-03-08 21:04:00";2.4;3.8;3.0;2.3;28.0;27.0;26.0;27.0;26.0;26.0;28.0;28.0;27.0;29.0;31.0;39.0;35.0;28.0;30.0;30.0;30.0;32.0;30.0;29.0;33.0;32.0;28.0;30.0;31.0;30.0;29.0;30.0;34.0;33.0;"2025-03-09 21:05:42"
"2025-03-10";"C";"2025-03-10 19:55:00";2.5;3.7;3.3;2.4;27.0;27.0;28.0;28.0;27.0;28.0;29.0;28.0;32.0;38.0;29.0;31.0;30.0;32.0;30.0;30.0;32.0;33.0;30.0;29.0;32.0;31.0;29.0;30.0;32.0;30.0;34.0;31.0;30.0;35.0;"2025-03-10 22:52:53"
"2025-03-11";"C";"2025-03-11 20:28:00";2.4;3.6;3.2;2.3;27.0;28.0;28.0;28.0;29.0;28.0;30.0;29.0;32.0;29.0;30.0;31.0;29.0;31.0;32.0;30.0;40.0;34.0;30.0;30.0;33.0;32.0;33.0;31.0;33.0;31.0;35.0;32.0;31.0;35.0;"2025-03-11 20:31:12"
"2025-03-13";"C";"2025-03-13 20:33:00";2.4;3.6;3.4;2.3;29.0;28.0;29.0;29.0;29.0;28.0;31.0;30.0;30.0;30.0;30.0;31.0;32.0;33.0;31.0;32.0;36.0;34.0;31.0;29.0;30.0;32.0;29.0;30.0;34.0;32.0;35.0;33.0;31.0;35.0;"2025-03-13 20:34:37"
"2025-03-14";"C";"2025-03-14 20:50:00";2.4;2.2;3.3;2.3;29.0;28.0;29.0;28.0;29.0;30.0;30.0;31.0;28.0;30.0;30.0;32.0;33.0;30.0;30.0;33.0;32.0;30.0;31.0;30.0;32.0;32.0;33.0;29.0;34.0;31.0;35.0;34.0;31.0;35.0;"2025-03-14 22:50:40"
"2025-03-16";"C";"2025-03-16 20:12:00";2.3;3.0;3.2;2.4;31.0;31.0;30.0;31.0;20.0;31.0;31.0;31.0;35.0;31.0;32.0;32.0;31.0;32.0;31.0;32.0;36.0;33.0;30.0;31.0;34.0;33.0;32.0;32.0;35.0;31.0;35.0;36.0;31.0;35.0;"2025-03-16 21:10:24"
"2025-03-16";"B";"2025-03-16 13:35:00";2.0;3.4;3.1;2.5;30.0;30.0;29.0;28.0;28.0;29.0;34.0;32.0;31.0;31.0;32.0;32.0;33.0;32.0;33.0;34.0;32.0;30.0;32.0;32.0;32.0;31.0;35.0;34.0;35.0;35.0;32.0;33.0;36.0;35.0;"2025-03-17 01:36:40"
"2025-03-14";"B";"2025-03-14 13:36:00";2.5;3.0;3.2;3.3;31.0;31.0;30.0;30.0;30.0;31.0;31.0;31.0;31.0;32.0;35.0;32.0;31.0;32.0;32.0;36.0;31.0;33.0;30.0;33.0;31.0;32.0;34.0;32.0;35.0;36.0;31.0;31.0;35.0;35.0;"2025-03-17 01:38:02"
"2025-03-13";"B";"2025-03-13 13:45:00";2.4;3.6;3.0;2.3;29.0;29.0;30.0;29.0;30.0;30.0;32.0;32.0;31.0;31.0;33.0;32.0;33.0;32.0;32.0;32.0;32.0;31.0;31.0;31.0;30.0;30.0;31.0;32.0;32.0;31.0;30.0;30.0;31.0;34.0;"2025-03-17 01:46:23"
"2025-03-12";"B";"2025-03-12 13:46:00";2.4;3.4;3.0;2.3;29.0;29.0;29.0;29.0;29.0;29.0;32.0;32.0;30.0;31.0;33.0;33.0;32.0;32.0;33.0;35.0;32.0;33.0;33.0;33.0;32.0;34.0;33.0;35.0;34.0;34.0;32.0;32.0;36.0;35.0;"2025-03-17 01:48:02"
"2025-03-11";"B";"2025-03-11 13:54:00";2.4;3.8;3.0;2.4;29.0;29.0;29.0;28.0;28.0;28.0;31.0;31.0;30.0;32.0;32.0;33.0;32.0;31.0;30.0;31.0;32.0;31.0;32.0;31.0;32.0;33.0;30.0;34.0;33.0;33.0;32.0;32.0;34.0;34.0;"2025-03-17 01:55:10"
"2025-03-10";"B";"2025-03-10 13:55:00";2.8;3.8;3.3;2.4;31.0;30.0;30.0;30.0;28.0;28.0;33.0;30.0;30.0;32.0;33.0;38.0;31.0;31.0;32.0;32.0;30.0;33.0;32.0;30.0;32.0;31.0;31.0;31.0;34.0;32.0;32.0;31.0;35.0;35.0;"2025-03-17 01:56:13"
"2025-03-17";"A";"2025-03-17 11:32:00";2.4;4.2;3.1;2.4;30.0;30.0;29.0;30.0;31.0;29.0;30.0;31.0;32.0;34.0;34.0;31.0;34.0;36.0;31.0;32.0;36.0;36.0;32.0;35.0;34.0;32.0;34.0;34.0;34.0;32.0;37.0;35.0;32.0;36.0;"2025-03-17 14:57:35"
"2025-03-19";"B";"2025-03-19 11:12:00";2.4;4.1;3.2;2.4;29.0;28.0;29.0;29.0;28.0;29.0;31.0;30.0;33.0;32.0;32.0;33.0;34.0;36.0;34.0;37.0;36.0;32.0;32.0;30.0;33.0;32.0;31.0;33.0;34.0;34.0;35.0;32.0;35.0;34.0;"2025-03-19 15:15:10"
"2025-03-20";"B";"2025-03-21 11:01:00";2.6;3.6;3.4;2.5;32.0;31.0;31.0;30.0;31.0;31.0;32.0;30.0;34.0;31.0;33.0;32.0;31.0;30.0;34.0;34.0;33.0;40.0;32.0;34.0;36.0;32.0;34.0;31.0;36.0;32.0;36.0;36.0;33.0;37.0;"2025-03-21 07:20:50"
"2025-03-21";"A";"2025-03-21 07:25:00";2.3;2.2;3.4;2.8;26.0;26.0;25.0;26.0;24.0;25.0;28.0;27.0;25.0;29.0;30.0;32.0;30.0;28.0;36.0;33.0;28.0;32.0;28.0;29.0;31.0;32.0;30.0;33.0;31.0;30.0;28.0;28.0;32.0;31.0;"2025-03-21 07:27:27"
"2025-03-17";"A";"2025-03-17 03:46:00";2.6;2.6;3.2;2.9;27.0;26.0;26.0;27.0;25.0;26.0;29.0;28.0;28.0;29.0;31.0;32.0;30.0;30.0;32.0;33.0;28.0;32.0;28.0;30.0;30.0;31.0;30.0;31.0;31.0;31.0;30.0;30.0;32.0;31.0;"2025-03-22 03:47:51"
"2025-03-18";"A";"2025-03-18 03:47:00";2.6;3.6;3.0;4.2;28.0;27.0;27.0;23.0;26.0;26.0;30.0;30.0;31.0;29.0;30.0;29.0;29.0;30.0;28.0;29.0;30.0;31.0;31.0;30.0;30.0;29.0;29.0;31.0;30.0;31.0;29.0;29.0;31.0;31.0;"2025-03-22 03:50:03"
"2025-03-19";"A";"2025-03-19 05:11:00";2.3;4.0;3.1;2.9;26.0;25.0;24.0;24.0;25.0;25.0;28.0;26.0;26.0;30.0;31.0;30.0;27.0;30.0;31.0;35.0;27.0;32.0;27.0;29.0;31.0;31.0;31.0;30.0;31.0;30.0;30.0;28.0;33.0;31.0;"2025-03-23 05:12:21"
"2025-03-22";"A";"2025-03-22 05:13:00";2.3;2.8;3.3;2.2;27.0;25.0;26.0;28.0;25.0;25.0;28.0;28.0;27.0;30.0;30.0;34.0;28.0;28.0;34.0;35.0;28.0;31.0;30.0;27.0;34.0;30.0;30.0;31.0;30.0;30.0;29.0;29.0;32.0;32.0;"2025-03-23 05:14:44"
"2025-03-23";"A";"2025-03-23 05:14:00";2.3;3.8;3.4;2.8;26.0;27.0;26.0;26.0;25.0;25.0;26.0;26.0;25.0;28.0;28.0;31.0;34.0;30.0;34.0;32.0;27.0;30.0;28.0;27.0;28.0;29.0;28.0;29.0;30.0;28.0;29.0;28.0;31.0;31.0;"2025-03-23 05:15:59"
"2025-03-26";"A";"2025-03-26 02:30:00";2.6;3.3;3.2;2.4;27.0;28.0;27.0;27.0;27.0;28.0;28.0;27.0;29.0;28.0;27.0;29.0;33.0;34.0;33.0;33.0;36.0;32.0;31.0;31.0;32.0;31.0;31.0;30.0;34.0;32.0;35.0;35.0;32.0;35.0;"2025-03-26 06:23:42"
"2025-03-27";"A";"2025-03-27 02:11:00";2.6;3.3;3.2;2.4;27.0;28.0;27.0;27.0;27.0;28.0;28.0;27.0;29.0;27.0;26.0;28.0;31.0;34.0;33.0;32.0;35.0;32.0;30.0;31.0;31.0;30.0;30.0;31.0;0.0;0.0;0.0;0.0;0.0;0.0;"2025-03-27 02:13:09"
"2025-03-28";"A";"2025-03-28 02:57:00";2.3;3.1;3.2;2.4;30.0;29.0;30.0;30.0;29.0;30.0;28.0;29.0;32.0;28.0;29.0;32.0;30.0;30.0;33.0;33.0;34.0;35.0;33.0;33.0;34.0;31.0;33.0;31.0;35.0;35.0;36.0;34.0;33.0;35.0;"2025-03-28 03:00:00"
"2025-03-30";"A";"2025-03-30 02:02:00";2.4;3.1;3.4;3.2;29.0;28.0;29.0;29.0;28.0;29.0;27.0;29.0;30.0;28.0;29.0;31.0;29.0;29.0;32.0;32.0;33.0;35.0;33.0;32.0;33.0;30.0;32.0;31.0;34.0;34.0;35.0;34.0;32.0;34.0;"2025-03-30 02:03:35"
"2025-10-25";"C";"2025-10-25 19:02:00";2.3;3.0;2.8;2.2;27.0;28.0;27.0;28.0;26.0;27.0;30.0;31.0;27.0;29.0;29.0;30.0;28.0;31.0;28.0;28.0;29.0;45.0;32.0;32.0;31.0;30.0;28.0;30.0;28.0;28.0;27.0;27.0;26.0;27.0;"2025-10-28 16:03:23"
"2025-10-26";"A";"2025-10-28 03:14:00";2.3;3.0;2.8;2.2;27.0;28.0;27.0;28.0;28.0;27.0;28.0;33.0;30.0;30.0;28.0;31.0;30.0;27.0;30.0;30.0;29.0;29.0;30.0;30.0;30.0;31.0;29.0;30.0;0.0;0.0;0.0;0.0;0.0;0.0;"2025-10-28 18:16:14"
"2025-10-27";"C";"2025-10-27 20:30:00";2.3;2.5;2.8;2.2;29.0;30.0;28.0;28.0;29.0;29.0;30.0;31.0;30.0;29.0;28.0;29.0;30.0;29.0;28.0;31.0;28.0;29.0;30.0;29.0;28.0;31.0;28.0;30.0;28.0;30.0;29.0;29.0;31.0;30.0;"2025-10-28 20:32:50"
"2025-10-29";"A";"2025-10-29 08:10:00";2.2;3.0;2.6;2.4;25.0;26.0;28.0;24.0;25.0;26.0;23.0;24.0;25.0;24.0;25.0;23.0;24.0;25.0;24.0;29.0;35.0;29.0;24.0;27.0;25.0;30.0;32.0;28.0;28.0;26.0;27.0;27.0;26.0;24.0;"2025-10-29 08:12:12"
"2025-10-26";"C";"2025-10-26 21:34:00";2.88;2.8;2.9;2.2;30.0;31.0;30.0;30.0;27.0;27.0;31.0;32.0;29.0;30.0;31.0;29.0;31.0;32.0;29.0;30.0;33.0;41.0;33.0;33.0;31.0;32.0;32.0;32.0;32.0;31.0;31.0;31.0;30.0;30.0;"2025-10-29 14:35:08"
"2025-10-27";"B";"2025-10-27 14:35:00";2.8;2.7;2.8;2.2;27.0;27.0;27.0;27.0;26.0;26.0;27.0;28.0;27.0;27.0;28.0;27.0;30.0;30.0;29.0;31.0;31.0;41.0;31.0;30.0;30.0;30.0;31.0;31.0;31.0;32.0;30.0;30.0;30.0;30.0;"2025-10-29 14:40:51"
"2025-10-28";"B";"2025-10-28 14:48:00";2.8;3.0;3.4;2.2;28.0;30.0;29.0;27.0;26.0;26.0;29.0;28.0;27.0;30.0;27.0;31.0;36.0;29.0;27.0;30.0;31.0;36.0;30.0;28.0;29.0;30.0;29.0;31.0;29.0;30.0;29.0;27.0;27.0;29.0;"2025-10-29 14:50:03"
"2025-10-29";"B";"2025-10-29 15:24:00";2.4;2.6;3.0;2.4;32.0;34.0;32.0;33.0;32.0;30.0;35.0;36.0;32.0;33.0;40.0;39.0;35.0;32.0;32.0;32.0;32.0;32.0;38.0;33.0;35.0;37.0;40.0;30.0;35.0;32.0;32.0;32.0;32.0;32.0;"2025-10-29 15:25:36"
"2025-10-29";"C";"2025-10-29 23:10:00";2.2;2.6;3.2;2.4;29.0;30.0;28.0;30.0;29.0;28.0;37.0;34.0;33.0;34.0;33.0;38.0;34.0;32.0;41.0;37.0;39.0;35.0;36.0;38.0;33.0;34.0;35.0;33.0;36.0;33.0;34.0;34.0;32.0;33.0;"2025-10-29 23:12:25"
"2025-10-30";"A";"2025-10-30 03:55:00";2.2;2.6;3.1;2.3;30.0;29.0;26.0;28.0;27.0;24.0;32.0;30.0;29.0;44.0;32.0;34.0;30.0;30.0;39.0;32.0;44.0;40.0;31.0;30.0;29.0;32.0;36.0;31.0;32.0;31.0;30.0;30.0;29.0;28.0;"2025-10-30 03:56:47"
"2025-10-31";"A";"2025-10-31 08:10:00";2.2;2.6;3.1;2.4;26.0;26.0;24.0;25.0;24.0;23.0;24.0;25.0;26.0;41.0;24.0;31.0;24.0;26.0;30.0;28.0;36.0;27.0;26.0;27.0;29.0;28.0;32.0;29.0;28.0;27.0;30.0;27.0;26.0;29.0;"2025-10-31 08:17:29"
"2025-10-30";"B";"2025-10-30 14:01:00";2.2;2.6;3.0;2.4;35.0;31.0;36.0;30.0;30.0;30.0;33.0;32.0;35.0;31.0;36.0;33.0;38.0;32.0;35.0;31.0;33.0;31.0;36.0;33.0;31.0;32.0;35.0;34.0;33.0;32.0;32.0;32.0;30.0;30.0;"2025-10-31 15:02:44"
"2025-10-31";"B";"2025-10-31 15:02:00";2.6;3.0;3.3;2.1;28.0;32.0;29.0;28.0;27.0;26.0;28.0;30.0;35.0;32.0;30.0;31.0;31.0;31.0;29.0;32.0;37.0;42.0;32.0;30.0;31.0;32.0;30.0;31.0;34.0;32.0;31.0;31.0;32.0;32.0;"2025-10-31 15:03:43"
"2025-10-30";"C";"2025-10-30 20:42:00";2.2;2.5;3.1;2.4;30.0;31.0;38.0;31.0;39.0;29.0;36.0;36.0;33.0;42.0;33.0;31.0;35.0;33.0;38.0;38.0;36.0;31.0;39.0;38.0;35.0;40.0;36.0;34.0;37.0;35.0;32.0;40.0;36.0;35.0;"2025-10-31 20:48:34"
"2025-10-31";"C";"2025-10-31 20:53:00";2.2;3.1;3.0;2.1;29.0;29.0;28.0;30.0;28.0;28.0;34.0;30.0;32.0;34.0;32.0;34.0;35.0;35.0;31.0;30.0;32.0;30.0;32.0;33.0;30.0;33.0;32.0;34.0;33.0;35.0;31.0;33.0;30.0;30.0;"2025-10-31 20:55:02"
"2025-11-01";"A";"2025-11-01 04:25:00";2.2;2.9;3.0;2.1;27.0;27.0;26.0;27.0;29.0;28.0;34.0;35.0;33.0;33.0;34.0;34.0;30.0;28.0;33.0;30.0;32.0;33.0;31.0;31.0;32.0;30.0;32.0;32.0;30.0;30.0;32.0;33.0;33.0;33.0;"2025-11-01 04:26:36"
"2025-11-01";"B";"2025-11-01 15:15:00";2.5;2.7;2.9;2.0;29.0;32.0;29.0;29.0;28.0;29.0;30.0;33.0;33.0;36.0;34.0;35.0;383.0;4.0;33.0;32.0;35.0;34.0;31.0;33.0;30.0;33.0;35.0;37.0;33.0;33.0;32.0;40.0;32.0;38.0;"2025-11-01 15:16:19"
"2025-11-02";"A";"2025-11-02 03:41:00";2.4;3.3;3.0;2.3;25.0;26.0;24.0;24.0;25.0;25.0;28.0;28.0;29.0;40.0;32.0;38.0;27.0;26.0;29.0;35.0;40.0;36.0;29.0;31.0;30.0;32.0;33.0;32.0;31.0;30.0;33.0;29.0;28.0;31.0;"2025-11-02 03:43:04"
"2025-11-02";"A";"2025-11-02 03:41:00";2.4;3.3;3.0;2.3;25.0;26.0;24.0;24.0;25.0;25.0;28.0;28.0;29.0;40.0;32.0;38.0;27.0;26.0;29.0;35.0;40.0;36.0;29.0;31.0;30.0;32.0;33.0;32.0;31.0;30.0;33.0;29.0;28.0;31.0;"2025-11-02 03:43:13"
"2025-11-02";"B";"2025-11-02 16:12:00";2.6;3.0;2.9;2.0;30.0;30.0;30.0;29.0;28.0;28.0;29.0;32.0;32.0;33.0;38.0;33.0;36.0;34.0;33.0;31.0;34.0;33.0;30.0;33.0;30.0;33.0;34.0;42.0;35.0;36.0;35.0;37.0;32.0;36.0;"2025-11-02 16:13:39"
"2025-11-01";"C";"2025-11-01 20:44:00";2.2;3.1;3.0;2.1;27.0;28.0;26.0;28.0;27.0;26.0;35.0;34.0;32.0;32.0;35.0;35.0;32.0;30.0;34.0;31.0;33.0;33.0;32.0;32.0;33.0;29.0;31.0;33.0;30.0;31.0;33.0;32.0;33.0;34.0;"2025-11-02 20:47:02"
"2025-11-01";"C";"2025-11-01 20:44:00";2.2;3.1;3.0;2.1;27.0;28.0;26.0;28.0;27.0;26.0;35.0;34.0;32.0;32.0;35.0;35.0;32.0;30.0;34.0;31.0;33.0;33.0;32.0;32.0;33.0;29.0;31.0;33.0;30.0;31.0;33.0;32.0;33.0;34.0;"2025-11-02 20:49:46"
"2025-11-02";"C";"2025-11-02 22:13:00";2.2;3.3;3.0;2.1;30.0;29.0;29.0;29.0;29.0;28.0;34.0;33.0;35.0;32.0;30.0;31.0;30.0;28.0;34.0;32.0;34.0;44.0;36.0;35.0;31.0;32.0;32.0;31.0;36.0;33.0;35.0;32.0;30.0;34.0;"2025-11-02 22:17:48"
"2025-11-03";"A";"2025-11-03 08:19:00";2.8;3.2;3.0;2.0;28.0;30.0;27.0;27.0;25.0;27.0;26.0;28.0;30.0;31.0;39.0;29.0;33.0;30.0;30.0;28.0;33.0;32.0;28.0;30.0;27.0;31.0;36.0;40.0;33.0;28.0;33.0;32.0;30.0;30.0;"2025-11-03 08:20:04"
"2025-11-03";"C";"2025-11-04 00:22:00";2.4;3.0;3.0;2.2;29.0;28.0;29.0;28.0;30.0;27.0;29.0;34.0;36.0;31.0;34.0;34.0;29.0;30.0;32.0;29.0;32.0;33.0;28.0;34.0;36.0;32.0;35.0;34.0;29.0;31.0;33.0;32.0;31.0;32.0;"2025-11-04 00:23:14"
"2025-11-04";"A";"2025-11-04 08:34:00";2.7;3.2;3.1;2.0;28.0;29.0;27.0;26.0;24.0;25.0;27.0;28.0;30.0;30.0;36.0;34.0;31.0;29.0;29.0;30.0;32.0;40.0;31.0;29.0;32.0;35.0;30.0;28.0;31.0;30.0;29.0;28.0;32.0;31.0;"2025-11-04 08:35:10"
"2025-11-04";"B";"2025-11-04 14:34:00";2.3;3.3;3.0;2.3;27.0;27.0;26.0;28.0;27.0;28.0;27.0;26.0;29.0;27.0;26.0;29.0;26.0;25.0;31.0;30.0;31.0;33.0;33.0;30.0;30.0;31.0;32.0;31.0;34.0;30.0;34.0;33.0;30.0;33.0;"2025-11-04 14:35:45"
"2025-11-04";"C";"2025-11-04 23:06:00";2.2;3.4;3.0;2.4;27.0;26.0;27.0;27.0;26.0;24.0;26.0;28.0;28.0;42.0;31.0;29.0;26.0;27.0;27.0;33.0;30.0;35.0;27.0;28.0;30.0;34.0;30.0;29.0;30.0;32.0;33.0;29.0;31.0;32.0;"2025-11-04 23:07:24"
"2025-11-05";"A";"2025-11-05 07:15:00";2.6;3.4;3.0;2.3;30.0;29.0;32.0;29.0;27.0;28.0;32.0;31.0;30.0;31.0;40.0;32.0;32.0;34.0;29.0;3434.0;34.0;32.0;31.0;34.0;32.0;31.0;33.0;31.0;35.0;30.0;32.0;30.0;34.0;33.0;"2025-11-05 07:16:33"
"2025-11-05";"C";"2025-11-05 22:14:00";2.4;3.4;3.0;2.3;27.0;26.0;26.0;28.0;26.0;27.0;30.0;28.0;30.0;32.0;34.0;44.0;27.0;31.0;37.0;35.0;33.0;35.0;29.0;30.0;29.0;35.0;35.0;30.0;32.0;34.0;30.0;30.0;32.0;29.0;"2025-11-05 22:15:41"
"2025-11-06";"A";"2025-11-06 07:04:00";2.4;3.2;3.0;2.3;27.0;25.0;26.0;25.0;27.0;26.0;32.0;30.0;34.0;34.0;34.0;34.0;32.0;32.0;33.0;33.0;34.0;33.0;31.0;31.0;32.0;33.0;33.0;33.0;32.0;32.0;33.0;33.0;34.0;33.0;"2025-11-06 07:05:52"
"2025-11-05";"B";"2025-11-05 14:01:00";2.4;3.3;3.0;2.1;29.0;32.0;27.0;29.0;29.0;28.0;31.0;33.0;32.0;31.0;32.0;31.0;31.0;29.0;34.0;34.0;40.0;34.0;35.0;32.0;32.0;33.0;41.0;34.0;35.0;31.0;34.0;35.0;34.0;35.0;"2025-11-06 14:45:15"
"2025-11-06";"C";"2025-11-06 23:18:00";2.9;3.4;3.0;2.4;25.0;26.0;25.0;26.0;23.0;24.0;27.0;30.0;28.0;35.0;30.0;36.0;26.0;26.0;27.0;35.0;32.0;33.0;28.0;39.0;23.0;27.0;28.0;24.0;35.0;28.0;29.0;30.0;30.0;33.0;"2025-11-06 23:19:53"
"2025-11-07";"A";"2025-11-07 06:35:00";2.9;3.1;3.0;2.4;25.0;27.0;24.0;24.0;24.0;25.0;25.0;27.0;27.0;27.0;33.0;30.0;25.0;26.0;25.0;28.0;28.0;36.0;26.0;27.0;27.0;29.0;28.0;26.0;30.0;28.0;27.0;26.0;32.0;30.0;"2025-11-07 06:36:36"
"2025-11-07";"B";"2025-11-07 14:38:00";2.4;3.5;3.0;2.1;29.0;28.0;27.0;28.0;27.0;26.0;30.0;28.0;31.0;30.0;28.0;30.0;28.0;27.0;30.0;30.0;31.0;36.0;30.0;29.0;31.0;30.0;33.0;31.0;34.0;30.0;35.0;35.0;31.0;32.0;"2025-11-07 14:40:41"
"2025-11-07";"C";"2025-11-07 21:26:00";2.4;3.5;3.0;2.3;30.0;31.0;30.0;31.0;30.0;30.0;32.0;31.0;34.0;33.0;32.0;36.0;32.0;32.0;34.0;31.0;33.0;33.0;32.0;33.0;34.0;33.0;32.0;32.0;34.0;35.0;34.0;36.0;34.0;36.0;"2025-11-07 21:37:09"
"2025-11-08";"A";"2025-11-08 08:14:00";2.5;3.3;3.0;2.1;26.0;25.0;23.0;23.0;23.0;27.0;28.0;24.0;28.0;30.0;31.0;30.0;28.0;26.0;31.0;31.0;25.0;26.0;25.0;27.0;26.0;28.0;26.0;35.0;30.0;30.0;26.0;27.0;29.0;36.0;"2025-11-08 08:15:25"
"2025-11-08";"B";"2025-11-08 14:43:00";2.4;3.5;3.0;2.1;29.0;28.0;28.0;29.0;27.0;27.0;29.0;28.0;30.0;30.0;29.0;30.0;29.0;27.0;31.0;30.0;30.0;35.0;30.0;29.0;30.0;29.0;33.0;30.0;35.0;30.0;33.0;35.0;31.0;33.0;"2025-11-08 14:45:13"
"2025-11-08";"C";"2025-11-08 21:18:00";2.4;3.4;3.0;2.2;32.0;30.0;33.0;31.0;32.0;34.0;34.0;33.0;32.0;33.0;34.0;30.0;34.0;34.0;31.0;36.0;32.0;33.0;32.0;30.0;32.0;34.0;30.0;31.0;36.0;34.0;34.0;34.0;35.0;33.0;"2025-11-08 21:20:02"
"2025-11-09";"A";"2025-11-09 08:23:00";3.0;3.6;3.0;3.0;262.0;5.0;24.0;24.0;22.0;22.0;25.0;25.0;28.0;26.0;30.0;27.0;24.0;27.0;23.0;28.0;30.0;38.0;27.0;28.0;26.0;35.0;28.0;27.0;30.0;30.0;30.0;27.0;31.0;30.0;"2025-11-09 08:24:46"
"2025-11-09";"B";"2025-11-10 15:21:00";2.4;3.4;3.0;2.1;31.0;29.0;27.0;27.0;27.0;27.0;32.0;27.0;33.0;31.0;29.0;29.0;28.0;27.0;38.0;31.0;38.0;33.0;38.0;29.0;30.0;33.0;36.0;32.0;34.0;32.0;34.0;32.0;29.0;33.0;"2025-11-10 03:23:49"
"2025-11-10";"A";"2025-11-10 06:38:00";3.0;3.2;3.1;2.2;24.0;25.0;25.0;24.0;23.0;22.0;32.0;30.0;30.0;27.0;28.0;30.0;30.0;25.0;36.0;30.0;29.0;31.0;34.0;33.0;34.0;30.0;35.0;34.0;30.0;28.0;33.0;28.0;29.0;32.0;"2025-11-10 06:53:29"
"2025-11-09";"C";"2025-11-10 08:45:00";2.6;3.3;3.0;2.4;32.0;34.0;32.0;30.0;32.0;33.0;29.0;33.0;36.0;34.0;34.0;37.0;36.0;38.0;36.0;38.0;34.0;33.0;33.0;32.0;36.0;34.0;30.0;38.0;34.0;35.0;34.0;37.0;36.0;33.0;"2025-11-10 08:46:37"
"2025-11-10";"B";"2025-11-10 14:00:00";2.9;3.4;3.0;2.4;28.0;30.0;31.0;30.0;32.0;32.0;32.0;30.0;31.0;32.0;31.0;32.0;34.0;32.0;30.0;32.0;31.0;31.0;32.0;33.0;34.0;33.0;31.0;32.0;36.0;34.0;35.0;34.0;31.0;34.0;"2025-11-10 14:01:57"
"2025-11-10";"C";"2025-11-10 23:21:00";2.9;3.2;3.2;2.3;28.0;27.0;26.0;26.0;26.0;26.0;26.0;27.0;31.0;27.0;33.0;28.0;26.0;30.0;26.0;31.0;35.0;33.0;31.0;36.0;23.0;33.0;30.0;30.0;32.0;30.0;30.0;27.0;33.0;32.0;"2025-11-10 23:22:12"
"2025-11-11";"A";"2025-11-11 06:37:00";2.5;3.4;3.1;2.1;24.0;25.0;26.0;26.0;24.0;24.0;30.0;28.0;27.0;29.0;25.0;27.0;24.0;24.0;36.0;28.0;27.0;36.0;30.0;27.0;28.0;41.0;28.0;27.0;31.0;29.0;31.0;26.0;26.0;31.0;"2025-11-11 06:39:29"
"2025-11-11";"B";"2025-11-11 14:52:00";2.6;3.4;3.1;2.4;25.0;24.0;26.0;27.0;27.0;26.0;26.0;25.0;31.0;28.0;25.0;27.0;28.0;26.0;25.0;30.0;31.0;34.0;27.0;29.0;26.0;35.0;30.0;29.0;31.0;34.0;32.0;29.0;32.0;31.0;"2025-11-11 14:53:32"
"2025-11-12";"B";"2025-11-12 15:23:00";2.9;3.5;3.1;2.4;25.0;24.0;25.0;26.0;25.0;24.0;31.0;29.0;29.0;32.0;30.0;30.0;30.0;24.0;34.0;28.0;29.0;31.0;30.0;26.0;34.0;29.0;32.0;34.0;34.0;32.0;34.0;30.0;34.0;33.0;"2025-11-12 15:24:41"
"2025-11-13";"A";"2025-11-13 06:37:00";2.4;3.5;2.8;2.1;25.0;24.0;27.0;26.0;24.0;26.0;29.0;27.0;32.0;28.0;29.0;30.0;28.0;27.0;34.0;28.0;29.0;35.0;32.0;28.0;29.0;41.0;33.0;28.0;33.0;29.0;32.0;30.0;27.0;30.0;"2025-11-13 06:38:56"
"2025-11-13";"C";"2025-11-13 22:29:00";2.4;3.2;2.8;2.3;28.0;26.0;25.0;27.0;27.0;25.0;38.0;35.0;31.0;27.0;30.0;31.0;32.0;30.0;33.0;34.0;32.0;36.0;28.0;28.0;30.0;30.0;35.0;28.0;31.0;32.0;32.0;34.0;30.0;30.0;"2025-11-13 22:30:25"
"2025-11-14";"A";"2025-11-14 07:20:00";2.5;3.5;2.8;2.1;24.0;24.0;23.0;23.0;25.0;24.0;31.0;27.0;32.0;30.0;28.0;33.0;34.0;28.0;28.0;28.0;30.0;34.0;33.0;34.0;29.0;29.0;30.0;30.0;34.0;28.0;32.0;35.0;29.0;34.0;"2025-11-14 08:19:20"
"2025-11-14";"C";"2025-11-14 22:15:00";2.5;3.2;2.8;2.3;26.0;25.0;24.0;31.0;26.0;25.0;33.0;36.0;32.0;25.0;28.0;26.0;31.0;28.0;32.0;27.0;26.0;30.0;32.0;34.0;31.0;34.0;32.0;32.0;31.0;30.0;32.0;32.0;29.0;30.0;"2025-11-14 22:16:48"
"2025-11-15";"A";"2025-11-15 05:45:00";2.5;3.5;2.8;2.1;24.0;24.0;23.0;23.0;25.0;24.0;30.0;31.0;27.0;28.0;32.0;33.0;34.0;28.0;28.0;28.0;30.0;34.0;37.0;29.0;30.0;34.0;29.0;30.0;34.0;28.0;32.0;34.0;29.0;31.0;"2025-11-15 05:46:41"
"2025-11-16";"A";"2025-11-16 05:56:00";2.5;3.5;2.8;2.1;28.0;24.0;23.0;23.0;23.0;21.0;32.0;28.0;32.0;23.0;23.0;21.0;31.0;26.0;35.0;26.0;31.0;34.0;30.0;27.0;31.0;34.0;30.0;31.0;29.0;26.0;31.0;31.0;28.0;30.0;"2025-11-16 05:58:35"
"2025-11-18";"A";"2025-11-18 08:25:00";2.5;3.4;3.0;2.3;29.0;28.0;28.0;26.0;27.0;29.0;30.0;29.0;29.0;32.0;31.0;30.0;29.0;29.0;36.0;32.0;31.0;39.0;32.0;25.0;30.0;34.0;30.0;32.0;31.0;32.0;33.0;29.0;34.0;29.0;"2025-11-18 08:26:33"
"2025-11-18";"B";"2025-11-18 12:44:00";2.9;3.4;3.8;2.3;30.0;28.0;27.0;26.0;24.0;26.0;29.0;30.0;29.0;30.0;30.0;33.0;27.0;31.0;26.0;31.0;41.0;43.0;28.0;32.0;27.0;34.0;30.0;33.0;31.0;30.0;30.0;28.0;32.0;32.0;"2025-11-18 12:45:06"
"2025-11-17";"B";"2025-11-17 12:45:00";2.5;3.2;2.8;2.3;28.0;28.0;26.0;26.0;24.0;25.0;29.0;32.0;29.0;28.0;31.0;28.0;26.0;32.0;25.0;30.0;31.0;27.0;28.0;34.0;28.0;32.0;31.0;30.0;31.0;30.0;28.0;29.0;33.0;24.0;"2025-11-18 12:47:14"
"2025-11-16";"C";"2025-11-16 21:54:00";2.5;3.2;2.8;2.3;28.0;27.0;28.0;27.0;25.0;25.0;37.0;31.0;29.0;30.0;28.0;27.0;34.0;26.0;32.0;35.0;36.0;28.0;35.0;28.0;30.0;29.0;28.0;28.0;30.0;29.0;29.0;28.0;33.0;32.0;"2025-11-18 12:56:07"
"2025-11-19";"A";"2025-11-19 04:55:00";2.5;3.5;3.0;2.4;26.0;27.0;24.0;27.0;26.0;25.0;35.0;36.0;31.0;28.0;29.0;32.0;29.0;28.0;32.0;30.0;29.0;39.0;30.0;32.0;31.0;32.0;30.0;30.0;32.0;30.0;32.0;33.0;29.0;31.0;"2025-11-19 04:56:45"
"2025-11-19";"C";"2025-11-19 21:13:00";2.5;3.0;3.1;2.1;28.0;29.0;29.0;27.0;28.0;29.0;31.0;30.0;28.0;30.0;42.0;27.0;29.0;31.0;30.0;32.0;33.0;31.0;36.0;34.0;36.0;30.0;30.0;28.0;30.0;30.0;30.0;31.0;29.0;29.0;"2025-11-19 21:19:32"
"2025-11-20";"A";"2025-11-20 05:00:00";2.6;3.4;3.0;2.4;28.0;26.0;25.0;27.0;25.0;26.0;31.0;34.0;31.0;29.0;36.0;36.0;30.0;26.0;32.0;29.0;28.0;34.0;30.0;31.0;32.0;28.0;30.0;31.0;33.0;32.0;33.0;34.0;30.0;34.0;"2025-11-20 05:02:02"
"2025-11-20";"C";"2025-11-20 22:36:00";2.5;3.2;3.0;2.1;25.0;26.0;26.0;26.0;26.0;25.0;30.0;29.0;33.0;29.0;29.0;30.0;32.0;30.0;29.0;29.0;30.0;35.0;35.0;30.0;29.0;30.0;29.0;31.0;32.0;30.0;33.0;32.0;29.0;35.0;"2025-11-20 22:38:36"
"2025-11-21";"A";"2025-11-21 03:23:00";2.6;3.4;3.0;2.4;25.0;24.0;26.0;24.0;25.0;24.0;23.0;27.0;28.0;24.0;26.0;27.0;23.0;24.0;40.0;35.0;30.0;34.0;27.0;26.0;28.0;30.0;31.0;35.0;26.0;31.0;34.0;24.0;29.0;32.0;"2025-11-21 03:24:07"
"2025-11-21";"C";"2025-11-21 20:54:00";2.1;3.0;3.0;2.1;28.0;29.0;29.0;26.0;27.0;29.0;31.0;30.0;33.0;30.0;25.0;30.0;30.0;30.0;29.0;30.0;33.0;30.0;35.0;33.0;36.0;29.0;31.0;28.0;30.0;30.0;30.0;29.0;31.0;34.0;"2025-11-21 21:00:20"
"2025-11-22";"A";"2025-11-22 02:56:00";2.6;3.4;3.0;2.1;30.0;32.0;29.0;29.0;30.0;30.0;32.0;30.0;33.0;31.0;32.0;29.0;29.0;32.0;33.0;30.0;33.0;34.0;30.0;32.0;30.0;33.0;33.0;31.0;32.0;30.0;33.0;34.0;31.0;32.0;"2025-11-22 02:57:41"
"2025-11-22";"C";"2025-11-22 23:32:00";2.5;3.3;3.0;2.1;27.0;28.0;28.0;27.0;28.0;29.0;32.0;29.0;33.0;30.0;27.0;30.0;32.0;29.0;35.0;30.0;30.0;34.0;35.0;32.0;31.0;32.0;31.0;30.0;32.0;29.0;34.0;32.0;31.0;34.0;"2025-11-22 23:34:17"
"2025-11-23";"A";"2025-11-23 04:30:00";2.5;3.4;3.0;2.4;26.0;28.0;24.0;27.0;26.0;25.0;30.0;27.0;30.0;31.0;28.0;32.0;31.0;28.0;34.0;30.0;29.0;33.0;32.0;31.0;30.0;31.0;32.0;31.0;32.0;31.0;32.0;34.0;30.0;30.0;"2025-11-23 04:32:01"
"2025-11-24";"A";"2025-11-24 04:08:00";2.5;3.3;3.1;2.1;25.0;23.0;23.0;23.0;21.0;22.0;26.0;28.0;26.0;29.0;30.0;26.0;30.0;27.0;28.0;26.0;30.0;31.0;25.0;28.0;30.0;36.0;33.0;31.0;29.0;32.0;30.0;34.0;26.0;28.0;"2025-11-25 04:09:45"
"2025-11-23";"B";"2025-11-23 14:09:00";2.9;3.4;3.0;2.4;27.0;30.0;26.0;26.0;23.0;24.0;30.0;30.0;31.0;32.0;34.0;31.0;24.0;30.0;26.0;31.0;36.0;33.0;30.0;34.0;30.0;30.0;30.0;31.0;31.0;32.0;28.0;30.0;31.0;32.0;"2025-11-25 04:11:21"
"2025-11-25";"B";"2025-11-25 15:45:00";2.4;3.5;3.2;2.4;25.0;24.0;21.0;24.0;24.0;21.0;30.0;34.0;31.0;27.0;29.0;28.0;30.0;26.0;29.0;26.0;26.0;30.0;23.0;22.0;23.0;29.0;30.0;31.0;25.0;25.0;25.0;25.0;31.0;30.0;"2025-11-25 16:47:27"
"2025-11-25";"B";"2025-11-25 15:45:00";2.4;3.5;3.2;2.4;25.0;24.0;21.0;24.0;24.0;21.0;30.0;34.0;31.0;27.0;29.0;28.0;30.0;26.0;29.0;26.0;26.0;30.0;23.0;22.0;23.0;29.0;30.0;31.0;25.0;25.0;25.0;25.0;31.0;30.0;"2025-11-25 16:50:10"
"2025-11-25";"C";"2025-11-25 23:14:00";3.0;3.2;3.0;2.4;29.0;25.0;24.0;26.0;24.0;23.0;31.0;26.0;30.0;29.0;28.0;26.0;23.0;24.0;34.0;35.0;29.0;28.0;27.0;26.0;25.0;31.0;30.0;32.0;34.0;31.0;32.0;32.0;29.0;30.0;"2025-11-25 23:15:10"
"2025-11-26";"B";"2025-11-26 16:17:00";2.4;3.4;3.0;2.1;28.0;27.0;25.0;28.0;26.0;27.0;32.0;28.0;33.0;30.0;28.0;32.0;32.0;28.0;39.0;30.0;31.0;34.0;36.0;33.0;31.0;32.0;30.0;32.0;30.0;30.0;33.0;32.0;29.0;34.0;"2025-11-26 16:19:49"
"2025-11-26";"C";"2025-11-26 21:41:00";2.4;3.2;3.0;2.2;28.0;26.0;25.0;26.0;27.0;26.0;30.0;26.0;31.0;31.0;25.0;30.0;30.0;28.0;37.0;29.0;30.0;34.0;34.0;30.0;29.0;32.0;32.0;31.0;34.0;29.0;31.0;31.0;28.0;32.0;"2025-11-26 21:42:53"
"2025-11-27";"C";"2025-11-27 20:55:00";2.4;3.1;3.0;2.3;23.0;24.0;24.0;24.0;25.0;27.0;24.0;30.0;31.0;28.0;31.0;30.0;24.0;29.0;36.0;31.0;37.0;38.0;31.0;29.0;30.0;32.0;31.0;33.0;34.0;30.0;32.0;32.0;32.0;34.0;"2025-11-27 20:57:05"
"2025-11-28";"B";"2025-11-28 14:23:00";2.4;3.1;3.0;2.1;28.0;29.0;24.0;25.0;23.0;25.0;34.0;33.0;35.0;28.0;27.0;29.0;27.0;27.0;35.0;30.0;33.0;36.0;31.0;26.0;28.0;32.0;31.0;33.0;29.0;28.0;32.0;31.0;29.0;33.0;"2025-11-28 14:25:35"
"2025-11-28";"C";"2025-11-28 22:00:00";2.4;3.2;3.0;2.1;26.0;27.0;25.0;26.0;26.0;25.0;29.0;39.0;29.0;28.0;32.0;26.0;32.0;28.0;38.0;29.0;31.0;33.0;35.0;32.0;31.0;30.0;30.0;30.0;31.0;30.0;33.0;30.0;28.0;31.0;"2025-11-28 22:02:10"
"2025-11-29";"B";"2025-11-29 13:10:00";2.4;3.4;3.0;2.1;27.0;26.0;27.0;28.0;25.0;28.0;29.0;32.0;32.0;30.0;27.0;29.0;34.0;27.0;34.0;32.0;32.0;38.0;36.0;34.0;31.0;31.0;29.0;31.0;37.0;32.0;33.0;32.0;32.0;35.0;"2025-11-29 13:11:40"
"2025-11-19";"B";"2025-11-19 13:29:00";2.9;3.4;3.0;2.4;27.0;28.0;27.0;26.0;25.0;26.0;30.0;30.0;27.0;26.0;30.0;30.0;29.0;29.0;28.0;27.0;28.0;30.0;33.0;31.0;32.0;31.0;30.0;30.0;31.0;32.0;29.0;26.0;31.0;31.0;"2025-11-30 01:30:37"
"2025-11-20";"B";"2025-11-20 13:30:00";2.9;3.3;2.9;2.4;37.0;28.0;29.0;31.0;28.0;26.0;40.0;29.0;31.0;30.0;32.0;29.0;27.0;33.0;26.0;29.0;38.0;36.0;29.0;35.0;28.0;30.0;30.0;31.0;0.0;0.0;0.0;0.0;0.0;0.0;"2025-11-30 01:32:31"
"2025-11-21";"B";"2025-11-21 13:38:00";2.9;3.3;3.0;2.3;27.0;28.0;29.0;28.0;26.0;26.0;32.0;31.0;30.0;32.0;31.0;28.0;30.0;34.0;26.0;28.0;33.0;33.0;29.0;35.0;31.0;32.0;30.0;30.0;31.0;30.0;30.0;29.0;33.0;30.0;"2025-11-30 01:39:48"
"2025-11-22";"B";"2025-11-22 13:50:00";2.0;3.3;3.0;2.9;28.0;28.0;27.0;27.0;25.0;26.0;32.0;31.0;30.0;28.0;30.0;32.0;27.0;31.0;27.0;31.0;38.0;33.0;30.0;31.0;35.0;30.0;30.0;29.0;30.0;29.0;29.0;28.0;32.0;33.0;"2025-11-30 01:51:27"
"2025-11-25";"A";"2025-11-25 04:55:00";2.4;3.5;3.2;2.4;25.0;24.0;24.0;24.0;21.0;21.0;30.0;27.0;34.0;29.0;31.0;28.0;26.0;26.0;26.0;26.0;29.0;30.0;23.0;29.0;22.0;30.0;33.0;31.0;25.0;31.0;25.0;30.0;25.0;25.0;"2025-11-30 01:56:54"
"2025-11-26";"A";"2025-11-26 05:56:00";3.0;3.2;3.0;2.4;29.0;26.0;25.0;24.0;24.0;23.0;31.0;29.0;26.0;28.0;30.0;26.0;23.0;35.0;34.0;29.0;34.0;28.0;27.0;31.0;26.0;30.0;25.0;32.0;34.0;32.0;31.0;29.0;32.0;30.0;"2025-11-30 01:59:50"
"2025-11-29";"C";"2025-11-30 17:03:00";2.5;3.0;3.0;2.0;28.0;23.0;23.0;25.0;23.0;22.0;27.0;26.0;32.0;26.0;25.0;30.0;31.0;28.0;31.0;30.0;27.0;30.0;25.0;28.0;28.0;24.0;26.0;27.0;27.0;31.0;31.0;26.0;30.0;30.0;"2025-11-30 17:05:02"
"2025-11-30";"C";"2025-11-30 21:02:00";2.4;3.2;3.0;2.4;26.0;25.0;23.0;24.0;25.0;24.0;27.0;29.0;33.0;28.0;30.0;32.0;33.0;29.0;32.0;30.0;31.0;34.0;34.0;29.0;30.0;31.0;30.0;30.0;30.0;34.0;30.0;31.0;38.0;32.0;"2025-11-30 21:03:23"
"2025-12-01";"B";"2025-12-01 13:45:00";2.9;3.4;3.0;2.4;23.0;22.0;24.0;24.0;35.0;26.0;26.0;25.0;32.0;30.0;27.0;28.0;24.0;26.0;28.0;29.0;27.0;28.0;29.0;27.0;29.0;28.0;27.0;31.0;28.0;30.0;29.0;27.0;29.0;28.0;"2025-12-01 13:46:35"
"2025-12-02";"A";"2025-12-02 04:45:00";2.4;3.4;3.1;2.1;23.0;26.0;22.0;29.0;30.0;30.0;25.0;30.0;30.0;23.0;23.0;22.0;25.0;22.0;35.0;30.0;30.0;30.0;30.0;28.0;30.0;30.0;32.0;30.0;28.0;24.0;28.0;29.0;24.0;30.0;"2025-12-02 06:30:13"
"2025-12-02";"B";"2025-12-02 17:13:00";2.9;3.4;3.0;2.4;24.0;25.0;23.0;23.0;24.0;23.0;24.0;30.0;32.0;29.0;30.0;30.0;29.0;26.0;30.0;29.0;30.0;34.0;33.0;27.0;31.0;31.0;29.0;30.0;27.0;30.0;28.0;28.0;29.0;27.0;"2025-12-02 17:14:13"
"2025-12-04";"A";"2025-12-04 07:14:00";2.2;3.8;3.0;2.5;23.0;22.0;20.0;21.0;21.0;19.0;30.0;37.0;25.0;28.0;29.0;28.0;23.0;22.0;27.0;28.0;30.0;28.0;28.0;25.0;29.0;29.0;28.0;26.0;27.0;24.0;29.0;24.0;25.0;30.0;"2025-12-04 07:17:03"
"2025-12-04";"B";"2025-12-04 18:15:00";2.2;3.7;3.0;2.3;26.0;27.0;25.0;25.0;24.0;25.0;31.0;30.0;34.0;32.0;29.0;30.0;31.0;28.0;34.0;28.0;29.0;33.0;34.0;31.0;32.0;32.0;30.0;31.0;31.0;30.0;31.0;29.0;30.0;32.0;"2025-12-04 18:16:20"
"2025-12-05";"B";"2025-12-05 14:46:00";2.4;3.8;2.8;2.4;24.0;23.0;24.0;22.0;24.0;26.0;24.0;26.0;25.0;25.0;28.0;27.0;23.0;30.0;24.0;28.0;35.0;28.0;26.0;25.0;28.0;28.0;26.0;30.0;26.0;25.0;26.0;24.0;23.0;24.0;"2025-12-05 14:47:21"
"2025-12-07";"A";"2025-12-07 05:37:00";2.2;3.6;2.9;2.2;20.0;27.0;20.0;21.0;20.0;21.0;26.0;34.0;33.0;27.0;25.0;26.0;33.0;27.0;28.0;28.0;26.0;30.0;33.0;27.0;27.0;29.0;30.0;25.0;30.0;26.0;32.0;30.0;28.0;30.0;"2025-12-07 05:39:02"
"2025-12-07";"B";"2025-12-08 00:50:00";2.4;3.7;3.0;2.4;24.0;28.0;24.0;26.0;29.0;29.0;26.0;35.0;32.0;27.0;30.0;31.0;32.0;28.0;26.0;28.0;26.0;30.0;32.0;27.0;25.0;29.0;30.0;26.0;29.0;32.0;29.0;30.0;32.0;33.0;"2025-12-08 00:51:40"
"2025-12-08";"A";"2025-12-08 05:12:00";2.2;3.7;3.0;2.3;22.0;23.0;26.0;20.0;24.0;24.0;24.0;23.0;24.0;23.0;26.0;27.0;33.0;24.0;26.0;31.0;26.0;28.0;27.0;28.0;25.0;28.0;26.0;24.0;32.0;27.0;29.0;30.0;28.0;30.0;"2025-12-08 05:13:24"
"2025-12-10";"C";"2025-12-10 23:16:00";2.2;3.4;2.9;2.2;22.0;28.0;23.0;21.0;23.0;22.0;27.0;41.0;34.0;28.0;30.0;28.0;31.0;35.0;30.0;29.0;31.0;29.0;29.0;27.0;31.0;28.0;25.0;28.0;30.0;29.0;32.0;30.0;27.0;30.0;"2025-12-10 23:19:02"
"2025-12-10";"A";"2025-12-11 00:46:00";2.2;3.8;3.0;2.4;23.0;26.0;22.0;22.0;21.0;24.0;26.0;30.0;28.0;27.0;26.0;27.0;31.0;34.0;29.0;29.0;32.0;30.0;26.0;24.0;30.0;24.0;23.0;28.0;26.0;27.0;29.0;24.0;25.0;26.0;"2025-12-11 00:47:17"
"2025-12-11";"C";"2025-12-11 22:33:00";2.3;3.3;2.9;2.2;22.0;24.0;21.0;22.0;21.0;22.0;28.0;40.0;37.0;26.0;25.0;27.0;28.0;28.0;30.0;28.0;27.0;29.0;30.0;28.0;31.0;27.0;25.0;26.0;28.0;28.0;30.0;28.0;27.0;29.0;"2025-12-11 22:35:10"
"2025-12-11";"A";"2025-12-12 01:11:00";2.4;3.6;3.0;2.4;21.0;16.0;20.0;22.0;27.0;30.0;22.0;23.0;30.0;21.0;24.0;28.0;28.0;21.0;23.0;33.0;26.0;38.0;23.0;31.0;29.0;27.0;25.0;29.0;22.0;24.0;26.0;21.0;23.0;24.0;"2025-12-12 01:12:27"
"2025-12-12";"A";"2025-12-13 02:39:00";2.3;3.6;3.0;2.3;22.0;23.0;22.0;22.0;21.0;20.0;26.0;33.0;30.0;25.0;25.0;26.0;30.0;29.0;29.0;31.0;27.0;28.0;30.0;26.0;28.0;26.0;24.0;24.0;28.0;26.0;30.0;25.0;25.0;28.0;"2025-12-13 02:40:42"
"2025-12-14";"C";"2025-12-14 20:29:00";2.2;3.3;3.0;2.2;24.0;29.0;23.0;22.0;23.0;22.0;31.0;33.0;32.0;30.0;26.0;30.0;33.0;27.0;30.0;29.0;32.0;29.0;35.0;30.0;38.0;32.0;37.0;28.0;28.0;29.0;32.0;30.0;31.0;30.0;"2025-12-14 20:30:40"
"2025-12-15";"C";"2025-12-16 16:26:00";2.2;3.3;3.0;2.2;23.0;24.0;23.0;31.0;23.0;24.0;28.0;26.0;35.0;29.0;28.0;26.0;25.0;26.0;29.0;24.0;25.0;26.0;26.0;31.0;28.0;24.0;29.0;26.0;29.0;28.0;30.0;31.0;34.0;32.0;"2025-12-16 16:27:49"
"2025-12-16";"B";"2025-12-16 16:38:00";2.2;3.5;3.1;2.2;24.0;26.0;24.0;24.0;24.0;23.0;30.0;35.0;35.0;32.0;30.0;31.0;29.0;30.0;30.0;30.0;33.0;32.0;30.0;30.0;33.0;30.0;32.0;33.0;29.0;30.0;32.0;30.0;29.0;32.0;"2025-12-16 16:41:18"
"2025-12-16";"C";"2025-12-16 21:14:00";2.3;3.8;3.2;2.2;20.0;23.0;21.0;21.0;29.0;24.0;30.0;34.0;32.0;29.0;32.0;29.0;24.0;29.0;28.0;30.0;32.0;30.0;29.0;32.0;30.0;30.0;31.0;33.0;26.0;30.0;30.0;29.0;26.0;33.0;"2025-12-16 21:16:01"
"2025-12-19";"B";"2025-12-19 14:48:00";2.1;3.8;3.1;2.3;24.0;23.0;25.0;23.0;25.0;23.0;29.0;32.0;27.0;29.0;25.0;26.0;32.0;30.0;33.0;27.0;27.0;29.0;32.0;27.0;31.0;28.0;26.0;28.0;27.0;25.0;28.0;29.0;26.0;26.0;"2025-12-19 14:50:20"
"2025-12-19";"C";"2025-12-19 20:54:00";2.3;3.8;3.0;2.5;21.0;22.0;20.0;20.0;24.0;21.0;29.0;30.0;27.0;28.0;23.0;24.0;31.0;29.0;32.0;28.0;26.0;28.0;31.0;26.0;29.0;24.0;26.0;27.0;27.0;24.0;26.0;29.0;26.0;24.0;"2025-12-19 20:56:05"
"2025-12-20";"C";"2025-12-21 21:48:00";2.5;3.8;3.2;2.2;24.0;23.0;24.0;26.0;26.0;28.0;30.0;28.0;28.0;31.0;27.0;25.0;30.0;30.0;24.0;31.0;30.0;28.0;32.0;28.0;24.0;30.0;26.0;27.0;30.0;29.0;34.0;32.0;31.0;32.0;"2025-12-21 21:49:25"
"2025-12-21";"C";"2025-12-21 21:52:00";2.3;3.6;3.0;2.3;19.0;22.0;24.0;21.0;20.0;22.0;26.0;30.0;28.0;28.0;24.0;25.0;31.0;28.0;27.0;29.0;24.0;25.0;24.0;30.0;24.0;29.0;27.0;30.0;27.0;24.0;21.0;24.0;23.0;23.0;"2025-12-21 21:53:55"
"2025-12-23";"A";"2025-12-23 06:51:00";2.1;3.7;3.1;2.3;18.0;26.0;18.0;18.0;18.0;19.0;30.0;24.0;31.0;23.0;24.0;23.0;32.0;27.0;24.0;26.0;27.0;31.0;32.0;31.0;28.0;23.0;25.0;24.0;26.0;23.0;28.0;24.0;22.0;24.0;"2025-12-23 06:53:12"
"2025-12-22";"B";"2025-12-23 09:25:00";2.3;3.5;3.2;2.2;20.0;22.0;23.0;22.0;21.0;24.0;26.0;28.0;29.0;29.0;25.0;24.0;26.0;25.0;22.0;24.0;28.0;26.0;32.0;28.0;27.0;28.0;25.0;24.0;25.0;29.0;24.0;29.0;26.0;30.0;"2025-12-23 09:26:46"
"2025-12-23";"B";"2025-12-23 13:36:00";2.3;3.8;3.0;2.5;19.0;18.0;18.0;18.0;16.0;25.0;19.0;20.0;22.0;21.0;19.0;23.0;23.0;20.0;28.0;28.0;24.0;32.0;24.0;22.0;23.0;26.0;24.0;21.0;22.0;26.0;20.0;24.0;23.0;22.0;"2025-12-23 13:37:23"
"2025-12-24";"A";"2025-12-24 07:07:00";2.1;3.7;3.1;2.3;19.0;26.0;19.0;18.0;19.0;18.0;31.0;26.0;30.0;24.0;26.0;24.0;31.0;28.0;25.0;28.0;27.0;32.0;32.0;30.0;27.0;24.0;26.0;25.0;26.0;25.0;29.0;25.0;26.0;29.0;"2025-12-24 07:10:16"
"2025-12-24";"B";"2025-12-25 12:19:00";2.3;3.5;3.3;2.4;22.0;21.0;21.0;24.0;21.0;20.0;25.0;30.0;31.0;31.0;28.0;27.0;24.0;26.0;32.0;27.0;32.0;29.0;26.0;28.0;29.0;29.0;28.0;27.0;28.0;25.0;28.0;25.0;23.0;33.0;"2025-12-25 12:20:13"
"2026-01-01";"A";"2026-01-04 04:44:00";2.4;3.7;3.0;2.6;22.0;19.0;21.0;23.0;21.0;22.0;17.0;21.0;19.0;19.0;20.0;21.0;29.0;21.0;26.0;24.0;24.0;28.0;19.0;22.0;21.0;22.0;19.0;26.0;21.0;24.0;23.0;22.0;19.0;26.0;"2026-01-04 04:45:49"
"2026-01-02";"A";"2026-01-04 04:49:00";2.2;3.8;3.0;2.6;20.0;22.0;19.0;19.0;21.0;20.0;23.0;30.0;28.0;24.0;26.0;23.0;28.0;26.0;27.0;26.0;23.0;29.0;30.0;28.0;27.0;26.0;27.0;29.0;26.0;25.0;23.0;27.0;24.0;29.0;"2026-01-04 04:50:53"
"2026-01-08";"B";"2026-01-08 16:31:00";2.1;4.0;3.1;2.3;19.0;23.0;18.0;20.0;19.0;20.0;23.0;37.0;26.0;24.0;26.0;26.0;27.0;32.0;32.0;24.0;25.0;29.0;25.0;26.0;28.0;25.0;24.0;24.0;26.0;24.0;27.0;26.0;27.0;27.0;"2026-01-08 16:33:29"
"2026-01-06";"C";"2026-01-08 18:25:00";2.3;3.8;3.1;2.3;20.0;18.0;16.0;18.0;17.0;18.0;18.0;24.0;23.0;23.0;21.0;22.0;19.0;22.0;21.0;26.0;26.0;26.0;21.0;26.0;23.0;22.0;23.0;21.0;21.0;23.0;24.0;19.0;22.0;21.0;"2026-01-08 18:26:30"
"2026-01-07";"C";"2026-01-08 18:33:00";2.5;3.8;3.1;2.4;19.0;22.0;19.0;21.0;19.0;20.0;23.0;30.0;28.0;26.0;24.0;23.0;24.0;29.0;30.0;25.0;26.0;29.0;26.0;24.0;26.0;24.0;22.0;23.0;24.0;26.0;22.0;23.0;22.0;26.0;"2026-01-08 18:34:39"
"2026-01-09";"B";"2026-01-09 14:04:00";2.1;3.9;3.1;2.3;19.0;23.0;17.0;17.0;16.0;19.0;24.0;31.0;37.0;24.0;26.0;25.0;26.0;25.0;27.0;25.0;23.0;26.0;24.0;30.0;33.0;25.0;27.0;30.0;28.0;27.0;32.0;24.0;22.0;26.0;"2026-01-09 14:06:59"
"2025-11-28";"A";"2025-11-28 05:17:00";2.5;3.2;3.1;2.4;27.0;23.0;27.0;21.0;22.0;22.0;28.0;30.0;38.0;29.0;30.0;25.0;33.0;28.0;23.0;30.0;35.0;32.0;27.0;27.0;27.0;29.0;27.0;27.0;28.0;30.0;26.0;25.0;30.0;25.0;"2026-01-10 02:18:40"
"2025-11-29";"A";"2025-11-29 04:18:00";2.5;3.2;3.1;2.0;26.0;27.0;23.0;22.0;20.0;23.0;25.0;30.0;25.0;28.0;31.0;28.0;22.0;28.0;22.0;33.0;34.0;32.0;28.0;33.0;35.0;27.0;30.0;31.0;28.0;29.0;26.0;27.0;31.0;30.0;"2026-01-10 02:20:15"
"2025-11-30";"A";"2025-11-30 05:27:00";2.5;3.1;3.1;2.0;34.0;34.0;24.0;27.0;23.0;23.0;24.0;32.0;26.0;26.0;25.0;23.0;31.0;31.0;32.0;29.0;27.0;26.0;28.0;33.0;24.0;29.0;25.0;26.0;0.0;0.0;0.0;0.0;0.0;0.0;"2026-01-10 02:27:44"
"2025-11-30";"A";"2025-11-30 05:27:00";2.5;3.1;3.1;2.8;25.0;25.0;24.0;25.0;21.0;21.0;28.0;32.0;27.0;30.0;30.0;28.0;25.0;30.0;25.0;32.0;30.0;35.0;28.0;32.0;29.0;30.0;30.0;28.0;30.0;29.0;27.0;31.0;27.0;31.0;"2026-01-10 02:29:08"
"2025-02-11";"C";"2025-02-11 21:34:00";2.5;3.2;3.1;2.0;25.0;24.0;25.0;25.0;22.0;23.0;33.0;30.0;31.0;30.0;31.0;29.0;30.0;30.0;28.0;27.0;30.0;32.0;30.0;30.0;31.0;31.0;29.0;28.0;25.0;30.0;25.0;34.0;30.0;33.0;"2026-01-10 02:35:47"
"2025-12-02";"C";"2025-12-02 21:35:00";2.7;3.3;3.1;2.3;27.0;25.0;26.0;25.0;24.0;24.0;28.0;31.0;37.0;30.0;31.0;29.0;25.0;30.0;25.0;33.0;28.0;28.0;30.0;30.0;30.0;30.0;32.0;29.0;30.0;28.0;28.0;27.0;32.0;33.0;"2026-01-10 02:37:34"
"2025-12-03";"C";"2025-12-03 21:44:00";2.5;3.4;3.1;2.2;27.0;26.0;26.0;24.0;24.0;36.0;31.0;29.0;28.0;36.0;29.0;30.0;27.0;26.0;28.0;33.0;32.0;33.0;30.0;32.0;29.0;31.0;30.0;30.0;30.0;28.0;28.0;29.0;32.0;31.0;"2026-01-10 02:46:00"
"2025-12-05";"C";"2025-12-04 21:46:00";2.4;3.8;2.8;2.4;21.0;23.0;2.0;422.0;20.0;21.0;28.0;29.0;33.0;30.0;26.0;30.0;23.0;29.0;23.0;25.0;26.0;28.0;28.0;29.0;32.0;30.0;32.0;26.0;28.0;24.0;26.0;26.0;30.0;28.0;"2026-01-10 02:47:58"
"2025-12-06";"C";"2025-12-06 21:55:00";2.1;3.4;2.8;2.22;24.0;24.0;27.0;23.0;22.0;23.0;34.0;30.0;38.0;28.0;27.0;26.0;25.0;28.0;23.0;29.0;28.0;29.0;28.0;29.0;29.0;30.0;30.0;27.0;30.0;25.0;27.0;25.0;30.0;32.0;"2026-01-10 02:56:22"
"2025-12-07";"C";"2025-12-07 21:56:00";2.1;3.5;3.1;2.4;23.0;23.0;23.0;22.0;21.0;22.0;28.0;30.0;28.0;30.0;29.0;28.0;26.0;31.0;28.0;32.0;27.0;31.0;26.0;29.0;30.0;27.0;30.0;27.0;29.0;28.0;26.0;27.0;30.0;30.0;"2026-01-10 02:58:00"
"2026-01-09";"B";"2026-01-10 03:21:00";2.2;3.7;3.2;2.3;20.0;19.0;19.0;20.0;20.0;20.0;19.0;24.0;22.0;22.0;31.0;20.0;21.0;22.0;21.0;22.0;20.0;20.0;23.0;21.0;20.0;23.0;29.0;26.0;20.0;22.0;29.0;27.0;23.0;26.0;"2026-01-10 03:22:30"
"2026-01-08";"A";"2026-01-08 03:26:00";2.1;3.8;3.1;2.3;20.0;20.0;21.0;18.0;18.0;20.0;25.0;26.0;26.0;35.0;20.0;26.0;20.0;20.0;19.0;25.0;20.0;26.0;19.0;25.0;20.0;26.0;32.0;27.0;21.0;22.0;22.0;27.0;23.0;27.0;"2026-01-10 03:27:37"
"2026-01-07";"A";"2026-01-07 03:27:00";2.1;3.1;3.1;2.3;18.0;18.0;24.0;19.0;18.0;20.0;23.0;24.0;28.0;25.0;26.0;23.0;23.0;23.0;23.0;24.0;27.0;27.0;25.0;23.0;24.0;26.0;30.0;24.0;25.0;24.0;21.0;23.0;24.0;25.0;"2026-01-10 03:28:54"
"2026-01-04";"B";"2026-01-04 17:36:00";2.3;3.6;3.1;2.2;19.0;20.0;23.0;19.0;28.0;18.0;22.0;253.0;27.0;30.0;24.0;24.0;21.0;24.0;28.0;21.0;25.0;24.0;21.0;24.0;25.0;26.0;29.0;28.0;22.0;23.0;22.0;22.0;23.0;23.0;"2026-01-10 03:37:31"
"2026-01-01";"B";"2026-01-01 17:37:00";2.4;3.8;3.3;2.3;21.0;19.0;22.0;18.0;20.0;20.0;23.0;27.0;27.0;28.0;25.0;28.0;23.0;22.0;21.0;22.0;24.0;28.0;20.0;26.0;28.0;27.0;30.0;26.0;22.0;23.0;22.0;22.0;22.0;23.0;"2026-01-10 03:39:18"
"2026-01-10";"B";"2026-01-10 14:49:00";2.1;3.8;3.0;2.3;20.0;23.0;20.0;21.0;21.0;20.0;26.0;30.0;27.0;24.0;26.0;24.0;28.0;34.0;27.0;26.0;26.0;34.0;26.0;31.0;26.0;25.0;27.0;27.0;28.0;23.0;29.0;29.0;23.0;29.0;"2026-01-10 14:50:26"
"2026-01-08";"C";"2026-01-10 17:19:00";2.2;3.9;3.0;2.4;20.0;23.0;19.0;21.0;22.0;19.0;23.0;21.0;24.0;25.0;25.0;23.0;26.0;29.0;31.0;25.0;26.0;28.0;24.0;25.0;26.0;23.0;24.0;26.0;23.0;24.0;22.0;24.0;22.0;23.0;"2026-01-10 17:20:05"
"2026-01-09";"C";"2026-01-10 17:24:00";2.4;3.8;3.0;2.3;16.0;19.0;20.0;20.0;21.0;19.0;21.0;22.0;33.0;23.0;21.0;30.0;31.0;26.0;32.0;28.0;31.0;30.0;23.0;18.0;21.0;22.0;24.0;20.0;23.0;25.0;21.0;22.0;23.0;21.0;"2026-01-10 17:25:35"
"2026-01-10";"C";"2026-01-11 21:16:00";2.2;3.7;3.1;2.3;22.0;25.0;22.0;21.0;22.0;22.0;26.0;31.0;32.0;28.0;29.0;30.0;30.0;31.0;30.0;29.0;30.0;31.0;28.0;30.0;28.0;28.0;29.0;30.0;29.0;25.0;30.0;26.0;30.0;29.0;"2026-01-11 21:17:42"
"2026-01-11";"C";"2026-01-11 21:21:00";2.4;3.4;3.0;2.4;22.0;24.0;31.0;20.0;22.0;29.0;19.0;22.0;30.0;20.0;21.0;28.0;30.0;24.0;31.0;33.0;28.0;27.0;22.0;24.0;23.0;20.0;22.0;24.0;26.0;20.0;23.0;23.0;24.0;22.0;"2026-01-11 21:22:30"
"2026-01-12";"B";"2026-01-12 13:44:00";2.5;3.8;3.0;2.2;17.0;20.0;16.0;21.0;22.0;19.0;23.0;22.0;21.0;24.0;20.0;24.0;26.0;31.0;24.0;28.0;30.0;26.0;24.0;19.0;22.0;23.0;24.0;21.0;25.0;23.0;22.0;23.0;24.0;23.0;"2026-01-12 13:45:36"
"2026-01-14";"B";"2026-01-14 13:14:00";2.4;3.8;2.9;2.5;19.0;18.0;21.0;29.0;22.0;20.0;21.0;23.0;34.0;22.0;24.0;30.0;30.0;27.0;26.0;24.0;22.0;27.0;25.0;23.0;26.0;28.0;24.0;24.0;23.0;21.0;24.0;24.0;23.0;22.0;"2026-01-14 13:15:14"
"2026-01-14";"A";"2026-01-14 05:21:00";2.1;3.9;3.1;2.3;18.0;23.0;18.0;19.0;18.0;18.0;24.0;27.0;28.0;23.0;25.0;24.0;25.0;27.0;26.0;22.0;23.0;24.0;24.0;30.0;26.0;23.0;20.0;23.0;24.0;22.0;27.0;25.0;23.0;26.0;"2026-01-15 05:23:20"
"2026-01-09";"A";"2026-01-09 08:38:00";2.2;3.7;3.2;2.3;20.0;19.0;20.0;20.0;20.0;20.0;2.0;24.0;22.0;22.0;31.0;19.0;21.0;22.0;21.0;22.0;20.0;20.0;23.0;21.0;20.0;23.0;29.0;26.0;19.0;22.0;24.0;27.0;23.0;26.0;"2026-01-16 19:39:37"
"2026-01-10";"A";"2026-01-10 05:39:00";2.1;3.8;3.2;2.3;19.0;20.0;24.0;20.0;20.0;24.0;20.0;24.0;32.0;25.0;28.0;27.0;22.0;20.0;22.0;24.0;24.0;25.0;22.0;23.0;25.0;27.0;33.0;26.0;20.0;22.0;21.0;21.0;22.0;20.0;"2026-01-16 19:41:22"
"2026-01-12";"C";"2026-01-12 21:54:00";2.2;3.4;3.1;2.1;20.0;20.0;23.0;20.0;20.0;20.0;25.0;25.0;28.0;24.0;26.0;22.0;26.0;24.0;22.0;22.0;28.0;23.0;23.0;27.0;24.0;25.0;28.0;32.0;24.0;25.0;24.0;24.0;23.0;25.0;"2026-01-16 19:55:25"
"2026-01-13";"C";"2026-01-13 21:55:00";2.2;3.4;3.0;2.2;23.0;21.0;20.0;20.0;20.0;23.0;31.0;28.0;26.0;25.0;27.0;25.0;23.0;23.0;22.0;27.0;27.0;24.0;28.0;27.0;25.0;25.0;33.0;25.0;24.0;28.0;27.0;25.0;25.0;33.0;"2026-01-16 19:57:46"
"2026-01-14";"C";"2026-01-14 21:03:00";2.0;3.4;3.0;2.2;21.0;25.0;28.0;22.0;21.0;20.0;26.0;22.0;25.0;34.0;30.0;26.0;24.0;24.0;26.0;28.0;28.0;24.0;24.0;27.0;26.0;28.0;32.0;25.0;28.0;25.0;23.0;26.0;24.0;22.0;"2026-01-16 20:04:07"
"2026-01-15";"C";"2026-01-15 20:07:00";2.1;3.4;3.1;2.3;20.0;20.0;20.0;20.0;21.0;25.0;20.0;21.0;20.0;22.0;26.0;24.0;26.0;25.0;23.0;24.0;26.0;25.0;23.0;31.0;26.0;30.0;24.0;26.0;23.0;23.0;25.0;24.0;24.0;23.0;"2026-01-16 20:08:30"
"2026-01-16";"B";"2026-01-19 00:30:00";2.2;3.5;3.1;2.4;16.0;15.0;20.0;15.0;13.0;14.0;14.0;15.0;26.0;16.0;18.0;24.0;22.0;20.0;21.0;21.0;25.0;24.0;21.0;18.0;22.0;19.0;22.0;17.0;17.0;20.0;15.0;15.0;18.0;19.0;"2026-01-19 00:31:52"
"2026-01-17";"B";"2026-01-19 00:35:00";2.1;3.6;3.0;2.2;20.0;25.0;22.0;20.0;20.0;21.0;24.0;30.0;33.0;27.0;27.0;31.0;25.0;22.0;27.0;25.0;26.0;30.0;25.0;27.0;27.0;30.0;29.0;31.0;25.0;27.0;29.0;26.0;27.0;32.0;"2026-01-19 00:36:51"
"2026-01-18";"B";"2026-01-19 00:41:00";2.0;3.5;2.9;2.1;22.0;20.0;23.0;24.0;21.0;22.0;24.0;34.0;27.0;27.0;28.0;28.0;25.0;25.0;27.0;24.0;27.0;24.0;25.0;30.0;26.0;26.0;27.0;27.0;25.0;25.0;23.0;29.0;26.0;24.0;"2026-01-19 00:41:59"
"2026-01-19";"B";"2026-01-19 16:12:00";2.3;3.2;2.9;2.1;25.0;24.0;26.0;24.0;22.0;24.0;25.0;30.0;28.0;28.0;28.0;31.0;28.0;27.0;25.0;24.0;30.0;30.0;28.0;30.0;32.0;29.0;29.0;36.0;26.0;27.0;26.0;25.0;27.0;25.0;"2026-01-19 16:13:33"
"2026-01-19";"A";"2026-01-20 05:17:00";2.8;3.8;3.0;2.5;24.0;22.0;18.0;23.0;21.0;22.0;22.0;26.0;24.0;23.0;24.0;22.0;25.0;23.0;26.0;24.0;26.0;34.0;21.0;24.0;22.0;23.0;26.0;28.0;22.0;23.0;24.0;20.0;21.0;22.0;"2026-01-20 05:19:15"
"2026-01-20";"A";"2026-01-20 05:23:00";2.8;3.6;3.0;2.5;19.0;24.0;26.0;20.0;22.0;24.0;21.0;22.0;25.0;20.0;21.0;23.0;26.0;26.0;31.0;25.0;26.0;34.0;24.0;26.0;25.0;29.0;25.0;28.0;23.0;22.0;26.0;28.0;21.0;24.0;"2026-01-20 05:25:02"
"2026-01-20";"B";"2026-01-20 16:16:00";2.3;3.2;2.9;2.1;26.0;25.0;28.0;25.0;24.0;24.0;27.0;29.0;35.0;28.0;30.0;28.0;26.0;24.0;25.0;25.0;28.0;28.0;26.0;28.0;30.0;28.0;28.0;26.0;27.0;30.0;27.0;28.0;27.0;26.0;"2026-01-20 16:17:50"
"2026-01-22";"A";"2026-01-22 05:47:00";2.9;3.6;3.1;2.4;23.0;30.0;21.0;24.0;23.0;26.0;27.0;30.0;31.0;26.0;28.0;25.0;24.0;26.0;24.0;26.0;25.0;24.0;28.0;23.0;24.0;25.0;27.0;26.0;26.0;24.0;28.0;26.0;25.0;27.0;"2026-01-22 05:49:00"
"2026-01-21";"B";"2026-01-21 17:01:00";2.4;3.7;3.0;2.4;25.0;25.0;32.0;24.0;23.0;23.0;29.0;28.0;32.0;28.0;34.0;27.0;28.0;27.0;26.0;25.0;30.0;29.0;28.0;28.0;28.0;26.0;27.0;27.0;30.0;27.0;24.0;27.0;26.0;26.0;"2026-01-22 09:02:24"
"2026-01-22";"C";"2026-01-22 22:50:00";2.3;3.4;3.0;2.2;22.0;27.0;21.0;22.0;20.0;21.0;23.0;37.0;28.0;28.0;24.0;30.0;28.0;37.0;31.0;27.0;28.0;36.0;29.0;31.0;29.0;28.0;29.0;30.0;28.0;27.0;31.0;28.0;27.0;29.0;"2026-01-22 22:52:16"
"2026-01-23";"A";"2026-01-23 05:44:00";2.6;3.6;3.0;2.4;16.0;17.0;23.0;18.0;20.0;28.0;26.0;24.0;21.0;24.0;23.0;22.0;24.0;22.0;23.0;24.0;25.0;31.0;22.0;21.0;24.0;26.0;24.0;22.0;25.0;24.0;23.0;24.0;21.0;26.0;"2026-01-23 05:45:23"
"2026-01-24";"A";"2026-02-03 09:45:00";2.6;3.4;3.0;2.2;28.0;26.0;31.0;27.0;28.0;30.0;30.0;32.0;30.0;31.0;29.0;28.0;30.0;28.0;32.0;30.0;29.0;30.0;30.0;29.0;31.0;31.0;30.0;30.0;32.0;34.0;28.0;34.0;31.0;33.0;"2026-02-03 09:47:47"
"2026-01-30";"C";"2026-02-03 09:54:00";2.8;3.4;3.0;2.5;21.0;24.0;20.0;20.0;21.0;19.0;27.0;29.0;28.0;28.0;29.0;27.0;28.0;32.0;33.0;26.0;29.0;31.0;24.0;26.0;31.0;25.0;27.0;26.0;27.0;29.0;26.0;29.0;27.0;30.0;"2026-02-03 09:55:16"
"2026-02-01";"C";"2026-02-03 10:00:00";2.4;3.4;3.0;2.4;26.0;21.0;27.0;24.0;20.0;24.0;27.0;33.0;30.0;24.0;31.0;28.0;33.0;26.0;27.0;28.0;33.0;34.0;26.0;24.0;30.0;32.0;31.0;28.0;24.0;26.0;28.0;22.0;24.0;26.0;"2026-02-03 10:02:15"
"2026-02-02";"B";"2026-02-03 10:06:00";2.8;3.4;3.0;2.4;23.0;22.0;25.0;22.0;21.0;28.0;28.0;24.0;28.0;23.0;22.0;26.0;30.0;25.0;28.0;35.0;27.0;32.0;21.0;20.0;23.0;31.0;30.0;28.0;24.0;28.0;26.0;22.0;26.0;24.0;"2026-02-03 10:07:42"
"2026-02-03";"B";"2026-02-03 14:34:00";2.8;3.4;3.0;2.4;21.0;21.0;22.0;21.0;23.0;27.0;23.0;29.0;37.0;22.0;25.0;32.0;36.0;24.0;31.0;27.0;26.0;29.0;28.0;26.0;25.0;27.0;24.0;29.0;25.0;28.0;24.0;22.0;26.0;26.0;"2026-02-03 14:36:16"
"2026-02-04";"B";"2026-02-04 14:38:00";2.7;3.4;3.0;2.4;20.0;18.0;21.0;21.0;18.0;19.0;23.0;22.0;29.0;22.0;20.0;24.0;32.0;25.0;26.0;28.0;30.0;34.0;26.0;28.0;27.0;23.0;24.0;22.0;25.0;27.0;26.0;24.0;23.0;24.0;"2026-02-04 14:39:21"
"2026-02-05";"A";"2026-02-05 03:36:00";2.6;3.3;3.1;2.2;30.0;32.0;20.0;24.0;19.0;20.0;31.0;31.0;24.0;23.0;21.0;20.0;28.0;29.0;27.0;26.0;23.0;22.0;28.0;29.0;27.0;26.0;23.0;22.0;24.0;26.0;22.0;24.0;21.0;22.0;"2026-02-06 03:39:07"
"2026-02-06";"A";"2026-02-06 06:20:00";2.3;3.3;3.2;2.2;20.0;21.0;17.0;24.0;21.0;20.0;23.0;26.0;25.0;26.0;27.0;23.0;22.0;23.0;28.0;26.0;30.0;32.0;23.0;21.0;22.0;26.0;27.0;24.0;24.0;25.0;27.0;21.0;22.0;25.0;"2026-02-06 06:22:14"
"2026-02-07";"A";"2026-02-07 05:45:00";2.4;3.5;3.1;2.3;19.0;22.0;18.0;19.0;20.0;19.0;30.0;27.0;32.0;27.0;27.0;30.0;25.0;28.0;28.0;26.0;27.0;28.0;26.0;28.0;32.0;26.0;25.0;30.0;25.0;27.0;29.0;24.0;26.0;28.0;"2026-02-07 05:46:39"
"2026-02-08";"A";"2026-02-08 06:32:00";2.5;3.5;3.1;2.3;18.0;24.0;18.0;19.0;20.0;18.0;25.0;27.0;28.0;27.0;25.0;26.0;26.0;27.0;30.0;28.0;25.0;29.0;26.0;25.0;28.0;26.0;23.0;25.0;25.0;23.0;26.0;26.0;24.0;25.0;"2026-02-08 06:34:15"
"2026-02-05";"B";"2026-02-08 09:33:00";2.8;3.4;3.0;2.9;19.0;21.0;22.0;21.0;18.0;19.0;26.0;28.0;25.0;24.0;26.0;24.0;23.0;25.0;37.0;25.0;25.0;23.0;22.0;25.0;23.0;28.0;27.0;24.0;23.0;25.0;28.0;22.0;23.0;25.0;"2026-02-08 09:35:00"
"2026-02-06";"B";"2026-02-08 09:41:00";2.8;3.5;3.0;2.4;20.0;19.0;24.0;23.0;18.0;21.0;24.0;30.0;25.0;22.0;26.0;24.0;25.0;23.0;24.0;27.0;24.0;26.0;24.0;23.0;22.0;23.0;24.0;25.0;22.0;24.0;23.0;21.0;22.0;21.0;"2026-02-08 09:43:31"
"2026-02-08";"B";"2026-02-09 05:22:00";2.2;3.5;3.0;2.6;19.0;25.0;20.0;19.0;20.0;19.0;29.0;27.0;32.0;26.0;28.0;29.0;26.0;33.0;25.0;29.0;27.0;26.0;30.0;32.0;28.0;29.0;27.0;28.0;26.0;24.0;28.0;26.0;25.0;29.0;"2026-02-09 05:23:31"
"2026-02-09";"A";"2026-02-09 05:26:00";3.0;3.4;3.0;2.4;24.0;18.0;17.0;21.0;20.0;19.0;24.0;22.0;23.0;25.0;26.0;24.0;20.0;21.0;23.0;26.0;27.0;24.0;24.0;26.0;22.0;27.0;22.0;21.0;23.0;25.0;21.0;21.0;23.0;20.0;"2026-02-09 05:27:56"
"2026-02-10";"A";"2026-02-10 05:37:00";2.8;3.3;3.0;2.4;20.0;21.0;32.0;19.0;20.0;28.0;19.0;27.0;36.0;21.0;24.0;31.0;28.0;26.0;38.0;25.0;24.0;26.0;23.0;22.0;24.0;30.0;25.0;26.0;22.0;25.0;27.0;20.0;22.0;24.0;"2026-02-10 05:39:01"
"2026-02-11";"A";"2026-02-11 05:31:00";2.8;3.2;3.0;2.4;32.0;27.0;23.0;28.0;24.0;21.0;24.0;29.0;27.0;26.0;27.0;24.0;29.0;24.0;26.0;25.0;27.0;31.0;23.0;27.0;24.0;24.0;33.0;28.0;24.0;28.0;26.0;22.0;25.0;24.0;"2026-02-11 05:32:15"
"2026-02-19";"B";"2026-02-19 14:58:00";2.2;3.3;3.0;2.2;27.0;28.0;26.0;25.0;24.0;24.0;28.0;30.0;31.0;30.0;31.0;33.0;33.0;29.0;33.0;30.0;32.0;34.0;31.0;33.0;28.0;27.0;29.0;30.0;30.0;31.0;33.0;29.0;30.0;32.0;"2026-02-19 15:00:01"
"2026-03-01";"A";"2026-03-01 06:11:00";2.4;3.3;3.0;2.1;24.0;26.0;24.0;24.0;25.0;23.0;29.0;33.0;31.0;29.0;28.0;24.0;30.0;28.0;31.0;30.0;27.0;30.0;29.0;32.0;30.0;30.0;31.0;29.0;30.0;28.0;32.0;30.0;29.0;32.0;"2026-03-01 06:13:17"
