Date,start_time,end_time,section,machinery,remarks,timestamp
17-11-2023,17-11-2023 16:16,17-11-2023 17:14,MILLS,In-line Shredder,Shredder motor tripped on high vibration and 3 MW turbine (Both tripped),12-12-2023 12:57
19-11-2023,19-11-2023 11:28,19-11-2023 11:32,MILLS,Transmission Gearing 3,Loose bolt got tightened of 3rd mill transmission gear bearing bolt,12-12-2023 13:01
19-11-2023,19-11-2023 13:14,19-11-2023 13:19,MILLS,Transmission Gearing 3,Loose bolt got tightened of 3rd mill transmission gear bearing bolt,12-12-2023 13:02
19-11-2023,19-11-2023 17:41,19-11-2023 19:45,MILLS,Zero Mill,Zero mill tripped due to oil pump tripping and baggasse jamming on the cane belt conveyer due to failure of interlocking,12-12-2023 13:04
20-11-2023,21-11-2023 01:44,21-11-2023 01:47,MILLS,IRC 1,IRC-1 tripped due to high load,12-12-2023 13:06
21-11-2023,21-11-2023 09:58,21-11-2023 10:34,MILLS,In-line Shredder,For checking shredder vibration at no load,12-12-2023 13:07
21-11-2023,21-11-2023 12:55,21-11-2023 12:58,MILLS,IRC 1,IRC-1 tripped due to high load,12-12-2023 13:08
21-11-2023,21-11-2023 19:43,21-11-2023 20:58,BOILING HOUSE,Boiling House (DS) - Mechanical,Vapour cell 2500 sq.m juice inlet control valve joint leak,12-12-2023 13:10
22-11-2023,22-11-2023 14:27,22-11-2023 14:31,MILLS,In-line Shredder,Shredder tripping occurred due to high vibration,12-12-2023 13:11
22-11-2023,22-11-2023 18:44,22-11-2023 18:50,MILLS,In-line Shredder,Shredder tripping due to high vibration,12-12-2023 13:12
22-11-2023,23-11-2023 01:02,23-11-2023 01:26,OTHERS,Boiler - Electrical,Grid failure,12-12-2023 13:14
22-11-2023,23-11-2023 02:09,23-11-2023 08:08,MILLS,In-line Shredder,Shredder stoppage for checking work,12-12-2023 13:15
23-11-2023,23-11-2023 08:00,23-11-2023 11:28,MILLS,In-line Shredder,Shredder checking work,12-12-2023 13:16
23-11-2023,24-11-2023 00:26,24-11-2023 00:32,MILLS,IRC 2,IRC-2 stopped due to electrical problem,12-12-2023 13:17
23-11-2023,24-11-2023 04:59,24-11-2023 05:01,MILLS,IRC 1,IRC-1 tripped due to high load,12-12-2023 13:18
24-11-2023,24-11-2023 10:32,24-11-2023 10:38,MILLS,In-line Shredder,Shredder tripped due to high vibration,12-12-2023 13:19
24-11-2023,24-11-2023 10:41,24-11-2023 10:57,MILLS,In-line Shredder,Shredder tripped due to high vibration,12-12-2023 13:20
24-11-2023,24-11-2023 11:13,24-11-2023 11:15,MILLS,IRC 1,IRC-1 tripped due to high load,12-12-2023 13:20
24-11-2023,25-11-2023 02:54,25-11-2023 02:58,MILLS,In-line Shredder,Shredder tripping due to high vibration,12-12-2023 13:21
24-11-2023,25-11-2023 05:50,25-11-2023 05:54,MILLS,In-line Shredder,Shredder tripping due to high vibration,12-12-2023 13:22
25-11-2023,25-11-2023 09:51,25-11-2023 13:38,MILLS,In-line Shredder,"Shredder tripping due to high vibration, shredder bearing checking & welding",12-12-2023 13:23
25-11-2023,26-11-2023 05:22,26-11-2023 05:28,MILLS,In-line Shredder,Shredder tripping due to high vibration,12-12-2023 13:24
26-11-2023,26-11-2023 08:31,26-11-2023 20:50,MILLS,In-line Shredder,Shredder stopped due to shredder checking work,12-12-2023 13:25
27-11-2023,27-11-2023 18:42,27-11-2023 18:47,MILLS,In-line Shredder,Shredder tripping due to high vibration,12-12-2023 13:26
28-11-2023,29-11-2023 06:25,29-11-2023 06:29,MILLS,In-line Shredder,Shredder tripping due to high vibration,12-12-2023 13:26
02-12-2023,02-12-2023 08:00,04-12-2023 15:32,MILLS,In-line Shredder,Scheduled stoppage for Shredder Bearing Checking,12-12-2023 13:30
05-12-2023,05-12-2023 22:19,05-12-2023 22:21,MILLS,IRC 1,IRC-1 tripped due to high load,12-12-2023 13:31
05-12-2023,06-12-2023 03:51,06-12-2023 03:52,MILLS,IRC 1,IRC-1 tripped due to high load,12-12-2023 13:31
06-12-2023,06-12-2023 09:05,06-12-2023 09:10,MILLS,Main Cane Carrier,MCC Motor tripped due to short circuit - Electrical,12-12-2023 13:34
06-12-2023,06-12-2023 11:08,06-12-2023 11:10,MILLS,Main Cane Carrier,"MCC Motor VFD malfunctioning, stand by drive taken in line",12-12-2023 13:36
06-12-2023,06-12-2023 11:14,06-12-2023 11:15,MILLS,Main Cane Carrier,"MCC Motor VFD malfunctioning, stand by drive taken in line",12-12-2023 13:37
06-12-2023,06-12-2023 11:11,06-12-2023 11:13,MILLS,Main Cane Carrier,"MCC Motor VFD malfunctioning, stand by drive taken in line",12-12-2023 13:37
06-12-2023,06-12-2023 13:04,06-12-2023 14:38,MILLS,4th Mill,Mill no. 3 and 4 adjustment and mill 4 bypassed due to RLD scrapper teeth found broken,12-12-2023 13:38
06-12-2023,06-12-2023 23:49,06-12-2023 23:59,MILLS,4th Mill,Mill 4 taken in line,12-12-2023 13:41
07-12-2023,08-12-2023 03:03,08-12-2023 03:11,MILLS,IRC 1,"IRC-1 rake, 2 no. bolt and IRC-3 rake, 1 no. missing bolt provided",12-12-2023 13:43
10-12-2023,11-12-2023 06:44,11-12-2023 07:32,MILLS,1st Mill,Mill no. 1 donally chute jamming,12-12-2023 13:44
11-12-2023,11-12-2023 13:49,11-12-2023 14:17,MILLS,Cane Belt Conveyor,Tripping of shredder belt conveyer and feedback failure from DCS panel of shredder belt conveyer due to overload,12-12-2023 13:46
11-12-2023,11-12-2023 14:50,11-12-2023 16:34,MILLS,Cane Belt Conveyor,Shredder belt cleaning brush shaft bent and taken out,12-12-2023 13:46
11-12-2023,11-12-2023 13:49,11-12-2023 14:17,MILLS,Cane Belt Conveyor,"Run Feedback of Cane Belt Conveyor from DCS Panel Failure Due to High Load 
",16-01-2024 11:02
11-12-2023,11-12-2023 14:50,11-12-2023 16:34,MILLS,Cane Belt Conveyor,Shredder Cane Belt Cleaning Brush Bend shaft Taken Out,16-01-2024 11:04
14-12-2023,14-12-2023 14:42,14-12-2023 14:57,MILLS,Cane Belt Conveyor," Mill No-4 By Pass for RLD Scrapper Setting 
",16-01-2024 11:09
14-12-2023,14-12-2023 14:59,14-12-2023 15:05,70TPH BOILER,Boiler - Mechanical,70 TPH Boiler Steam Pressure Low ,16-01-2024 11:14
14-12-2023,14-12-2023 20:47,14-12-2023 20:58,MILLS,4th Mill,Mill No-4 Taken in line,16-01-2024 11:17
21-12-2023,21-12-2023 13:31,21-12-2023 13:33,OTHERS,Cane Equalizer," Main Breaker Tripped of Cane belt Equalizer & Other 
",16-01-2024 11:34
21-12-2023,21-12-2023 15:30,21-12-2023 15:39,MILLS,2nd Mill," Mill No-2 Bypass Due to Mill Head Stock one Foundation Bolt Broken. 
",16-01-2024 11:39
22-12-2023,22-12-2023 05:10,22-12-2023 05:16,MILLS,2nd Mill," Mill No-2 Taken in Line 
",16-01-2024 11:41
25-12-2023,25-12-2023 08:35,25-12-2023 19:10,OTHERS,Others," Scheduled Stoppage for General Cleaning ( Hammer Tip Replaced By New) Schedule General Cleaning
",16-01-2024 11:47
25-12-2023,25-12-2023 20:24,25-12-2023 20:30,MILLS,In-line Shredder," Shredder Tripped Due to High Vibration 
",16-01-2024 11:49
30-12-2023,30-12-2023 09:54,30-12-2023 11:30,CANE,No Cane," Less availability of Cane  
",16-01-2024 11:52
04-01-2024,04-01-2024 22:58,04-01-2024 23:15,150TPH BOILER,Others," LSP at 150 TPH Boiler Due to all Bagasse Feeder tripped on A/C Grid Failure -150TPH Boiler
",16-01-2024 12:35
05-01-2024,05-01-2024 17:51,05-01-2024 17:56,MILLS,2nd Mill," Mill No-2 by pass due to top roller wrapped & Checked  
",16-01-2024 12:38
05-01-2024,05-01-2024 18:48,05-01-2024 18:53,MILLS,2nd Mill,Mill No-2 Taken in line,16-01-2024 12:40
28-02-2024,29-02-2024 04:10,29-02-2024 05:00,REDUCED JUICE FLOW,No Cane,Reduced Cane Crush due to less arrival of cane,04-03-2024 16:01
29-02-2024,29-02-2024 09:50,29-02-2024 10:40,REDUCED JUICE FLOW,No Cane,cane crush reduced due to less arrival of cane ,04-03-2024 16:04
01-03-2024,01-03-2024 08:15,01-03-2024 22:30,OTHERS,Others,Schedule stoppage for shredder domite tips replacement & 70 TPH boiler Economizer Tube Leakage attended.,04-03-2024 16:11
01-03-2024,01-03-2024 23:02,01-03-2024 23:19,MILLS,Mill Turbine 3,Mill No-3 turbine tripped due to low lube oil pressure.,04-03-2024 16:14
01-03-2024,02-03-2024 00:39,02-03-2024 00:46,MILLS,Mill Turbine 3,Mill No-3 taken in line,04-03-2024 16:17
01-03-2024,02-03-2024 01:31,02-03-2024 01:36,PREPERATORY DEVICES,In-line Shredder,Shredder tripped due to high vibration,04-03-2024 16:19
02-03-2024,03-03-2024 04:02,03-03-2024 05:00,REDUCED JUICE FLOW,Weather,Less availability of cane due to bed weather,04-03-2024 16:29
03-03-2024,03-03-2024 20:30,03-03-2024 23:32,REDUCED JUICE FLOW,Weather,Crush rate reduced due to less arrival of cane (Rain),04-03-2024 16:34
03-03-2024,04-03-2024 03:10,04-03-2024 08:00,CANE,No Cane,No cane due to bad weather,04-03-2024 16:36
17-01-2024,17-01-2024 08:36,17-01-2024 22:18,OTHERS,Others,Schedule stoppage for General cleaning (Shredder hammer tips replacement & other Jobs) ,04-03-2024 16:46
22-01-2024,22-01-2024 14:41,22-01-2024 14:47,PREPERATORY DEVICES,In-line Shredder,Shredder Tripped on high axial vibration,04-03-2024 16:50
22-01-2024,22-01-2024 17:45,22-01-2024 17:52,MILLS,4th Mill,4th mill A/C motor tripped.( Electrical),04-03-2024 16:56
22-01-2024,23-01-2024 03:25,23-01-2024 03:30,MILLS,4th Mill,Mill no-4 motor tripped due to motor blower tripped (Electrical),04-03-2024 16:59
23-01-2024,23-01-2024 17:05,23-01-2024 17:11,PREPERATORY DEVICES,In-line Shredder,Shredder tripped on high axial vibration ,04-03-2024 17:02
23-01-2024,23-01-2024 17:24,23-01-2024 19:25,PREPERATORY DEVICES,In-line Shredder,"Shredder tripped on high vibration, checked all the welding & Found all ok, additional side support jack plate welded on base plate to arrest the axial displacement of Plummer block on LHS. The spikes has came down now.",04-03-2024 17:08
25-01-2024,25-01-2024 17:00,25-01-2024 19:02,MILLS,Cane Belt Conveyor,Repairing of cane belt joint (Cane belt conveyor joint opened up on one side),04-03-2024 17:13
31-01-2024,31-01-2024 10:55,31-01-2024 10:57,MILLS,2nd Mill,Mill No-2 bypassed due to some unusual sound observed ,04-03-2024 17:19
31-01-2024,31-01-2024 12:20,31-01-2024 12:43,MILLS,2nd Mill, Mill No-2 Taken in Line (the UFR scrapper root clearance found increased and buildup),04-03-2024 17:23
08-02-2024,08-02-2024 08:45,08-02-2024 21:35,OTHERS,Others,Schedule Stoppage for general cleaning(shredder hammer replacement & other jobs),04-03-2024 17:29
13-02-2024,13-02-2024 14:41,13-02-2024 21:57,MILLS,Cane Belt Conveyor,Shredded cane belt conveyor joint fully opened (the old spare belt has been used after taking out the belt),04-03-2024 17:35
16-02-2024,17-02-2024 05:30,17-02-2024 06:13,REDUCED JUICE FLOW,No Cane,Less availability of cane,04-03-2024 17:56
20-02-2024,21-02-2024 06:40,21-02-2024 06:47,PREPERATORY DEVICES,Feeder Drum,Feeder drum tripped due to high load ,04-03-2024 18:03
22-02-2024,22-02-2024 08:35,22-02-2024 09:25,PREPERATORY DEVICES,In-line Shredder,Solenoid valve main cable shorted and preplacement on main cable of shredder lube oil pump ( Electrical),04-03-2024 18:08
27-02-2024,27-02-2024 21:50,27-02-2024 22:23,MILLS,IRC 1,One Broken one rake replaced of IRC No-1 ,04-03-2024 18:19
04-03-2024,04-03-2024 08:00,04-03-2024 13:55,CANE,No Cane," No Cane due to bad Weather 
",06-03-2024 18:57
04-03-2024,04-03-2024 14:30,04-03-2024 15:14,REDUCED JUICE FLOW,No Cane," Reduced Crush due to less availability of cane 
",06-03-2024 19:00
04-03-2024,04-03-2024 17:41,04-03-2024 17:50,PREPERATORY DEVICES,In-line Shredder," Shredder Tripped Due to High Vibration  
",06-03-2024 19:02
04-03-2024,04-03-2024 19:44,04-03-2024 19:51,PREPERATORY DEVICES,In-line Shredder," Shredder Tripped Due to High Vibration  
",06-03-2024 19:04
04-03-2024,05-03-2024 01:05,05-03-2024 01:12,PREPERATORY DEVICES,In-line Shredder," Shredder Tripped Due to High Vibration  
",06-03-2024 19:07
04-03-2024,05-03-2024 03:08,05-03-2024 03:14,PREPERATORY DEVICES,In-line Shredder," Shredder Tripped Due to High Vibration  
",06-03-2024 19:09
05-03-2024,05-03-2024 09:29,05-03-2024 09:33,PREPERATORY DEVICES,Feeder Drum," Feeder Drum Tripped due to High Load  
",06-03-2024 19:12
05-03-2024,05-03-2024 14:03,05-03-2024 14:08,MILLS,IRC 1," IRC No-1 tripped due to high load 
",06-03-2024 19:14
05-03-2024,05-03-2024 15:28,05-03-2024 15:31,PREPERATORY DEVICES,In-line Shredder," Shredder Tripped Due to High Vibration  
",06-03-2024 19:15
05-03-2024,06-03-2024 06:25,06-03-2024 06:28,MILLS,4th Mill,"Mill No-4 Drive Motor Tripped due to Electrical Fault ( Electrical )
",06-03-2024 19:18
05-03-2024,06-03-2024 06:33,06-03-2024 06:36,MILLS,4th Mill,"Mill No-4 Drive Motor Tripped due to Electrical Fault (Electrical)
",06-03-2024 19:20
07-03-2024,07-03-2024 16:23,07-03-2024 16:42,MILLS,IRC 1,"IRC No-1 Tripped due to High Load
",09-03-2024 10:17
07-03-2024,07-03-2024 16:49,07-03-2024 16:54,PREPERATORY DEVICES,In-line Shredder,Shredder Tripped due to high Vibration.,09-03-2024 10:19
08-03-2024,08-03-2024 11:22,08-03-2024 11:24,PREPERATORY DEVICES,Feeder Drum,Feeder Drum & Cane Carrier Tripped due to High Load ,09-03-2024 10:20
08-03-2024,08-03-2024 16:20,08-03-2024 16:22,PREPERATORY DEVICES,Feeder Drum,Feeder Drum Tripped due to High Load ,09-03-2024 10:22
08-03-2024,09-03-2024 04:51,09-03-2024 04:52,CANE HANDLING EQUIPMENTS,Main Cane Carrier,MCC Tripped Due to High Load,09-03-2024 10:23
07-03-2024,07-03-2024 16:23,07-03-2024 16:42,MILLS,IRC 1,"IRC No-1 Tripped due to High Load
",11-03-2024 10:28
07-03-2024,07-03-2024 16:49,07-03-2024 16:54,PREPERATORY DEVICES,In-line Shredder,"Shredder Tripped due to high Vibration.
",11-03-2024 10:30
08-03-2024,08-03-2024 11:22,08-03-2024 11:24,PREPERATORY DEVICES,Feeder Drum,"Feeder Drum & Cane Carrier Tripped due to High Load  
",11-03-2024 10:33
08-03-2024,08-03-2024 16:20,08-03-2024 16:24,PREPERATORY DEVICES,Feeder Drum,"Feeder Drum Tripped due to High Load  
",11-03-2024 10:34
08-03-2024,09-03-2024 04:51,09-03-2024 04:52,CANE HANDLING EQUIPMENTS,Main Cane Carrier,"MCC Tripped Due to High Load
",11-03-2024 10:35
09-03-2024,09-03-2024 15:45,09-03-2024 15:50,MILLS,Transmission Gearing 3,Mill No-3 by passed Due to Some Sound observed in transmission gear PB,11-03-2024 10:40
09-03-2024,09-03-2024 16:09,09-03-2024 16:49,MILLS,IRC 3,Bagasse jamming in IRC-3 & Mill No-3 taken in line ,11-03-2024 10:43
10-03-2024,10-03-2024 23:21,10-03-2024 23:24,OTHERS,Others,Foreign material taken out from magnet ,11-03-2024 10:47
10-03-2024,10-03-2024 23:45,10-03-2024 23:50,PREPERATORY DEVICES,In-line Shredder,"Shredder Tripped due to high Vibration.
",11-03-2024 10:48
11-03-2023,11-03-2024 15:32,11-03-2024 15:38,PREPERATORY DEVICES,In-line Shredder,"Shredder Tripped due to high Vibration.
",13-03-2024 10:53
11-03-2024,11-03-2024 19:16,11-03-2024 19:22,PREPERATORY DEVICES,In-line Shredder,"Shredder Tripped due to high Vibration.
",13-03-2024 10:55
11-03-2024,11-03-2024 20:23,11-03-2024 20:25,MILLS,IRC 1,"IRC No-1 Tripped due to High Load
",13-03-2024 10:57
12-03-2024,12-03-2024 15:04,12-03-2024 15:06,MILLS,IRC 1,"IRC No-1 Tripped due to High Load
",13-03-2024 10:59
12-03-2024,12-03-2024 19:25,12-03-2024 20:16,REDUCED JUICE FLOW,No Cane,"Less Availability of Cane
",13-03-2024 11:02
12-03-2024,12-03-2024 20:55,12-03-2024 20:57,MILLS,IRC 1,"IRC No-1 Tripped due to High Load

",13-03-2024 11:05
12-03-2024,13-03-2024 03:41,13-03-2024 03:45,MILLS,IRC 1,"IRC No-1 Tripped due to High Load
",13-03-2024 11:06
12-03-2024,13-03-2024 04:21,13-03-2024 05:56,OTHERS,Others,"Mill Stopped due to Nylon Rope get Stuck between rake & hot water pipe of shredder carrier & pipe removed
( Miscellaneous)",13-03-2024 11:12
13-03-2024,13-03-2024 13:17,13-03-2024 13:57,MILLS,Rake Carrier,"Bagasse Wrapped in Shredder Rake Carrier Trough.
",15-03-2024 10:49
13-03-2024,13-03-2024 19:44,13-03-2024 20:23,REDUCED JUICE FLOW,No Cane,"Less Availability of Cane ( 7-44 PM to 8 AM)
",15-03-2024 10:52
14-03-2024,14-03-2024 08:00,14-03-2024 09:20,REDUCED JUICE FLOW,No Cane,"Less Availability of Cane ( 8 AM to 5 PM)
",15-03-2024 10:58
14-03-2024,14-03-2024 14:49,14-03-2024 14:53,PREPERATORY DEVICES,In-line Shredder,"Shredder Tripped due to high Vibration.
",15-03-2024 11:01
14-03-2024,14-03-2024 16:35,14-03-2024 16:40,PREPERATORY DEVICES,In-line Shredder,"Shredder Tripped due to high Vibration.
",15-03-2024 11:02
14-03-2024,15-03-2024 07:25,15-03-2024 07:26,CANE HANDLING EQUIPMENTS,Main Cane Carrier,"MCC Tripped Due to High Load
",15-03-2024 11:04
17-03-2024,17-03-2024 12:39,17-03-2024 12:41,MILLS,IRC 1,"IRC No-1 Tripped due to High Load
",18-03-2024 10:57
17-03-2024,17-03-2024 20:23,17-03-2024 20:25,MILLS,IRC 1,"IRC No-1 Tripped due to High Load
",18-03-2024 10:58
17-03-2024,17-03-2024 21:57,17-03-2024 22:00,MILLS,IRC 1,"IRC No-1 Tripped due to High Load
",18-03-2024 10:59
17-03-2024,17-03-2024 23:42,17-03-2024 23:44,MILLS,IRC 1,"IRC No-1 Tripped due to High Load
",18-03-2024 11:00
17-03-2024,18-03-2024 01:39,18-03-2024 01:41,MILLS,IRC 1,"IRC No-1 Tripped due to High Load
",18-03-2024 11:01
17-03-2024,18-03-2024 05:15,18-03-2024 05:17,MILLS,IRC 1,"IRC No-1 Tripped due to High Load
",18-03-2024 11:02
18-03-2024,18-03-2024 12:26,18-03-2024 12:33,MILLS,Rake Carrier,"Bagasse Wrapped in Shredder Rake Carrier Trough.
",22-03-2024 10:09
18-03-2024,19-03-2024 01:36,19-03-2024 01:39,MILLS,IRC 1,"IRC No-1 Tripped due to High Load.
",22-03-2024 10:11
19-03-2024,19-03-2024 18:26,19-03-2024 18:28,MILLS,IRC 1,"IRC No-1 Tripped due to High Load
",22-03-2024 10:13
19-03-2024,19-03-2024 23:32,19-03-2024 23:34,CANE HANDLING EQUIPMENTS,Main Cane Carrier,"MCC Tripped Due to High Load
",22-03-2024 10:15
20-03-2024,20-03-2024 22:20,20-03-2024 22:22,MILLS,IRC 1,"IRC No-1 Tripped due to High Load
",22-03-2024 10:19
20-03-2024,21-03-2024 01:12,21-03-2024 01:13,CANE HANDLING EQUIPMENTS,Main Cane Carrier,"MCC Tripped Due to High Load
",22-03-2024 10:21
21-03-2024,22-03-2024 03:31,22-03-2024 03:32,CANE HANDLING EQUIPMENTS,Main Cane Carrier,"MCC Tripped Due to High Load
",22-03-2024 10:22
22-03-2024,22-03-2024 08:40,22-03-2024 08:42,MILLS,IRC 1,"IRC No-1 Tripped due to High Load
",26-03-2024 11:43
22-03-2024,22-03-2024 12:55,22-03-2024 13:55,MILLS,IRC 1,"Broken Rake of IRC -1 Replaced 
",26-03-2024 11:45
22-03-2024,22-03-2024 17:06,22-03-2024 17:08,MILLS,IRC 1,"IRC No-1 Missing Bolt Provided
",26-03-2024 11:47
22-03-2024,22-03-2024 20:12,22-03-2024 20:16,MILLS,IRC 1,"IRC No-1 Tripped due to High Load
",26-03-2024 11:49
22-03-2024,22-03-2024 20:46,22-03-2024 21:03,MILLS,IRC 1,"Broken Rake of IRC -1 Replaced 
",26-03-2024 11:51
22-03-2024,23-03-2024 00:32,23-03-2024 00:33,MILLS,IRC 1,"IRC No-1 Tripped due to High Load
",26-03-2024 11:52
22-03-2024,23-03-2024 01:10,23-03-2024 01:11,MILLS,IRC 1,"IRC No-1 Tripped due to High Load
",26-03-2024 11:53
22-03-2024,23-03-2024 02:00,23-03-2024 02:02,MILLS,IRC 1,"IRC No-1 Tripped due to High Load
",26-03-2024 11:54
22-03-2024,23-03-2024 06:37,23-03-2024 06:39,MILLS,IRC 1,"IRC No-1 Tripped due to High Load
",26-03-2024 11:55
23-03-2024,23-03-2024 08:40,23-03-2024 15:22,OTHERS,Others,"Scheduled Stoppage for Shredder Hammer Tips Change.
",26-03-2024 11:57
25-03-2024,25-03-2024 11:30,25-03-2024 13:24,REDUCED JUICE FLOW,No Cane,Less availability of Cane due to Holi Festival ( 11.30 AM to 3.56 AM),26-03-2024 12:01
25-03-2024,26-03-2024 03:54,26-03-2024 08:00,CANE,No Cane,"No Cane due to Holi Festival
",26-03-2024 12:02
26-03-2024,26-03-2024 08:00,26-03-2024 12:57,CANE,No Cane,"No Cane due to Holi Festival.
",28-03-2024 12:00
27-03-2024,27-03-2024 11:26,27-03-2024 11:29,MILLS,IRC 1,"IRC No-1 Tripped due to High Load.
",28-03-2024 12:02
27-03-2024,27-03-2024 16:43,27-03-2024 16:50,PREPERATORY DEVICES,In-line Shredder,"Shredder Tripped due to high Vibration.
",28-03-2024 12:05
27-03-2024,27-03-2024 17:22,27-03-2024 17:26,MILLS,IRC 1,"IRC No-1 Tripped due to High Load.
",28-03-2024 12:06
27-03-2024,27-03-2024 20:15,27-03-2024 20:30,MILLS,IRC 1,"IRC No-1 Tripped due to High Load.
",28-03-2024 12:07
27-03-2024,27-03-2024 21:56,27-03-2024 23:56,MILLS,IRC 1,"IRC No-1 uprooted S.S. cladding plate taken out & welding work done. 
",28-03-2024 12:09
29-03-2024,29-03-2024 09:33,29-03-2024 10:51,MILLS,Cane Belt Conveyor,"Open Patch Repaired by belt fastener.
",01-04-2024 10:33
29-03-2024,30-03-2024 03:02,30-03-2024 08:00,PREPERATORY DEVICES,In-line Shredder,"Shredder motor No-2 (Ref Side) Non Drive End Both Failure Bearing Replaced by New. 
",01-04-2024 10:36
30-03-2024,30-03-2024 08:00,30-03-2024 18:22,PREPERATORY DEVICES,In-line Shredder,"Shredder motor No-2 (Ref Side) Non Drive End Both Failure Bearing Replaced by new 
",01-04-2024 10:38
30-03-2024,30-03-2024 19:00,30-03-2024 20:02,PREPERATORY DEVICES,In-line Shredder,"Crush Reduced Due to No Full Load Given at Shredder motor. 
",01-04-2024 10:40
31-03-2024,31-03-2024 10:32,31-03-2024 10:39,MILLS,4th Mill,"Mill No-4 Drive motor tripped. 
",01-04-2024 10:43
31-03-2024,31-03-2024 13:50,31-03-2024 14:14,MILLS,4th Mill,"Mill No-4 Drive motor tripped.
",01-04-2024 10:44
01-04-2024,02-04-2024 07:14,02-04-2024 07:16,MILLS,IRC 1,"IRC No-1 Tripped due to High Load.
",04-04-2024 10:54
02-04-2024,02-04-2024 23:06,02-04-2024 23:09,MILLS,IRC 1,"IRC No-1 Tripped due to High Load.
",04-04-2024 10:56
07-04-2024,08-04-2024 00:13,08-04-2024 00:17,MILLS,1st Mill,"Ist Mill RPM Isolater Signal open (Instrument)
",08-04-2024 10:26
08-04-2024,08-04-2024 12:13,08-04-2024 12:15,MILLS,Mill Automation System,"Ist Mill RPM Isolator Signal open ( Instrument)
",15-04-2024 09:53
08-04-2024,09-04-2024 06:32,09-04-2024 06:37,CANE HANDLING EQUIPMENTS,Main Cane Carrier,"MCC Tripped Due to High Load.
",15-04-2024 09:55
09-04-2024,10-04-2024 06:32,10-04-2024 06:37,PREPERATORY DEVICES,Feeder Drum," Feeder Drum Tripped due to High Load  
",15-04-2024 09:57
10-04-2024,10-04-2024 17:03,10-04-2024 19:26,MILLS,Rake Carrier,"Bagasse Wrapped in shredder rake carrier, cleared bagasse, bend rake spokes straightened.
",15-04-2024 09:58
10-04-2024,10-04-2024 20:14,10-04-2024 20:16,MILLS,IRC 1,"IRC No-1 Tripped due to High Load.
",15-04-2024 09:59
11-04-2024,11-04-2024 09:54,11-04-2024 09:57,MILLS,IRC 1,"IRC No-1 Tripped due to High Load.
",15-04-2024 10:01
11-04-2024,11-04-2024 10:37,11-04-2024 10:44,CANE HANDLING EQUIPMENTS,Main Cane Carrier,"Broken pin Replaced of MCC Chain
",15-04-2024 10:02
11-04-2024,12-04-2024 04:57,12-04-2024 05:02,PREPERATORY DEVICES,In-line Shredder,"Shredder Tripped due to high Vibration.
",15-04-2024 10:04
12-04-2024,12-04-2024 08:50,12-04-2024 08:56,PREPERATORY DEVICES,In-line Shredder,"Shredder Tripped due to high Vibration.
",15-04-2024 10:05
12-04-2024,12-04-2024 09:33,12-04-2024 13:46,PREPERATORY DEVICES,In-line Shredder,"Schedule stoppage for Shredder Hammer Tips reversed.
",15-04-2024 10:07
12-04-2024,12-04-2024 14:44,12-04-2024 15:25,PREPERATORY DEVICES,In-line Shredder,"Shredder Stopped due to high bearing temperature of Shredder Motor 
",15-04-2024 10:08
13-04-2024,13-04-2024 17:36,13-04-2024 17:40,MILLS,Rake Carrier,"Shredder Carrier stopped due to Excess bagasse.
",15-04-2024 10:10
24-11-2024,24-11-2024 18:45,24-11-2024 18:46,CANE HANDLING EQUIPMENTS,Feeder Drum,"MILL STOPPAGE 24.11.2024(6:45 pm to 6:46pm) DUE TO FEEDER DRUM MOTOR INSTALL AT FULL LOAD
",25-11-2024 11:19
25-11-2024,25-11-2024 05:51,25-11-2024 05:53,PREPERATORY DEVICES,Feeder Drum,FEEDER DRUM MOTOR INSTALLED AT OVER LOAD,26-11-2024 11:14
26-11-2024,26-11-2024 16:01,26-11-2024 16:05,PREPERATORY DEVICES,Feeder Drum,FEEDER DRUM MOTOR INSTALLED AT OVER LOAD,27-11-2024 10:10
26-11-2024,26-11-2024 19:47,26-11-2024 19:53,CANE HANDLING EQUIPMENTS,Cane Belt Conveyor,ZSS OFF,27-11-2024 10:12
23-11-2024,23-11-2024 16:15,23-11-2024 16:17,PREPERATORY DEVICES,Feeder Drum,"feeder drum Motor installed at High current (over load)
",27-11-2024 15:27
23-11-2024,23-11-2024 03:51,23-11-2024 03:53,PREPERATORY DEVICES,Feeder Drum,FEEDER DRUM MOTOR INSTALLED AT OVER LOAD  ,27-11-2024 15:34
22-11-2024,22-11-2024 22:02,22-11-2024 22:04,PREPERATORY DEVICES,Feeder Drum,"FEEDER DRUM Motor installed at High current .
",27-11-2024 15:36
21-11-2024,21-11-2024 13:05,21-11-2024 13:07,PREPERATORY DEVICES,Feeder Drum,FEEDER DRUM MOTOR INSTALLED AT OVER LOAD,27-11-2024 15:39
20-11-2024,20-11-2024 20:35,20-11-2024 20:42,MILLS,1st Mill,MILL NO.1 TAKEN IN LINE ,27-11-2024 15:41
20-11-2024,20-11-2024 09:35,20-11-2024 15:58,OTHERS,Others,GENERAL CLEANING (SCHEDULED STOPPAGE),27-11-2024 15:43
19-11-2024,19-11-2024 07:44,19-11-2024 08:05,PREPERATORY DEVICES,Main Cane Carrier,FOREIGN MATERIAL INSERT AT MAIN CANE CARRIER,27-11-2024 15:47
17-11-2024,17-11-2024 08:18,17-11-2024 08:25,PREPERATORY DEVICES,Kicker,FOREIGN MATERIAL INSERT AT KICKER.,27-11-2024 15:49
16-11-2024,16-11-2024 16:56,16-11-2024 17:00,CANE HANDLING EQUIPMENTS,1st Stage Rotary Screen,"ROTARY NDE SIDE Drum bolt FOUND loose.
",27-11-2024 15:52
16-11-2024,16-11-2024 14:20,16-11-2024 14:24,PREPERATORY DEVICES,Feeder Drum,FEEDER DRUM MOTOR INSTALLED AT HIGH CURRENT (OVER LOAD),27-11-2024 15:55
15-11-2024,15-11-2024 07:46,15-11-2024 07:58,CANE HANDLING EQUIPMENTS,IRC 3,IRC NO. 3 BROKEN RAKE REPLACED. ,27-11-2024 15:58
13-11-2024,13-11-2024 09:14,13-11-2024 09:19,PREPERATORY DEVICES,In-line Shredder,SHREDDER MOTOR TRIP AT HIGH AXIAL VIBRATION.,27-11-2024 16:00
27-11-2024,27-11-2024 22:25,27-11-2024 22:27,MILLS,Feeder Drum,FEEDER DRUM TRIP.,28-11-2024 01:30
29-11-2024,29-11-2024 09:46,29-11-2024 09:52,PREPERATORY DEVICES,In-line Shredder,SHREDDER MOTOR TRIP AT HIGH VIBRETION,30-11-2024 17:02
29-11-2024,29-11-2024 17:26,29-11-2024 17:31,PREPERATORY DEVICES,In-line Shredder,SHREDDER MOTOR TRIP DUE TO HIGH AXIAL VIBRATION,05-12-2024 14:40
01-12-2024,01-12-2024 11:46,01-12-2024 11:51,CANE HANDLING EQUIPMENTS,Feeder Drum,FEEDER DRUM MOTOR INSTALLED AT OVER LOAD ,05-12-2024 14:42
03-12-2024,03-12-2024 08:18,03-12-2024 08:20,PREPERATORY DEVICES,Feeder Drum,FEEDER DRUM MOTOR INSTALLED AT HIGH LOAD,05-12-2024 14:44
04-12-2024,04-12-2024 01:06,04-12-2024 01:10,PREPERATORY DEVICES,In-line Shredder,SHREDDER MOTOR TRIP DUE TO HIGH AXIAL VIBRETION,05-12-2024 14:45
05-12-2024,05-12-2024 11:10,05-12-2024 11:30,CANE HANDLING EQUIPMENTS,IRC 4,RAKE MISSING BOLT FITTING WORK.,08-12-2024 11:55
05-12-2024,05-12-2024 21:58,05-12-2024 22:03,CANE HANDLING EQUIPMENTS,Main Cane Carrier,MAIN CANE CARRIER MOTOR INSTALLED AT OVER LOAD,08-12-2024 11:56
06-12-2024,06-12-2024 04:59,06-12-2024 06:19,CANE HANDLING EQUIPMENTS,Main Cane Carrier,MAIN CANE CARRIER MOTOR INSTALLED AT OVER LOAD,08-12-2024 11:58
07-12-2024,07-12-2024 06:38,07-12-2024 06:54,CANE HANDLING EQUIPMENTS,Main Cane Carrier,MAIN CANE CARRIER MOTOR INSTALLED AT OVER LOAD,08-12-2024 12:01
07-12-2024,07-12-2024 11:33,07-12-2024 12:40,70TPH BOILER,Others,3 MW TURBINE TRIP DUE TO TIE BREAKER OPEN,08-12-2024 12:04
08-12-2024,08-12-2024 03:46,08-12-2024 03:48,PREPERATORY DEVICES,Feeder Drum,FEEDER DRUM MOTOR INSTALLED AT OVER LOAD,08-12-2024 12:05
10-12-2024,10-12-2024 12:51,10-12-2024 13:27,MILLS,1st Mill,Mill no. l donnelly chute level HIGH,24-12-2024 13:45
10-12-2024,10-12-2024 13:53,10-12-2024 13:58,MILLS,1st Mill,MILL NO.1 TOP SCRAPPER SET RIGHT,24-12-2024 13:46
10-12-2024,10-12-2024 15:39,10-12-2024 15:44,MILLS,1st Mill,MILL NO.1 BYPASS DUE TO TOP SCRAPPER SET RIGHT,24-12-2024 13:48
10-12-2024,10-12-2024 17:57,10-12-2024 18:06,MILLS,1st Mill,MILL NO.1 TAKEN IN LINE AFTER TOP  SCRAPPER SETTING.,24-12-2024 13:50
12-12-2024,12-12-2024 08:55,12-12-2024 16:45,PREPERATORY DEVICES,In-line Shredder,GENERAL CLEANING WORK (SCHEDULED STOPPAGE) ,24-12-2024 13:52
15-12-2024,15-12-2024 01:30,15-12-2024 01:32,PREPERATORY DEVICES,Feeder Drum,"FEEDER DRUM Motor installed at High current 
",24-12-2024 13:54
15-12-2024,15-12-2024 03:31,15-12-2024 03:36,CANE HANDLING EQUIPMENTS,IRC 4,IRC NO 4 RAKE MISSING BOLT FITTED,24-12-2024 13:56
15-12-2024,15-12-2024 04:31,15-12-2024 04:36,PREPERATORY DEVICES,In-line Shredder,INLINE SHREDDER MOTOR TRIP DUE TO HIGH AXIAL VIBRATION ,24-12-2024 13:59
19-12-2024,19-12-2024 00:45,19-12-2024 00:49,PREPERATORY DEVICES,In-line Shredder,INLINE SHREDDER MOTOR TRIP DUE TO HIGH AXIAL VIBRETION,24-12-2024 14:22
19-12-2024,19-12-2024 21:35,19-12-2024 21:37,PREPERATORY DEVICES,Feeder Drum,FEEDER DRUM MOTOR INSTALLED DUE TO HIGH CURRENT,24-12-2024 14:24
23-12-2024,23-12-2024 00:44,23-12-2024 00:46,MILLS,Others,ROTARY SCREEN TRIP DUE TO OVER LOAD,24-12-2024 14:27
23-12-2024,23-12-2024 18:49,23-12-2024 18:53,PREPERATORY DEVICES,Feeder Drum,FEEDER DRUM MOTOR INSTALLED DUE TO HIGH LOAD ,24-12-2024 14:28
23-12-2024,23-12-2024 14:50,23-12-2024 14:53,PREPERATORY DEVICES,Feeder Drum,ELECTRIC FEEDER TRIP ,24-12-2024 14:31
24-12-2024,24-12-2024 03:41,24-12-2024 03:43,PREPERATORY DEVICES,Feeder Drum,feeder drum motor installed due to over current,26-12-2024 15:46
25-12-2024,25-12-2024 17:18,25-12-2024 19:00,CANE HANDLING EQUIPMENTS,Main Cane Carrier,MCC SIDE SUPPORTING ANGLE BROKEN BY FOREIGN MATERIAL,26-12-2024 15:52
25-12-2024,25-12-2024 16:54,25-12-2024 17:09,CANE HANDLING EQUIPMENTS,Cane Belt Conveyor,Foreign material Remove from cane belt,26-01-2025 12:45
26-12-2024,26-12-2024 07:19,26-12-2024 07:20,PREPERATORY DEVICES,Feeder Drum,Motor installed at over load,26-01-2025 12:50
27-12-2024,27-12-2024 16:07,27-12-2024 16:08,PREPERATORY DEVICES,Feeder Drum,Motor installed at high load,26-01-2025 12:53
28-12-2024,28-12-2024 20:36,28-12-2024 20:37,CANE HANDLING EQUIPMENTS,Feeder Drum,Motor installed at high load,26-01-2025 12:54
29-12-2024,29-12-2024 16:31,29-12-2024 16:33,CANE HANDLING EQUIPMENTS,IRC 1,Rake missing bolt fitting work.,26-01-2025 12:56
30-12-2024,30-12-2024 11:46,30-12-2024 11:47,PREPERATORY DEVICES,Feeder Drum,Motor installed at over load,26-01-2025 12:58
30-12-2024,30-12-2024 20:36,30-12-2024 20:37,PREPERATORY DEVICES,Feeder Drum,Motor installed at high current,26-01-2025 13:00
31-12-2024,31-12-2024 17:47,31-12-2024 19:48,PREPERATORY DEVICES,In-line Shredder,Motor worn out carbon bush replace,26-01-2025 13:05
01-01-2025,01-01-2025 19:01,01-01-2025 20:09,70TPH BOILER,Others,3 MW turbine trip,26-01-2025 13:57
02-01-2025,02-01-2025 03:19,02-01-2025 03:22,PREPERATORY DEVICES,Feeder Drum,Motor installed at over load,26-01-2025 13:59
02-01-2025,02-01-2025 14:57,02-01-2025 15:03,CANE HANDLING EQUIPMENTS,Cane Belt Conveyor,Foreign material removed from belt,26-01-2025 14:01
03-01-2025,03-01-2025 05:20,03-01-2025 07:10,70TPH BOILER,Others,id fan panel fault,26-01-2025 14:05
03-01-2025,03-01-2025 10:40,03-01-2025 17:35,OTHERS,Others,General cleaning,26-01-2025 14:08
03-01-2025,03-01-2025 09:03,03-01-2025 10:40,150TPH BOILER,Others,Jamming of baggase feeding system,26-01-2025 14:11
03-01-2025,03-01-2025 17:51,03-01-2025 18:27,70TPH BOILER,Cane Belt Conveyor,Low  pressure of 70 tph boiler,26-01-2025 14:14
09-01-2025,09-01-2025 04:03,09-01-2025 04:05,CANE HANDLING EQUIPMENTS,Feeder Drum,Feeder drum motor installed at high load,26-01-2025 14:17
09-01-2025,09-01-2025 18:47,09-01-2025 18:49,PREPERATORY DEVICES,Feeder Drum,Motor installed at high load,26-01-2025 14:18
09-01-2025,09-01-2025 17:13,09-01-2025 17:14,PREPERATORY DEVICES,Feeder Drum,motor installed at high load,26-01-2025 14:20
10-01-2025,10-01-2025 05:38,10-01-2025 05:42,PREPERATORY DEVICES,In-line Shredder,Shredder motor trip at high vibration,26-01-2025 14:24
10-01-2025,10-01-2025 06:31,10-01-2025 06:32,PREPERATORY DEVICES,Feeder Drum,Motor installed at over load,26-01-2025 14:25
10-01-2025,10-01-2025 18:21,10-01-2025 18:25,PREPERATORY DEVICES,In-line Shredder,Motor trip due to high axial vibration,26-01-2025 14:26
11-01-2025,11-01-2025 02:42,11-01-2025 02:43,PREPERATORY DEVICES,Feeder Drum,motor installed at high load,26-01-2025 14:28
12-01-2025,12-01-2025 23:57,13-01-2025 00:00,PREPERATORY DEVICES,In-line Shredder,Shredder motor trip at high load,26-01-2025 14:30
13-01-2025,13-01-2025 04:02,13-01-2025 04:07,PREPERATORY DEVICES,In-line Shredder,Shredder trip due to high vibration,26-01-2025 14:32
13-01-2025,13-01-2025 05:55,13-01-2025 06:20,CANE HANDLING EQUIPMENTS,Main Cane Carrier,Cane jam at mcc,26-01-2025 14:33
14-01-2025,14-01-2025 05:42,14-01-2025 05:44,PREPERATORY DEVICES,Feeder Drum,Motor installed at over load,26-01-2025 14:54
14-01-2025,14-01-2025 13:28,14-01-2025 13:39,CANE HANDLING EQUIPMENTS,Auxiliary Cane Carrier,Worn out side plate welding work,26-01-2025 15:01
17-01-2025,17-01-2025 21:28,17-01-2025 21:30,PREPERATORY DEVICES,Feeder Drum,motor installed at high load,26-01-2025 15:06
16-01-2025,16-01-2025 19:01,16-01-2025 19:13,CANE HANDLING EQUIPMENTS,IRC 1,IRC no. 1 rake missing bolt fitted,26-01-2025 15:08
18-01-2025,18-01-2025 00:42,18-01-2025 00:44,PREPERATORY DEVICES,Feeder Drum,Motor installed at high load,26-01-2025 15:09
18-01-2025,18-01-2025 15:47,18-01-2025 15:49,PREPERATORY DEVICES,Feeder Drum,Motor installed at high load,26-01-2025 15:11
19-01-2025,19-01-2025 04:04,19-01-2025 04:11,CANE HANDLING EQUIPMENTS,Cane Belt Conveyor,Worn out coupling bush replaced,26-01-2025 15:14
19-01-2025,19-01-2025 07:28,19-01-2025 07:29,CANE HANDLING EQUIPMENTS,Main Cane Carrier,Over feeding at mcc,26-01-2025 15:15
19-01-2025,19-01-2025 16:00,19-01-2025 17:22,CANE HANDLING EQUIPMENTS,Zero Mill,cane jam at 0 mill donnelly chute,26-01-2025 15:18
20-01-2025,20-01-2025 05:35,20-01-2025 05:36,PREPERATORY DEVICES,Feeder Drum,Motor installed at high load,26-01-2025 15:19
21-01-2025,21-01-2025 10:08,21-01-2025 10:11,CANE HANDLING EQUIPMENTS,Main Cane Carrier,Motor installed at high load,26-01-2025 15:21
21-01-2025,21-01-2025 10:49,21-01-2025 10:51,PREPERATORY DEVICES,Feeder Drum,Motor installed at high load,26-01-2025 15:23
21-01-2025,21-01-2025 19:50,21-01-2025 19:55,CANE HANDLING EQUIPMENTS,IRC 1,IRC  no.1 missing bolt fitted,26-01-2025 15:26
22-01-2025,22-01-2025 23:15,22-01-2025 23:21,CANE HANDLING EQUIPMENTS,IRC 1,IRC no.1 rake missing bolt fitted,26-01-2025 15:28
23-01-2025,23-01-2025 07:33,23-01-2025 07:34,PREPERATORY DEVICES,Feeder Drum,motor installed at high load,26-01-2025 15:33
23-01-2025,23-01-2025 22:11,23-01-2025 22:12,PREPERATORY DEVICES,Feeder Drum,Motor installed at high load,26-01-2025 15:34
24-01-2025,24-01-2025 15:57,24-01-2025 16:00,CANE HANDLING EQUIPMENTS,IRC 1,IRC no. 1 missing bolt fittied,26-01-2025 15:36
25-01-2025,25-01-2025 12:43,25-01-2025 12:48,PREPERATORY DEVICES,Cane Belt Conveyor,Foreign material remove from magnet,26-01-2025 15:38
12-01-2025,12-01-2025 11:08,12-01-2025 11:13,OTHERS,Others,ASR cooling tower fan trip,26-01-2025 15:42
26-01-2025,26-01-2025 12:23,26-01-2025 12:24,PREPERATORY DEVICES,Feeder Drum,Feeder drum motor installed at high load,29-01-2025 16:12
27-01-2025,27-01-2025 15:39,27-01-2025 15:46,CANE HANDLING EQUIPMENTS,IRC 1,IRC no.1 rake missing bolt replaced,29-01-2025 16:14
28-01-2025,28-01-2025 02:21,28-01-2025 02:26,CANE HANDLING EQUIPMENTS,IRC 1,IRC no. 1 rake Missing bolt Replaced,29-01-2025 16:16
28-01-2025,28-01-2025 08:53,28-01-2025 18:24,MILLS,Others,General cleaning ,29-01-2025 16:17
29-01-2025,29-01-2025 15:12,29-01-2025 15:13,PREPERATORY DEVICES,Feeder Drum,MOTOR INSTALLED AT HIGH LOAD,09-02-2025 14:03
30-01-2025,30-01-2025 02:17,30-01-2025 02:18,PREPERATORY DEVICES,Feeder Drum,MOTOR INSTALLED AT OVER LOAD,09-02-2025 14:05
31-01-2025,31-01-2025 11:00,31-01-2025 11:01,PREPERATORY DEVICES,Feeder Drum,MOTOR INSTALLED AT HIGH LOAD,09-02-2025 14:06
03-02-2025,03-02-2025 19:08,03-02-2025 19:09,PREPERATORY DEVICES,Feeder Drum,MOTOR INSTALLED AT OVER LOAD,09-02-2025 14:08
07-02-2025,07-02-2025 04:48,07-02-2025 04:50,PREPERATORY DEVICES,Feeder Drum,MOTOR INSTALLED AT OVER LOAD,09-02-2025 14:09
08-02-2025,08-02-2025 23:14,08-02-2025 23:24,CANE HANDLING EQUIPMENTS,Feeder Drum,MOTOR INSTALLED AT OVER LOAD,09-02-2025 14:13
10-02-2025,10-02-2025 15:52,10-02-2025 16:09,CANE HANDLING EQUIPMENTS,IRC 1,IRC NO. 1 BROKEN RAKE REPLACE TO NEW,13-02-2025 13:10
12-02-2025,12-02-2025 06:35,12-02-2025 06:36,PREPERATORY DEVICES,Feeder Drum,MOTOR INSTALLED AT OVER CURRENT,13-02-2025 13:12
13-02-2025,13-02-2025 00:40,13-02-2025 00:45,CANE HANDLING EQUIPMENTS,Main Cane Carrier,MOTOR INSTALLED AT OVER CURRENT,13-02-2025 13:14
13-02-2025,13-02-2025 10:09,13-02-2025 10:27,CANE HANDLING EQUIPMENTS,Main Cane Carrier,MCC MOTOR TRIP AT OVER LOAD,20-02-2025 11:14
13-02-2025,13-02-2025 11:31,13-02-2025 11:39,CANE HANDLING EQUIPMENTS,Main Cane Carrier,MCC MOTOR TRIP AT OVER LOAD,20-02-2025 11:15
14-02-2025,14-02-2025 04:47,14-02-2025 04:49,CANE HANDLING EQUIPMENTS,Main Cane Carrier,MCC MOTOR TRIP AT OVER LOAD,20-02-2025 11:16
14-02-2025,14-02-2025 07:38,14-02-2025 07:42,CANE HANDLING EQUIPMENTS,Main Cane Carrier,MCC MOTOR TRIP AT OVER LOAD,20-02-2025 11:18
14-02-2025,14-02-2025 11:14,14-02-2025 11:20,CANE HANDLING EQUIPMENTS,Main Cane Carrier,MCC MOTOR TRIP AT OVER LOAD,20-02-2025 11:19
16-02-2025,16-02-2025 09:23,16-02-2025 09:28,CANE HANDLING EQUIPMENTS,Main Cane Carrier,MCC MOTOR TRIP AT OVER LOAD,20-02-2025 11:20
16-02-2025,16-02-2025 10:17,16-02-2025 10:29,CANE HANDLING EQUIPMENTS,IRC 2,HEAD SHAFT BROKEN SCRAPPER SET RIGHT,20-02-2025 11:22
19-02-2025,19-02-2025 16:13,19-02-2025 16:21,PREPERATORY DEVICES,In-line Shredder,LOW OIL PRESSURE DUE TO OIL PUMP MOTOR TRIP,20-02-2025 11:24
19-02-2025,19-02-2025 16:58,20-02-2025 00:15,MILLS,Others,GENERAL CLEANING,20-02-2025 11:25
21-02-2025,21-02-2025 09:07,21-02-2025 09:09,PREPERATORY DEVICES,Feeder Drum,FEEDER DRUM MOTOR INSTALLED DUE TO OVER LOAD,22-02-2025 17:55
21-02-2025,21-02-2025 11:44,21-02-2025 11:46,PREPERATORY DEVICES,Kicker,SOMEONE OPERATE EMERGENCY,22-02-2025 17:58
22-02-2025,22-02-2025 13:03,22-02-2025 13:04,PREPERATORY DEVICES,Feeder Drum,FEEDER DRUM MOTOR INSTALLED DUE TO OVER LOAD,22-02-2025 17:59
24-02-2025,24-02-2025 14:26,24-02-2025 14:28,PREPERATORY DEVICES,Feeder Drum,FEEDER DRUM MOTOR INSTALLED DUE TO OVER LOAD,27-02-2025 15:24
25-02-2025,25-02-2025 22:36,25-02-2025 23:06,CANE HANDLING EQUIPMENTS,Rake Carrier,CANE JAM AT SHREDDER RAKE CARRIER DISCHARGE CHUTE ,27-02-2025 15:27
27-02-2025,27-02-2025 09:03,27-02-2025 11:36,CANE,No Cane,NO CANE,27-02-2025 15:28
27-02-2025,27-03-2025 17:06,27-03-2025 17:09,CANE HANDLING EQUIPMENTS,Cane Belt Conveyor,FOREIGN MATERIAL REMOVING FROM MAGNET,05-03-2025 11:35
28-02-2025,28-02-2025 15:11,28-02-2025 15:26,CANE HANDLING EQUIPMENTS,Cane Belt Conveyor,FOREIGN MATERIAL REMOVING FROM MAGNET,05-03-2025 11:37
01-03-2025,01-03-2025 06:54,01-03-2025 07:11,CANE HANDLING EQUIPMENTS,Cane Belt Conveyor,FOREIGN MATERIAL REMOVING FROM MAGNET,05-03-2025 11:39
01-03-2025,01-03-2025 14:04,01-03-2025 14:06,PREPERATORY DEVICES,Feeder Drum,FEEDER DRUM MOTOR INSTALLED DUE TO OVER LOAD,05-03-2025 11:45
04-03-2025,04-03-2025 19:48,04-03-2025 19:55,PREPERATORY DEVICES,In-line Shredder,LOW OIL PRESSURE,05-03-2025 11:48
27-02-2025,27-02-2025 09:03,27-02-2025 11:36,CANE,No Cane,NO CANE,05-03-2025 11:52
02-03-2025,02-03-2025 09:03,02-03-2025 12:25,CANE,No Cane,NO CANE,05-03-2025 11:54
05-03-2025,05-03-2025 10:46,05-03-2025 10:53,CANE HANDLING EQUIPMENTS,IRC 2,IRC NO. 2 BROKEN RUNNER WELDING WORK.,12-03-2025 09:19
05-03-2025,05-03-2025 19:13,05-03-2025 19:21,PREPERATORY DEVICES,In-line Shredder, OIL PRESSURE LOW,12-03-2025 09:21
06-03-2025,06-03-2025 13:32,06-03-2025 13:34,CANE HANDLING EQUIPMENTS,Main Cane Carrier,OVER FEEDING AT MCC ,12-03-2025 09:22
08-03-2025,08-03-2025 00:33,08-03-2025 01:00,CANE HANDLING EQUIPMENTS,Cane Belt Conveyor,OVER CANE AT CANE BELT & SRE DISCHARGE CHUTE,12-03-2025 09:23
10-03-2025,10-03-2025 08:24,10-03-2025 08:29,CANE HANDLING EQUIPMENTS,IRC 2,RAKE MISSING BOLT FITTING WORK.,12-03-2025 09:27
11-03-2025,11-03-2025 05:58,11-03-2025 06:08,CANE HANDLING EQUIPMENTS,Main Cane Carrier,OVER FEEEDING AT MAIN CANE CARRIER,12-03-2025 09:31
11-03-2025,11-03-2025 12:22,11-03-2025 12:44,PREPERATORY DEVICES,In-line Shredder,SHREDDER MOTOR TRIP DUE TO OVER LOAD,12-03-2025 09:32
12-03-2025,12-03-2025 00:09,12-03-2025 00:12,CANE HANDLING EQUIPMENTS,Cane Belt Conveyor,OVER CANE AT CANE BELT & SRE DISCHARGE CHUTE,12-03-2025 09:34
13-03-2025,13-03-2025 02:36,13-03-2025 02:40,CANE HANDLING EQUIPMENTS,IRC 1,Rake missing bolt fitted.,18-03-2025 10:27
13-03-2025,13-03-2025 15:39,13-03-2025 15:41,CANE HANDLING EQUIPMENTS,Main Cane Carrier,Foreign material remove from belt.,18-03-2025 10:29
16-03-2025,16-03-2025 14:16,16-03-2025 14:17,CANE HANDLING EQUIPMENTS,Cane Belt Conveyor,Foreign material taken out from magnet,18-03-2025 10:31
14-03-2025,14-03-2025 23:54,15-03-2025 13:30,CANE,No Cane,no cane,18-03-2025 10:40
20-03-2025,20-03-2025 04:23,20-03-2025 04:25,MILLS,Main Cane Carrier,main cane carrier trip at over load,28-03-2025 18:13
22-03-2025,22-03-2025 02:51,22-03-2025 02:52,CANE HANDLING EQUIPMENTS,Cane Belt Conveyor,foreign material remove from megnet,28-03-2025 18:15
21-03-2025,21-03-2025 10:58,21-03-2025 11:00,CANE HANDLING EQUIPMENTS,Cane Belt Conveyor,foreign material remove from magnate,28-03-2025 18:17
24-03-2025,24-03-2025 12:32,24-03-2025 12:33,CANE HANDLING EQUIPMENTS,Main Cane Carrier,main cane carrier over load,28-03-2025 18:18
26-03-2025,26-03-2025 00:11,26-03-2025 00:15,CANE HANDLING EQUIPMENTS,Cane Belt Conveyor,Foreign Material remove from magnate,28-03-2025 18:20
25-03-2025,25-03-2025 20:55,25-03-2025 20:59,MILLS,4th Mill,4th mill donnelly chute sensor falls reading,28-03-2025 18:22
27-03-2025,27-03-2025 09:33,27-03-2025 16:30,CANE,No Cane,no cane,28-03-2025 18:23
23-02-2025,23-02-2025 23:22,23-02-2025 23:26,PREPERATORY DEVICES,In-line Shredder,high vibration,01-04-2025 09:15
05-03-2025,05-03-2025 14:21,05-03-2025 14:37,70TPH BOILER,Boiler - Electrical,70 TPH BOILER DRUM LEVEL LOW,01-04-2025 09:34
29-03-2025,29-03-2025 00:22,29-03-2025 00:32,CANE HANDLING EQUIPMENTS,Cane Belt Conveyor,FOREIGN MATERIAL REMOVED FROM MAGNET,01-04-2025 09:40
28-03-2025,28-03-2025 10:47,28-03-2025 17:32,CANE,No Cane,NO CANE ,01-04-2025 09:41
29-03-2025,29-03-2025 07:00,29-03-2025 21:56,CANE,No Cane,NO CANE,01-04-2025 09:43
10-11-2024,10-11-2024 10:29,10-11-2024 11:26,CANE HANDLING EQUIPMENTS,IRC 4,IRC NO 4 MOTOR TERMINAL LEAD OVER HEATING,01-04-2025 10:01
29-10-2024,29-10-2024 08:19,29-10-2024 08:25,CANE HANDLING EQUIPMENTS,Zero Mill,false signal at zero mill donnelly chute sensor,01-04-2025 10:25
29-10-2024,29-10-2024 18:40,29-10-2024 18:42,MILLS,Mill Turbine 3,false signal of mill no.3 turbine rpm,01-04-2025 10:27
26-10-2024,26-10-2024 22:15,27-10-2024 13:05,CANE,No Cane,NO CANE,01-04-2025 10:35
28-10-2024,28-10-2024 17:21,28-10-2024 17:26,70TPH BOILER,Others,LOW BOILER PRESSURE,01-04-2025 10:37
28-10-2024,28-10-2024 22:21,28-10-2024 22:40,70TPH BOILER,Others,LOW BOILER PRESSURE,01-04-2025 10:41
29-10-2025,29-10-2025 09:23,29-10-2025 09:24,MILLS,IRC 1,"IRC No-1 Tripped due to High Load 
",07-11-2025 16:06
29-10-2025,29-10-2025 12:51,29-10-2025 12:57,MILLS,Mill Turbine 1,"Mill Turbine No-1 Tripped due to Hunting, Throttle valve opening tuned 
",07-11-2025 16:10
30-10-2025,30-10-2025 13:20,30-10-2025 13:40,MILLS,IRC 2,"IRC No-2 Bagasse wrapped in trough. 
",07-11-2025 16:13
30-10-2025,30-10-2025 22:52,30-10-2025 23:35,MILLS,IRC 1,"Bagasse jamming in IRC No-1 
",07-11-2025 16:17
30-10-2025,30-10-2025 23:45,31-10-2025 00:09,OTHERS,Weather,Cane jamming at cane levelling pipe due to fluctuation in cane feeding (Rain),07-11-2025 16:24
31-10-2025,31-10-2025 12:12,31-10-2025 12:32,OTHERS,Others,3.0MW turbine trip due to AVR malfunctioning of 3MW New TG,07-11-2025 16:28
01-11-2025,01-11-2025 23:28,01-11-2025 23:33,PREPERATORY DEVICES,In-line Shredder,"Shredder Motor Tripped due to high vibration. 
",07-11-2025 16:30
01-11-2025,02-11-2025 05:54,02-11-2025 05:59,PREPERATORY DEVICES,In-line Shredder,"Shredder Motor Tripped due to high vibration. 
",07-11-2025 16:31
02-11-2025,02-11-2025 08:24,02-11-2025 08:29,PREPERATORY DEVICES,In-line Shredder,"Shredder Motor Tripped due to high vibration. 
",07-11-2025 16:34
02-11-2025,02-11-2025 09:27,02-11-2025 09:50,MILLS,Mill Turbine 3,"Mill Turbine No-3 Tripped due to high Vibration  
",07-11-2025 16:36
02-11-2025,02-11-2025 11:52,02-11-2025 11:57,PREPERATORY DEVICES,In-line Shredder,"Shredder Motor Tripped due to high vibration. 
",07-11-2025 16:41
03-11-2025,04-11-2025 05:27,04-11-2025 05:39,CANE,Others,All cane weighbridge Computer power Supply failure,07-11-2025 16:49
03-11-2025,04-11-2025 04:02,04-11-2025 04:24,MILLS,IRC 1,"Bagasse jamming in IRC No-1 
",07-11-2025 16:57
04-11-2025,04-11-2025 08:46,04-11-2025 08:52,PREPERATORY DEVICES,In-line Shredder,Shredder Motor Tripped due to high vibration.,07-11-2025 16:58
04-11-2025,05-11-2025 06:44,05-11-2025 06:50,PREPERATORY DEVICES,In-line Shredder,Shredder Motor Tripped due to high vibration.,07-11-2025 17:01
05-11-2025,05-11-2025 13:51,05-11-2025 13:55,PREPERATORY DEVICES,In-line Shredder,Shredder Motor Tripped due to high vibration.,07-11-2025 17:02
05-11-2025,05-11-2025 17:29,05-11-2025 17:33,PREPERATORY DEVICES,In-line Shredder,Shredder Motor Tripped due to high vibration.,07-11-2025 17:06
05-11-2025,05-11-2025 21:46,05-11-2025 21:51,PREPERATORY DEVICES,In-line Shredder,Shredder Motor Tripped due to high vibration.,07-11-2025 17:07
05-11-2025,05-11-2025 22:42,05-11-2025 22:46,PREPERATORY DEVICES,In-line Shredder,Shredder Motor Tripped due to high vibration.,07-11-2025 17:10
05-11-2025,06-11-2025 00:22,06-11-2025 00:26,PREPERATORY DEVICES,In-line Shredder,Shredder Motor Tripped due to high vibration.,07-11-2025 17:18
05-11-2025,06-11-2025 01:30,06-11-2025 01:33,PREPERATORY DEVICES,In-line Shredder,Shredder Motor Tripped due to high vibration.,07-11-2025 17:19
05-11-2025,06-11-2025 02:06,06-11-2025 02:10,PREPERATORY DEVICES,In-line Shredder,Shredder Motor Tripped due to high vibration.,07-11-2025 17:20
05-11-2025,06-11-2025 02:11,06-11-2025 02:14,PREPERATORY DEVICES,In-line Shredder,Shredder Motor Tripped due to high vibration.,07-11-2025 17:22
05-11-2025,06-11-2025 02:41,06-11-2025 02:45,PREPERATORY DEVICES,In-line Shredder,Shredder Motor Tripped due to high vibration.,07-11-2025 17:24
05-11-2025,06-11-2025 07:39,06-11-2025 07:43,PREPERATORY DEVICES,In-line Shredder,Shredder Motor Tripped due to high vibration.,07-11-2025 17:25
05-11-2025,06-11-2025 07:54,06-11-2025 07:58,PREPERATORY DEVICES,In-line Shredder,Shredder Motor Tripped due to high vibration.,07-11-2025 17:26
06-11-2025,06-11-2025 09:47,06-11-2025 09:52,PREPERATORY DEVICES,In-line Shredder,Shredder Motor Tripped due to high vibration.,07-11-2025 17:30
06-11-2025,06-11-2025 10:53,06-11-2025 10:58,PREPERATORY DEVICES,In-line Shredder,Shredder Motor Tripped due to high vibration.,07-11-2025 17:30
06-11-2025,06-11-2025 11:29,06-11-2025 13:29,OTHERS,In-line Shredder,Planned stoppage for shredder checking ,07-11-2025 17:33
08-11-2025,08-11-2025 10:36,08-11-2025 10:40,PREPERATORY DEVICES,In-line Shredder,"Shredder Motor Tripped due to high vibration. 
",10-11-2025 11:37
08-11-2025,08-11-2025 23:18,08-11-2025 23:30,MILLS,IRC 1,"IRC No-1 Tripped due to High Load 
",10-11-2025 11:40
08-11-2025,09-11-2025 02:33,09-11-2025 02:38,PREPERATORY DEVICES,In-line Shredder," Shredder Motor Tripped due to high vibration. 
",10-11-2025 11:41
08-11-2025,09-11-2025 02:43,09-11-2025 02:46,PREPERATORY DEVICES,In-line Shredder," Shredder Motor Tripped due to high vibration. 
",10-11-2025 11:42
08-11-2025,09-11-2025 03:49,09-11-2025 03:54,PREPERATORY DEVICES,In-line Shredder," Shredder Motor Tripped due to high vibration. 
",10-11-2025 11:43
09-11-2025,09-11-2025 10:17,09-11-2025 10:21,PREPERATORY DEVICES,In-line Shredder," Shredder Motor Tripped due to high vibration. 
",10-11-2025 11:45
10-11-2025,10-11-2025 10:10,10-11-2025 10:14,PREPERATORY DEVICES,Feeder Drum,"Feeder Drum Tripped Due to high load  
",11-11-2025 16:56
10-11-2025,11-11-2025 05:49,11-11-2025 05:54,MILLS,IRC 1,"Broken bolt replaced of IRC No-1  
",11-11-2025 16:58
11-11-2025,11-11-2025 08:51,11-11-2025 08:55,PREPERATORY DEVICES,In-line Shredder,"Shredder Motor Tripped due to high vibration. 
",12-11-2025 17:09
11-11-2025,11-11-2025 09:05,11-11-2025 09:10,PREPERATORY DEVICES,Feeder Drum,Feeder Drum Tripped Due to high load ,12-11-2025 17:11
11-11-2025,11-11-2025 09:26,11-11-2025 09:29,PREPERATORY DEVICES,In-line Shredder,"Shredder Motor Tripped due to high vibration. 
",12-11-2025 17:13
11-11-2025,11-11-2025 10:02,11-11-2025 10:06,PREPERATORY DEVICES,In-line Shredder," Shredder Motor Tripped due to high vibration. 
",12-11-2025 17:14
11-11-2025,11-11-2025 12:20,11-11-2025 12:24,PREPERATORY DEVICES,In-line Shredder," Shredder Motor Tripped due to high vibration. 
",12-11-2025 17:15
11-11-2025,11-11-2025 17:32,11-11-2025 17:35,PREPERATORY DEVICES,In-line Shredder," Shredder Motor Tripped due to high vibration. 
",12-11-2025 17:16
11-11-2025,11-11-2025 19:46,11-11-2025 19:48,PREPERATORY DEVICES,Feeder Drum,"Feeder Drum Tripped Due to high load  
",13-11-2025 15:38
11-11-2025,12-11-2025 01:55,12-11-2025 02:00,PREPERATORY DEVICES,In-line Shredder,"Shredder Motor Tripped due to high vibration. 
",13-11-2025 15:39
11-11-2025,12-11-2025 02:17,12-11-2025 02:21,PREPERATORY DEVICES,In-line Shredder," Shredder Motor Tripped due to high vibration. 
",13-11-2025 15:40
11-11-2025,12-11-2025 04:29,12-11-2025 04:33,PREPERATORY DEVICES,In-line Shredder," Shredder Motor Tripped due to high vibration. 
",13-11-2025 15:41
11-11-2025,12-11-2025 06:44,12-11-2025 06:48,PREPERATORY DEVICES,In-line Shredder," Shredder Motor Tripped due to high vibration. 
",13-11-2025 15:42
11-11-2025,12-11-2025 07:27,12-11-2025 08:00,OTHERS,Others," Schedule stoppage for Shredder hammer tips replaced, General checking of Mill & Boiling House.  
",13-11-2025 15:46
12-11-2025,12-11-2025 08:00,12-11-2025 10:45,OTHERS,Others,"Schedule stoppage for Shredder hammer tips replaced, General checking of Mill & Boiling House.  
",13-11-2025 15:48
12-11-2025,12-11-2025 20:44,12-11-2025 21:04,PREPERATORY DEVICES,Feeder Drum," Feeder Drum Tripped Due to high load  
",13-11-2025 15:51
12-11-2025,13-11-2025 07:26,13-11-2025 07:53,MILLS,IRC 2," Bagasse wrapped in IRC No-2 
",13-11-2025 15:58
16-11-2025,16-11-2025 10:44,16-11-2025 10:55,OTHERS,Others," Foreign material removed from magnet. 
",25-11-2025 12:18
18-11-2025,18-11-2025 18:37,18-11-2025 19:34,70TPH BOILER,Boiler - Mechanical," 70 Ton Boiler drum level Low 
",25-11-2025 12:20
19-11-2025,20-11-2025 04:29,20-11-2025 04:35,PREPERATORY DEVICES,Feeder Drum," Feeder Drum Tripped Due to high load  
",25-11-2025 12:23
19-11-2025,20-11-2025 05:22,20-11-2025 05:31,PREPERATORY DEVICES,Feeder Drum," Feeder Drum Tripped Due to high load  
",25-11-2025 12:24
20-11-2025,21-11-2025 00:24,21-11-2025 00:27,PREPERATORY DEVICES,Feeder Drum," Feeder Drum Tripped Due to high load  
",25-11-2025 12:25
21-11-2025,21-11-2025 16:06,21-11-2025 16:29,MILLS,IRC 1," IRC No-1 Tripped due to High Load 
",25-11-2025 12:27
21-11-2025,22-11-2025 06:26,22-11-2025 06:30,PREPERATORY DEVICES,Feeder Drum," Feeder Drum Tripped Due to high load  
",25-11-2025 12:28
21-11-2025,22-11-2025 06:42,22-11-2025 06:45,PREPERATORY DEVICES,Feeder Drum," Feeder Drum Tripped Due to high load  
",25-11-2025 12:30
22-11-2025,22-11-2025 11:03,22-11-2025 11:10,PREPERATORY DEVICES,Feeder Drum," Feeder Drum Tripped Due to high load  
",25-11-2025 12:31
22-11-2025,23-11-2025 04:32,23-11-2025 04:36,PREPERATORY DEVICES,Feeder Drum," Feeder Drum Tripped Due to high load  
",25-11-2025 12:32
23-11-2025,23-11-2025 16:11,23-11-2025 16:14,PREPERATORY DEVICES,Feeder Drum," Feeder Drum Tripped Due to high load  
",25-11-2025 12:33
21-11-2025,21-11-2025 16:06,21-10-2025 16:29,MILLS,IRC 1," IRC No-1 Tripped due to High Load 
",01-12-2025 17:13
21-11-2025,22-11-2025 06:26,22-11-2025 06:30,PREPERATORY DEVICES,Feeder Drum," Feeder Drum Tripped Due to high load  
",01-12-2025 17:15
21-11-2025,22-11-2025 06:42,22-11-2025 06:45,PREPERATORY DEVICES,Feeder Drum," Feeder Drum Tripped Due to high load  
",01-12-2025 17:16
22-11-2025,22-11-2025 11:03,22-11-2025 11:10,PREPERATORY DEVICES,Feeder Drum," Feeder Drum Tripped Due to high load  
",01-12-2025 17:17
22-11-2025,23-11-2025 04:32,23-11-2025 04:36,PREPERATORY DEVICES,Feeder Drum," Feeder Drum Tripped Due to high load  
",01-12-2025 17:18
23-11-2025,23-11-2025 16:11,23-11-2025 16:14,PREPERATORY DEVICES,Feeder Drum," Feeder Drum Tripped Due to high load  
",01-12-2025 17:19
25-11-2025,25-11-2025 13:51,25-11-2025 13:55,PREPERATORY DEVICES,In-line Shredder," Shredder Motor Tripped due False signal (Lub oil pump stop) 
",01-12-2025 17:21
25-11-2025,26-11-2025 04:44,26-11-2025 04:46,PREPERATORY DEVICES,Feeder Drum," Feeder Drum Tripped Due to high load  
",01-12-2025 17:22
26-11-2025,26-11-2025 17:50,26-11-2025 17:52,PREPERATORY DEVICES,Feeder Drum," Feeder Drum Tripped Due to high load  
",01-12-2025 17:23
30-11-2025,01-12-2025 05:54,01-11-2025 06:05,PREPERATORY DEVICES,Feeder Drum," Feeder Drum Tripped Due to high load  
",01-12-2025 17:24
21-11-2025,21-11-2025 16:06,21-11-2025 16:29,MILLS,IRC 1," IRC No-1 Tripped due to High Load 
",13-12-2025 18:19
21-11-2025,22-11-2025 06:26,22-11-2025 06:30,PREPERATORY DEVICES,Feeder Drum," Feeder Drum Tripped Due to high load  
",13-12-2025 18:35
21-11-2025,22-11-2025 06:42,22-11-2025 06:45,PREPERATORY DEVICES,Feeder Drum," Feeder Drum Tripped Due to high load  
",13-12-2025 18:36
22-11-2025,22-11-2025 11:03,22-11-2025 11:10,PREPERATORY DEVICES,Feeder Drum," Feeder Drum Tripped Due to high load  
",13-12-2025 18:37
22-11-2025,23-11-2025 04:32,23-11-2025 04:36,PREPERATORY DEVICES,Feeder Drum," Feeder Drum Tripped Due to high load  
",13-12-2025 18:38
23-11-2025,23-11-2025 16:11,23-11-2025 16:14,PREPERATORY DEVICES,Feeder Drum," Feeder Drum Tripped Due to high load  
",13-12-2025 18:39
25-11-2025,25-11-2025 13:51,25-11-2025 13:55,PREPERATORY DEVICES,In-line Shredder," Shredder Motor Tripped due False signal (Lub oil pump stop) 
",13-12-2025 18:41
25-11-2025,26-11-2025 04:44,26-11-2025 04:46,PREPERATORY DEVICES,Feeder Drum," Feeder Drum Tripped Due to high load  
",13-12-2025 18:42
26-11-2025,26-11-2025 17:50,26-11-2025 17:52,PREPERATORY DEVICES,Feeder Drum," Feeder Drum Tripped Due to high load  
",13-12-2025 18:43
30-11-2025,01-12-2025 05:54,01-12-2025 06:05,PREPERATORY DEVICES,Feeder Drum," Feeder Drum Tripped Due to high load  
",13-12-2025 18:44
01-12-2025,01-12-2025 15:54,01-12-2025 16:40,MILLS,IRC 2," Bagasse wrapped in IRC No-2 Trough 
",13-12-2025 18:46
01-12-2025,02-12-2025 03:15,02-12-2025 03:18,PREPERATORY DEVICES,Feeder Drum," Feeder Drum Tripped Due to high load  
",13-12-2025 18:47
03-12-2025,03-12-2025 10:15,03-12-2025 14:35,OTHERS,Others," Scheduled stoppage for general cleaning ( Shredder Tips Reversed) 
",13-12-2025 18:49
03-12-2025,03-12-2025 14:35,03-12-2025 15:48,150TPH BOILER,Others," 150 TPH boiler slat conveyor fluid coupling problem 
",13-12-2025 18:51
04-12-2025,04-12-2025 18:35,04-12-2025 18:37,PREPERATORY DEVICES,Feeder Drum," Feeder Drum Tripped Due to high load  
",13-12-2025 18:52
04-12-2025,05-12-2025 02:24,05-12-2025 02:33,MILLS,IRC 1," IRC No-1 Tripped due to High Load 
",13-12-2025 18:54
05-12-2025,06-12-2025 01:03,06-12-2025 01:11,MILLS,IRC 2," Bagasse wrapped in IRC No-2 Trough 
",13-12-2025 18:55
08-12-2025,09-12-2025 03:56,09-12-2025 04:00,MILLS,IRC 1," 2Nos Missing Bolt Provided in IRC No-1( One Rake) 
",13-12-2025 18:56
10-12-2025,10-12-2025 12:22,10-12-2025 12:24,PREPERATORY DEVICES,Feeder Drum," Feeder Drum Tripped Due to high load  
",13-12-2025 18:57
12-12-2025,12-12-2025 15:49,12-12-2025 15:52,PREPERATORY DEVICES,Feeder Drum," Feeder Drum Tripped Due to high load  
",13-12-2025 18:58
12-12-2025,12-12-2025 20:39,12-12-2025 20:42,PREPERATORY DEVICES,Feeder Drum," Feeder Drum Tripped Due to high load  
",13-12-2025 18:59
12-12-2025,13-12-2025 01:44,13-12-2025 01:46,CANE HANDLING EQUIPMENTS,Main Cane Carrier," Main Cane carrier tripped due to Overload 
",13-12-2025 19:00
13-12-2025,13-12-2025 08:03,13-12-2025 08:05,PREPERATORY DEVICES,Feeder Drum," Feeder Drum Tripped Due to high load  
",22-12-2025 16:01
15-12-2025,15-12-2025 22:32,15-12-2025 22:34,CANE HANDLING EQUIPMENTS,Main Cane Carrier," Main Cane Carrier Stalled due to overload  
",22-12-2025 16:02
16-12-2025,16-12-2025 14:14,16-12-2025 14:16,CANE HANDLING EQUIPMENTS,Main Cane Carrier," Main Cane Carrier Stalled due to overload  
",22-12-2025 16:03
16-12-2025,17-12-2025 00:36,17-12-2025 00:37,PREPERATORY DEVICES,Feeder Drum," Feeder Drum Tripped Due to high load  
",22-12-2025 16:04
17-12-2025,17-12-2025 19:55,19-12-2025 19:57,PREPERATORY DEVICES,Feeder Drum," Feeder Drum Tripped Due to high load  
",22-12-2025 16:05
18-12-2025,18-12-2025 08:37,18-12-2025 08:39,PREPERATORY DEVICES,Feeder Drum," Feeder Drum Tripped Due to high load  
",22-12-2025 16:07
18-12-2025,18-12-2025 11:10,18-12-2025 11:17,PREPERATORY DEVICES,Feeder Drum," Cane Carrier & Feeder Drum Tripped due to high load  
",22-12-2025 16:08
18-12-2025,19-12-2025 03:47,19-12-2025 04:02,MILLS,1st Mill," Mill No-1 Top Roller groove cleaning  
",22-12-2025 16:09
18-12-2025,19-12-2025 04:33,19-12-2025 04:39,MILLS,1st Mill," Mill No-1 Top Roller groove cleaning  
",22-12-2025 16:10
20-12-2025,20-12-2025 23:27,20-12-2025 23:37,MILLS,IRC 2," IRC No-2 Tripped due to Overload 
",22-12-2025 16:11
21-12-2025,21-12-2025 23:53,21-12-2025 23:55,CANE HANDLING EQUIPMENTS,Main Cane Carrier," Main Cane Carrier motor stalled due to overload 
",22-12-2025 16:12
23-12-2025,24-12-2025 06:36,24-12-2025 06:42,CANE HANDLING EQUIPMENTS,Main Cane Carrier," Main Cane Carrier motor stalled due to overload 
",26-12-2025 16:10
24-12-2025,24-12-2025 10:09,24-12-2025 10:11,PREPERATORY DEVICES,Feeder Drum," Feeder Drum Tripped Due to high load  
",02-01-2026 11:12
25-12-2025,25-12-2025 13:19,25-12-2025 13:32,MILLS,IRC 1," IRC No-1 Tripped due to Overload 
",02-01-2026 11:15
26-12-2025,26-12-2025 08:25,26-12-2025 08:30,PREPERATORY DEVICES,Feeder Drum," Feeder Drum & Cane Carrier Tripped due to overload 
",02-01-2026 11:16
27-12-2025,27-12-2025 14:02,27-12-2025 14:04,PREPERATORY DEVICES,Feeder Drum," Feeder Drum & Cane Carrier Tripped due to overload 
",02-01-2026 11:21
27-12-2025,27-12-2025 22:35,27-12-2025 22:37,CANE HANDLING EQUIPMENTS,Main Cane Carrier," Main Cane Carrier motor stalled due to overload 
",02-01-2026 11:22
28-12-2025,28-12-2025 15:09,28-12-2025 15:13,CANE HANDLING EQUIPMENTS,Main Cane Carrier," Main Cane Carrier motor stalled due to overload 
",02-01-2026 11:24
28-12-2025,28-12-2025 23:37,29-12-2025 01:15,MILLS,IRC 4," IRC No-4 overload due to Donnelly chute level high. 
",02-01-2026 11:26
28-12-2025,29-12-2025 04:15,29-12-2025 04:19,MILLS,IRC 1," IRC No-1 tripped due to overload. 
",02-01-2026 11:27
29-12-2025,29-12-2025 12:57,29-12-2025 13:05,MILLS,4th Mill," Mill No-4 Donnelly chute level high. 
",02-01-2026 11:29
29-12-2025,29-12-2025 14:07,29-12-2025 14:15,MILLS,IRC 4," IRC No-4 Scrapper extended (as existing found wear out) 
",02-01-2026 11:31
30-12-2025,31-12-2025 05:17,31-12-2025 05:20,CANE HANDLING EQUIPMENTS,Main Cane Carrier," Main Cane Carrier motor stalled due to overload 
",02-01-2026 11:32
31-12-2025,31-12-2025 11:15,31-12-2025 11:35,CANE HANDLING EQUIPMENTS,Main Cane Carrier," Main Cane Carrier motor stalled due to overload 
",02-01-2026 11:35
31-12-2025,01-01-2026 05:15,01-01-2026 06:16,PREPERATORY DEVICES,In-line Shredder," Broken bolt replaced of Shredder Coupling  
",02-01-2026 11:37
02-01-2026,02-01-2026 10:07,02-01-2026 10:22,CANE HANDLING EQUIPMENTS,Main Cane Carrier," Main Cane Carrier motor stalled due to overload 
",06-01-2026 19:02
02-01-2026,02-01-2026 20:04,02-01-2026 20:10,PREPERATORY DEVICES,In-line Shredder," Shredder Motor tripped due to Low lub oil pressure 
",06-01-2026 19:04
02-01-2026,02-01-2026 20:29,02-01-2026 20:35,PREPERATORY DEVICES,In-line Shredder," Shredder Motor tripped due to Low lub oil pressure (False Signal) 
",06-01-2026 19:05
03-01-2026,03-01-2026 10:00,03-01-2026 18:00,OTHERS,Others," Scheduled stoppage for general cleaning ( Shredder Tip replaced by new & Mill No-1 Top scrapper Replaced 
",06-01-2026 19:06
04-01-2026,04-01-2026 12:37,04-01-2026 12:43,CANE HANDLING EQUIPMENTS,Main Cane Carrier," Main Cane Carrier motor stalled due to overload 
",06-01-2026 19:07
04-01-2026,04-01-2026 15:15,04-01-2026 15:18,PREPERATORY DEVICES,Feeder Drum," Feeder Drum Tripped Due to high load  
",06-01-2026 19:08
05-01-2026,05-01-2026 18:45,05-01-2026 18:59,MILLS,IRC 2," Bagasse wrapped in IRC No-2 Trough 
",06-01-2026 19:13
06-01-2026,06-01-2026 12:10,06-01-2026 12:16,PREPERATORY DEVICES,Feeder Drum," Feeder Drum Tripped Due to high load  
",12-01-2026 11:53
07-01-2026,07-01-2026 08:24,07-01-2026 03:02,MILLS,IRC 2," IRC No-2 tripped due to overload. 
",12-01-2026 11:54
07-01-2026,07-01-2026 23:58,08-01-2026 00:00,PREPERATORY DEVICES,Feeder Drum," Feeder Drum Tripped Due to high load  
",12-01-2026 11:56
07-01-2026,08-01-2026 02:27,08-01-2026 02:42,MILLS,IRC 2," IRC No-2 tripped due to overload. 
",12-01-2026 11:56
09-01-2026,09-01-2026 21:30,09-01-2026 21:33,PREPERATORY DEVICES,Feeder Drum," Feeder Drum Tripped Due to high load  
",12-01-2026 11:57
09-01-2026,10-01-2026 04:52,10-01-2026 04:54,PREPERATORY DEVICES,Feeder Drum," Feeder Drum Tripped Due to high load  
",12-01-2026 11:58
11-01-2026,11-01-2026 18:39,11-01-2026 18:41,PREPERATORY DEVICES,Feeder Drum," Feeder Drum Tripped Due to high load  
",12-01-2026 11:59
13-01-2026,13-01-2026 12:25,13-01-2026 13:20,PREPERATORY DEVICES,Feeder Drum," Initially feeder drum tripped on overload.then IRC No-4 Chain tail shaft support got broken. 
",22-01-2026 10:42
13-01-2026,13-01-2026 13:32,13-01-2026 14:24,MILLS,3rd Mill," Mill No-3 both juice line to Mill No-2 found choked with bagasse and Cleaned. 
",22-01-2026 10:45
20-01-2026,20-01-2026 14:57,20-01-2026 14:59,PREPERATORY DEVICES,Feeder Drum," Feeder Drum Tripped Due to high load  
",22-01-2026 10:47
20-01-2026,20-01-2026 21:24,21-01-2026 01:46,MILLS,IRC 1," Initially IRC No-1overload just after clearance IRC no-4 both side chain dislocated form sprocket,  
",22-01-2026 10:50
20-01-2026,21-01-2026 01:49,21-01-2026 03:27,PREPERATORY DEVICES,In-line Shredder," Shredder tripped due to false Vib & Temp signal at DCS, Zero Mill tripped, just before shredder,( RTD Replaced) 
",22-01-2026 10:51
20-01-2026,21-01-2026 03:29,21-01-2026 03:38,MILLS,Zero Mill," Zero Mill VFD panel cooling fan found jam ( Fan Replaced ) 
",22-01-2026 10:53
20-01-2026,21-01-2026 04:25,21-01-2026 04:31,OTHERS,Others," Foreign material removed from magnet. 
",22-01-2026 10:54
22-01-2026,23-02-2026 06:18,23-02-2026 06:20,CANE HANDLING EQUIPMENTS,Main Cane Carrier," Main Cane Carrier motor stalled due to overload 
",16-02-2026 12:47
23-02-2026,23-02-2026 08:32,23-02-2026 08:34,CANE HANDLING EQUIPMENTS,Main Cane Carrier," Main Cane Carrier motor stalled due to overload 
",16-02-2026 12:48
23-02-2026,23-02-2026 17:44,23-02-2026 17:48,CANE HANDLING EQUIPMENTS,Main Cane Carrier," Main Cane Carrier motor stalled due to overload 
",16-02-2026 12:50
23-02-2026,24-02-2026 00:37,24-02-2026 12:41,CANE HANDLING EQUIPMENTS,Main Cane Carrier," Main Cane Carrier motor stalled due to overload 
",16-02-2026 12:51
23-01-2026,24-01-2026 04:32,24-01-2026 04:35,PREPERATORY DEVICES,Feeder Drum," Feeder Drum Tripped Due to high load  
",16-02-2026 12:54
24-01-2026,24-01-2026 19:56,24-01-2026 19:57,PREPERATORY DEVICES,Feeder Drum," Feeder Drum Tripped Due to high load  
",16-02-2026 12:55
26-01-2026,26-01-2026 15:13,26-01-2026 15:20,MILLS,IRC 1," IRC No-1 tripped due to overload. 
",16-02-2026 12:56
26-01-2026,26-01-2026 18:15,26-01-2026 18:17,PREPERATORY DEVICES,Feeder Drum," Feeder Drum Tripped Due to high load  
",16-02-2026 12:57
27-01-2026,27-01-2026 17:44,27-01-2026 17:46,OTHERS,Cane Belt Conveyor," Foreign Material found in Magnet. 
",16-02-2026 13:00
28-01-2026,29-01-2026 06:07,29-01-2026 06:10,PREPERATORY DEVICES,Feeder Drum," Feeder Drum Tripped Due to high load  
",16-02-2026 13:01
29-01-2026,29-01-2026 10:24,29-01-2026 18:12,OTHERS,Others, General Cleaning ( Shortage of Cane due to rainy Weather),16-02-2026 13:02
31-01-2026,01-02-2026 02:34,01-02-2026 02:35,PREPERATORY DEVICES,Feeder Drum," Feeder Drum Tripped Due to high load  
",16-02-2026 13:04
06-02-2026,06-02-2026 15:26,06-02-2026 15:28,PREPERATORY DEVICES,Feeder Drum," Feeder Drum Tripped Due to high load  
",16-02-2026 13:04
06-02-2026,07-02-2026 07:20,07-02-2026 07:23,CANE HANDLING EQUIPMENTS,Main Cane Carrier," Main Cane Carrier motor stalled due Compact Cane  
",16-02-2026 13:05
08-02-2026,09-02-2026 01:30,09-02-2026 01:35,CANE HANDLING EQUIPMENTS,Main Cane Carrier," Main Cane Carrier motor stalled due Compact Cane  
",16-02-2026 13:06
09-02-2026,09-02-2026 20:49,09-02-2026 20:54,MILLS,IRC 2," IRC No-2 tripped due to overload. 
",16-02-2026 13:07
09-02-2026,10-02-2026 12:45,10-02-2026 12:48,CANE HANDLING EQUIPMENTS,Main Cane Carrier," Main Cane Carrier motor stalled due to overload 
",16-02-2026 13:08
09-02-2026,10-02-2026 06:37,10-02-2026 07:10,CANE HANDLING EQUIPMENTS,Main Cane Carrier," Main Cane Carrier motor stalled due to overload 
",16-02-2026 13:09
11-02-2026,11-02-2026 16:53,11-02-2026 16:56,CANE HANDLING EQUIPMENTS,Main Cane Carrier," Main Cane Carrier motor stalled due to overload 
",16-02-2026 13:10
11-02-2026,11-02-2026 22:36,11-02-2026 22:42,CANE HANDLING EQUIPMENTS,Main Cane Carrier," Main Cane Carrier motor stalled due to overload 
",16-02-2026 13:11
12-02-2026,12-02-2026 15:11,12-02-2026 15:13,PREPERATORY DEVICES,Feeder Drum," Feeder Drum Tripped Due to high load  
",16-02-2026 13:15
13-02-2026,13-02-2026 16:34,13-02-2026 16:38,PREPERATORY DEVICES,Feeder Drum," Feeder Drum Tripped Due to high load  
",16-02-2026 13:16
13-02-2026,13-02-2026 22:29,13-02-2026 22:35,MILLS,IRC 1," Missing Bolt Provided in IRC No-1 (  6 Nos Bolts) 
",16-02-2026 13:19
13-02-2026,14-02-2026 07:05,14-02-2026 07:10,PREPERATORY DEVICES,Feeder Drum,"   Feeder Drum Tripped Due to high load  

",16-02-2026 13:20
15-02-2026,15-02-2026 10:56,15-02-2026 11:00,CANE HANDLING EQUIPMENTS,Main Cane Carrier," Main Cane Carrier motor stalled due to overload 
",16-02-2026 13:21
15-02-2026,15-02-2026 15:41,15-02-2026 15:44,CANE HANDLING EQUIPMENTS,Main Cane Carrier," Main Cane Carrier motor stalled due to overload 
",16-02-2026 13:22
15-02-2026,15-02-2026 17:27,15-02-2026 17:34,OTHERS,Others," Foreign Material found in Magnet. 
",16-02-2026 13:23
16-02-2026,16-02-2026 18:20,16-02-2026 18:24,PREPERATORY DEVICES,In-line Shredder," Shredder Motor Tripped due to high Load. 
",10-03-2026 17:20
17-02-2026,17-02-2026 09:38,17-02-2026 11:44,OTHERS,Others," General Cleaning ( Hammer tips reversed) 
",10-03-2026 17:21
17-02-2026,18-02-2026 02:42,18-02-2026 02:44,PREPERATORY DEVICES,Feeder Drum," Feeder Drum Tripped Due to high load  
",10-03-2026 17:23
19-02-2026,19-02-2026 08:16,19-02-2026 08:20,OTHERS,Cane Belt Conveyor," Foreign Material found in Magnet. 
",10-03-2026 17:25
19-02-2026,20-02-2026 05:54,20-02-2026 05:56,OTHERS,Cane Belt Conveyor," Foreign Material found in Magnet. 
",10-03-2026 17:29
20-01-2026,21-02-2026 01:32,21-02-2026 01:34,OTHERS,Cane Belt Conveyor," Foreign Material found in Magnet. 
",10-03-2026 17:30
21-02-2026,21-02-2026 11:27,21-02-2026 11:33,PREPERATORY DEVICES,In-line Shredder," Shredder Motor tripped due to Malfunctioning 
",10-03-2026 17:32
21-02-2026,21-02-2026 11:40,21-02-2026 11:43,OTHERS,Cane Belt Conveyor," Foreign Material found in Magnet. 
",10-03-2026 17:33
21-02-2026,21-02-2026 20:02,21-02-2026 20:05,OTHERS,Cane Belt Conveyor," Foreign Material found in Magnet. 
",10-03-2026 17:34
22-02-2026,22-02-2026 08:10,22-02-2026 08:12,OTHERS,Cane Belt Conveyor," Foreign Material found in Magnet. 
",10-03-2026 17:35
25-02-2026,25-02-2026 23:08,25-02-2026 23:10,MILLS,Rake Carrier," Shredder Carrier One Rake 2 Nos Missing bolts Provided. 
",10-03-2026 17:36
25-02-2026,25-02-2026 23:44,25-02-2026 23:47,PREPERATORY DEVICES,Feeder Drum," Feeder Drum Tripped Due to Overload  
",10-03-2026 17:37
26-02-2026,26-02-2026 18:28,26-02-2026 18:29,OTHERS,Cane Belt Conveyor," Foreign Material found in Magnet. 
",10-03-2026 17:38
26-02-2026,27-02-2026 06:36,27-02-2026 06:53,PREPERATORY DEVICES,Cane Belt Conveyor," To Clear Jamming between belt conveyor and Magnet. 
",10-03-2026 17:40
28-02-2026,28-02-2026 15:00,28-02-2026 15:02,PREPERATORY DEVICES,Feeder Drum," Feeder Drum Tripped Due to Overload  
",10-03-2026 17:41
02-03-2026,03-03-2026 02:59,03-03-2026 03:04,MILLS,IRC 4," Bagasse wrapped in IRC No-4 
",10-03-2026 17:43
02-03-2026,03-03-2026 07:22,03-03-2026 07:24,CANE HANDLING EQUIPMENTS,Main Cane Carrier," Main Cane Carrier motor stalled due to overload 
",10-03-2026 17:44
03-03-2026,03-03-2026 23:30,03-03-2026 23:32,OTHERS,Cane Belt Conveyor," Foreign Material found in Magnet. 
",10-03-2026 17:45
03-03-2026,04-03-2026 04:47,04-03-2026 04:49,OTHERS,Cane Belt Conveyor," Foreign Material found in Magnet. 
",10-03-2026 17:45
04-03-2026,04-03-2026 16:00,04-03-2026 16:07,CANE HANDLING EQUIPMENTS,Main Cane Carrier," Main Cane Carrier motor stalled due to overload 
",10-03-2026 17:46
04-03-2026,04-03-2026 23:22,04-03-2026 08:00,CANE,No Cane," No Cane due to Holi Festival (One side use tips reused.) 
",10-03-2026 17:47
05-03-2026,05-03-2026 08:00,05-03-2026 15:10,CANE,No Cane," No Cane due to Holi Festival (One side use tips reused.) 
",10-03-2026 17:48
08-03-2026,08-03-2026 18:33,08-03-2026 19:05,MILLS,Rake Carrier," Bagasse Jamming at shredder carrier discharge chute. 
",10-03-2026 17:49
09-03-2026,09-03-2026 15:36,09-03-2026 15:37,OTHERS,Cane Belt Conveyor," Foreign Material found in Magnet. 
",10-03-2026 17:51
09-03-2026,09-03-2026 17:40,09-03-2026 17:41,OTHERS,Cane Belt Conveyor," Foreign Material found in Magnet. 
",10-03-2026 17:52
09-03-2026,09-03-2026 19:50,09-03-2026 19:52,MILLS,Cane Belt Conveyor," Load cut of cane belt  
",10-03-2026 17:53
