"Date";"Shift";"Time";"shredR_MtrTemp";"shredR_BearTempSite";"shredR_BearTempDCS";"shredR_VibH";"shredR_VibV";"shredR_VibA";"shredL_MtrTemp";"shredL_BearTempSite";"shredL_BearTempDCS";"shredL_VibH";"shredL_VibV";"shredL_VibA";"M1_InpT";"M1_InpM";"M1_IntT";"M1_IntM";"M1_OutT";"M1_OutM";"M2_InpT";"M2_InpM";"M2_IntT";"M2_IntM";"M2_OutT";"M2_OutM";"M3_InpT";"M3_InpM";"M3_IntT";"M3_IntM";"M3_OutT";"M3_OutM";"M4_InpT";"M4_InpM";"M4_IntT";"M4_IntM";"M4_OutT";"M4_OutM";"timestamp"
"2024-11-24";"A";"2024-11-24 02:12:00";37.0;51.0;53.0;1.1;0.62;1.89;37.0;52.0;54.0;1.1;0.7;1.87;35.0;39.0;29.0;28.0;26.0;28.0;38.0;36.0;37.0;36.0;28.0;30.0;35.0;36.0;34.0;32.0;29.0;30.0;31.0;30.0;30.0;29.0;30.0;29.0;"2024-11-25 10:26:49"
"2024-11-24";"B";"2024-11-24 09:26:00";37.0;52.0;54.0;2.5;1.9;5.9;36.0;50.0;56.0;1.9;2.1;6.2;35.0;39.0;29.0;28.0;26.0;28.0;38.0;36.0;37.0;36.0;28.0;30.0;35.0;36.0;34.0;32.0;29.0;30.0;31.0;30.0;30.0;29.0;30.0;30.0;"2024-11-25 10:49:05"
"2024-11-24";"C";"2024-11-24 18:49:00";38.0;48.0;53.0;1.8;2.5;6.1;37.0;50.0;56.0;2.1;2.6;7.2;36.0;38.0;28.0;29.0;25.0;26.0;40.0;38.0;34.0;30.0;29.0;26.0;35.0;39.0;35.0;35.0;31.0;29.0;33.0;36.0;31.0;32.0;28.0;28.0;"2024-11-25 10:51:20"
"2024-11-26";"A";"2024-11-26 05:47:00";29.0;52.4;54.2;2.3;2.9;6.9;30.0;54.2;56.1;2.6;3.2;7.8;31.0;35.0;25.0;27.0;22.0;24.0;36.0;34.0;28.0;30.0;24.0;26.0;30.0;31.0;34.0;32.0;28.0;30.0;26.0;28.0;29.0;27.0;24.0;26.0;"2024-11-26 05:52:27"
"2024-11-25";"C";"2024-11-25 18:00:00";35.0;48.0;50.0;2.3;1.6;6.2;35.0;46.0;49.0;2.2;3.25;5.9;37.0;35.0;31.0;26.0;27.0;26.0;36.0;37.0;32.0;34.0;29.0;26.0;35.0;38.0;32.0;35.0;30.0;28.0;30.0;35.0;29.0;33.0;27.0;30.0;"2024-11-26 10:57:23"
"2024-11-25";"A";"2024-11-25 02:00:00";35.0;48.0;50.0;2.45;2.1;7.3;36.0;46.0;52.0;2.35;3.55;6.3;33.0;36.0;27.0;28.0;26.0;28.0;35.0;34.0;29.0;30.0;24.0;26.0;32.0;30.0;32.0;30.0;26.0;28.0;27.0;28.0;26.0;28.0;24.0;26.0;"2024-11-26 11:01:44"
"2024-11-25";"B";"2024-11-25 09:00:00";37.0;48.0;50.0;2.3;2.1;6.55;37.0;49.0;52.0;2.55;3.12;7.2;36.0;36.0;27.0;28.0;27.0;26.0;34.0;34.0;30.0;28.0;28.0;26.0;33.0;36.0;33.0;34.0;30.0;28.0;32.0;33.0;34.0;31.0;31.0;28.0;"2024-11-26 11:04:22"
"2024-11-26";"B";"2024-11-26 13:30:00";36.0;39.7;59.0;2.25;3.75;7.5;32.7;45.0;55.0;2.2;3.5;8.0;38.0;36.0;27.0;28.0;24.0;26.0;38.0;36.0;24.0;26.0;27.0;28.0;33.0;34.0;33.0;32.0;27.0;29.0;29.0;30.0;28.0;30.0;26.0;28.0;"2024-11-26 16:33:40"
"2024-11-26";"C";"2024-11-26 00:55:00";29.3;51.0;51.2;3.31;3.68;14.51;32.8;56.5;57.6;5.09;5.08;11.19;36.0;35.0;31.0;25.0;27.0;26.0;34.0;36.0;32.0;31.0;28.0;26.0;35.0;37.0;34.0;34.0;29.0;27.0;32.0;35.0;30.0;32.0;27.0;29.0;"2024-11-27 01:08:11"
"2024-11-27";"A";"2024-11-27 02:04:00";36.0;48.0;52.0;2.5;3.1;7.2;36.0;50.0;54.0;2.3;2.95;6.9;31.0;35.0;25.0;27.0;22.0;24.0;36.0;34.0;28.0;30.0;24.0;26.0;30.0;31.0;34.0;32.0;28.0;30.0;26.0;28.0;29.0;27.0;24.0;26.0;"2024-11-27 10:07:11"
"2024-11-27";"B";"2024-11-27 10:17:00";36.6;44.0;54.0;2.5;2.7;7.12;40.4;46.0;59.0;2.5;3.0;7.5;33.0;36.0;26.0;26.0;23.0;23.0;38.0;34.0;28.0;27.0;25.0;27.0;33.0;35.0;32.0;31.0;27.0;26.0;30.0;33.0;29.0;29.0;26.0;26.0;"2024-11-27 14:26:12"
"2024-11-27";"A";"2024-11-27 01:07:00";32.0;51.0;54.0;3.2;3.0;8.2;34.0;53.0;56.0;3.6;3.5;9.2;36.0;38.0;30.0;30.0;28.0;29.0;37.0;36.0;29.0;30.0;29.0;27.0;32.0;37.0;30.0;31.0;27.0;28.0;34.0;36.0;30.0;31.0;30.0;30.0;"2024-11-28 01:12:19"
"2024-11-27";"C";"2024-11-27 01:19:00";34.0;52.2;55.4;3.6;2.9;8.9;32.0;53.2;58.3;3.5;3.6;9.3;35.0;37.0;26.0;28.0;27.0;25.0;39.0;38.0;32.0;33.0;27.0;32.0;34.0;36.0;31.0;33.0;28.0;26.0;30.0;34.0;28.0;30.0;27.0;28.0;"2024-11-28 01:22:44"
"2024-11-28";"A";"2024-11-28 08:14:00";30.0;51.6;53.8;3.5;3.1;9.1;31.0;52.4;55.1;3.2;3.8;8.5;30.0;33.0;22.0;24.0;20.0;22.0;34.0;32.0;25.0;26.0;23.0;24.0;30.0;28.0;29.0;30.0;23.0;24.0;26.0;30.0;24.0;26.0;22.0;24.0;"2024-11-28 08:17:51"
"2024-11-28";"B";"2024-11-28 10:00:00";36.0;45.0;54.0;2.9;3.7;6.9;39.6;47.0;59.0;3.0;3.5;7.0;31.0;35.0;28.0;28.0;25.0;26.0;37.0;34.0;31.0;30.0;25.0;26.0;32.0;33.0;32.0;30.0;27.0;25.0;29.0;33.0;28.0;28.0;25.0;25.0;"2024-11-28 14:27:37"
"2024-11-29";"A";"2024-11-29 08:26:00";32.0;52.1;53.5;3.1;3.6;9.6;33.0;51.2;54.3;3.4;2.9;8.4;29.0;28.0;23.0;24.0;22.0;24.0;35.0;29.0;25.0;24.0;23.0;24.0;30.0;29.0;29.0;28.0;24.0;26.0;26.0;28.0;30.0;29.0;23.0;24.0;"2024-11-29 08:29:03"
"2024-11-29";"B";"2024-11-29 11:00:00";36.2;44.0;54.6;2.5;2.0;7.5;40.0;47.0;54.8;2.6;2.5;7.3;33.0;35.0;28.0;29.0;26.0;25.0;38.0;33.0;32.0;28.0;26.0;25.0;33.0;35.0;32.0;30.0;26.0;26.0;29.0;32.0;28.0;30.0;26.0;25.0;"2024-11-29 16:24:44"
"2024-11-29";"C";"2024-11-29 22:23:00";35.0;49.0;51.0;3.0;5.0;12.31;31.0;51.0;53.0;4.0;3.0;12.14;0.0;0.0;0.0;0.0;0.0;0.0;0.0;0.0;0.0;0.0;0.0;0.0;0.0;0.0;0.0;0.0;0.0;0.0;0.0;0.0;0.0;0.0;0.0;0.0;"2024-11-29 22:32:33"
"2024-11-30";"A";"2024-11-30 08:43:00";32.0;50.2;52.6;3.3;3.8;8.9;30.0;49.5;53.4;3.5;3.4;9.5;30.0;32.0;23.0;24.0;20.0;22.0;36.0;32.0;26.0;28.0;23.0;24.0;29.0;30.0;30.0;28.0;24.0;26.0;30.0;34.0;24.0;26.0;22.0;24.0;"2024-11-30 08:45:09"
"2024-11-30";"B";"2024-11-30 11:00:00";35.9;44.0;54.2;2.2;2.7;7.6;41.7;46.0;54.2;2.5;2.75;7.65;33.0;35.0;28.0;29.0;26.0;25.0;38.0;33.0;32.0;27.0;26.0;25.0;33.0;35.0;32.0;30.0;26.0;25.0;29.0;32.0;28.0;30.0;26.0;25.0;"2024-11-30 16:24:05"
"2024-12-01";"A";"2024-12-01 08:20:00";30.0;51.2;53.4;2.9;2.7;9.2;31.0;52.3;54.2;3.5;2.9;8.1;30.0;34.0;23.0;25.0;22.0;24.0;38.0;33.0;26.0;28.0;23.0;25.0;29.0;31.0;29.0;30.0;24.0;26.0;25.0;26.0;24.0;26.0;24.0;26.0;"2024-12-01 08:21:55"
"2024-12-01";"B";"2024-12-01 11:00:00";36.2;54.0;44.0;2.6;1.4;7.0;38.3;55.0;46.0;3.0;2.5;7.5;32.0;34.0;26.0;26.0;24.0;24.0;38.0;34.0;28.0;29.0;24.0;25.0;33.0;35.0;32.0;33.0;26.0;28.0;30.0;34.0;30.0;30.0;26.0;27.0;"2024-12-01 16:17:10"
"2024-12-02";"A";"2024-12-02 03:00:00";32.9;44.0;49.9;2.5;3.9;6.9;35.4;45.0;52.7;2.6;3.75;7.2;32.0;35.0;25.0;25.0;22.0;23.0;39.0;33.0;28.0;26.0;25.0;23.0;32.0;34.0;32.0;31.0;27.0;25.0;28.0;31.0;24.0;26.0;24.0;24.0;"2024-12-02 05:45:35"
"2024-12-03";"A";"2024-12-03 02:00:00";36.0;44.0;51.0;2.3;3.5;6.9;34.54;47.0;52.0;2.4;3.6;7.0;32.0;35.0;26.0;29.0;22.0;25.0;36.0;34.0;28.0;27.0;25.0;25.0;32.0;35.0;32.0;32.0;27.0;27.0;29.0;33.0;28.0;30.0;26.0;26.0;"2024-12-03 08:26:15"
"2024-12-04";"A";"2024-12-04 02:00:00";36.7;44.0;54.0;2.7;3.1;7.6;36.2;46.0;55.5;2.6;2.9;7.2;33.0;35.0;28.0;27.0;26.0;25.0;37.0;32.0;31.0;28.0;29.0;25.0;32.0;34.0;30.0;32.0;29.0;26.0;27.0;32.0;24.0;30.0;24.0;26.0;"2024-12-04 08:18:06"
"2024-12-04";"C";"2024-12-04 16:32:00";37.0;51.9;55.6;3.1;3.8;12.14;37.0;52.4;55.7;3.7;3.4;12.69;34.0;39.0;28.0;22.0;25.0;27.0;38.0;336.0;31.0;29.0;27.0;26.0;35.0;37.0;33.0;34.0;32.0;28.0;32.0;35.0;30.0;32.0;28.0;30.0;"2024-12-04 16:44:19"
"2024-12-05";"A";"2024-12-05 03:00:00";34.0;43.0;49.0;0.0;0.0;0.0;35.0;45.0;51.0;0.0;0.0;0.0;28.0;32.0;26.0;30.0;26.0;25.0;33.0;30.0;32.0;32.0;28.0;29.0;39.0;36.0;32.0;30.0;28.0;26.0;35.0;37.0;29.0;27.0;26.0;25.0;"2024-12-05 05:50:47"
"2024-12-05";"B";"2024-12-05 10:43:00";34.0;52.1;54.6;4.5;4.7;11.66;39.0;53.9;54.9;3.2;3.7;11.74;35.0;35.0;29.0;28.0;26.0;25.0;40.0;36.0;31.0;29.0;27.0;24.0;35.0;37.0;33.0;31.0;29.0;27.0;31.0;35.0;31.0;38.0;36.0;29.0;"2024-12-05 16:50:05"
"2024-12-06";"A";"2024-12-06 02:00:00";33.9;49.0;51.0;0.0;0.0;0.0;34.5;50.6;53.0;0.0;0.0;0.0;32.0;35.0;26.0;29.0;22.0;26.0;36.0;33.0;31.0;27.0;25.0;24.0;32.0;34.0;32.0;31.0;26.0;25.0;26.0;30.0;24.0;29.0;23.0;25.0;"2024-12-06 08:29:59"
"2024-12-06";"B";"2024-12-06 10:36:00";37.0;50.2;52.0;3.65;3.99;9.38;39.0;2.41;54.0;2.43;2.43;9.86;34.0;33.0;32.0;28.0;27.0;26.0;38.0;35.0;34.0;30.0;29.0;28.0;35.0;37.0;38.0;33.0;32.0;34.0;31.0;34.0;30.0;37.0;28.0;28.0;"2024-12-06 16:43:32"
"2024-12-06";"C";"2024-12-06 23:25:00";30.0;49.5;51.6;2.9;3.2;11.1;31.0;50.0;52.2;3.5;3.8;9.5;31.0;35.0;24.0;25.0;23.0;24.0;34.0;36.0;27.0;28.0;24.0;26.0;30.0;34.0;32.0;31.0;26.0;28.0;27.0;30.0;26.0;28.0;24.0;26.0;"2024-12-06 23:26:40"
"2024-12-07";"A";"2024-12-07 04:00:00";32.9;44.0;49.0;0.0;0.0;0.0;35.4;45.0;51.0;0.0;0.0;0.0;30.0;32.0;24.0;23.0;20.0;20.0;34.0;31.0;25.0;26.0;22.0;22.0;30.0;32.0;29.0;30.0;24.0;23.0;26.0;29.0;22.0;28.0;22.0;28.0;"2024-12-07 06:45:47"
"2024-12-07";"C";"2024-12-07 23:48:00";31.0;52.2;51.3;3.2;3.5;9.6;30.0;51.5;53.2;3.5;3.1;11.2;30.0;34.0;24.0;26.0;24.0;23.0;37.0;33.0;26.0;28.0;23.0;25.0;30.0;34.0;28.0;30.0;26.0;28.0;28.0;30.0;26.0;29.0;25.0;27.0;"2024-12-07 23:50:14"
"2024-12-08";"A";"2024-12-08 04:00:00";33.5;44.0;48.6;0.0;0.0;0.0;34.2;46.0;50.4;0.0;0.0;0.0;30.0;33.0;25.0;26.0;20.0;20.0;36.0;33.0;28.0;28.0;23.0;24.0;30.0;30.0;28.0;31.0;26.0;27.0;25.0;30.0;23.0;29.0;23.0;25.0;"2024-12-08 06:24:46"
"2024-12-08";"C";"2024-12-08 23:23:00";30.0;52.4;53.1;2.9;3.8;10.5;31.0;51.8;54.2;3.4;3.7;11.5;31.0;35.0;25.0;26.0;21.0;23.0;36.0;34.0;26.0;28.0;23.0;25.0;30.0;34.0;29.0;30.0;25.0;27.0;29.0;32.0;26.0;28.0;24.0;26.0;"2024-12-08 23:25:26"
"2024-12-09";"A";"2024-12-09 05:53:00";34.3;47.8;50.4;1.6;1.93;6.2;30.2;50.0;52.7;1.4;2.0;7.1;32.0;31.0;27.0;23.0;21.0;21.0;36.0;32.0;26.0;26.0;23.0;22.0;31.0;33.0;30.0;25.0;25.0;23.0;29.0;32.0;30.0;27.0;26.0;25.0;"2024-12-09 06:02:29"
"2024-12-09";"B";"2024-12-09 16:09:00";32.0;52.5;53.4;3.2;3.6;9.1;32.0;51.1;54.2;2.9;3.5;11.4;31.0;35.0;25.0;26.0;22.0;24.0;36.0;34.0;27.0;28.0;24.0;25.0;31.0;34.0;29.0;30.0;25.0;26.0;28.0;31.0;28.0;29.0;26.0;25.0;"2024-12-09 16:11:08"
"2024-12-09";"C";"2024-12-09 18:00:00";34.3;44.0;49.3;0.0;0.0;0.0;35.6;46.0;50.9;0.0;0.0;0.0;32.0;32.0;25.0;24.0;22.0;22.0;35.0;30.0;25.0;23.0;24.0;22.0;30.0;33.0;28.0;30.0;24.0;23.0;28.0;32.0;25.0;27.0;24.0;23.0;"2024-12-09 21:00:20"
"2024-12-10";"A";"2024-12-10 08:28:00";29.0;45.6;49.8;3.4;2.9;11.2;27.0;49.8;52.4;3.1;3.3;9.8;28.0;27.0;23.0;21.0;18.0;18.0;34.0;31.0;25.0;27.0;22.0;21.0;30.0;33.0;25.0;26.0;23.0;22.0;28.0;31.0;27.0;24.0;20.0;21.0;"2024-12-10 08:31:31"
"2024-12-10";"B";"2024-12-10 16:49:00";32.0;50.1;52.3;2.5;2.9;9.11;29.0;51.2;53.4;2.9;3.1;11.1;28.0;27.0;23.0;21.0;18.0;20.0;34.0;31.0;25.0;26.0;22.0;27.0;30.0;38.0;25.0;28.0;24.0;26.0;30.0;34.0;30.0;29.0;24.0;27.0;"2024-12-10 16:50:57"
"2024-12-10";"C";"2024-12-10 22:00:00";36.6;44.0;49.6;2.2;1.9;6.3;40.4;45.0;51.0;2.3;2.3;7.2;30.0;31.0;23.0;25.0;21.0;22.0;32.0;34.0;26.0;28.0;23.0;25.0;29.0;30.0;28.0;29.0;23.0;24.0;28.0;30.0;24.0;26.0;23.0;25.0;"2024-12-10 22:45:36"
"2024-12-11";"A";"2024-12-11 02:41:00";27.0;46.4;48.0;3.51;4.21;8.42;26.0;50.2;52.9;3.67;2.9;11.73;28.0;30.0;25.0;22.0;22.0;19.0;32.0;31.0;24.0;23.0;20.0;20.0;29.0;32.0;25.0;28.0;23.0;21.0;25.0;29.0;27.0;22.0;22.0;20.0;"2024-12-11 08:47:11"
"2024-12-14";"C";"2024-12-14 18:00:00";33.0;48.0;51.5;2.2;2.1;7.2;36.2;51.0;52.8;2.4;2.8;6.9;31.0;35.0;25.0;25.0;22.0;21.0;31.0;35.0;26.0;27.0;23.0;21.0;29.0;33.0;29.0;30.0;24.0;23.0;27.0;30.0;24.0;26.0;23.0;22.0;"2024-12-14 22:31:53"
"2024-12-15";"C";"2024-12-15 20:00:00";32.0;45.0;50.0;0.0;0.0;0.0;35.0;46.0;53.0;0.0;0.0;0.0;31.0;33.0;24.0;25.0;21.0;21.0;32.0;33.0;26.0;26.0;22.0;21.0;29.0;32.0;28.0;29.0;24.0;23.0;26.0;29.0;25.0;26.0;23.0;22.0;"2024-12-15 22:40:27"
"2024-12-16";"A";"2024-12-16 05:49:00";32.0;47.8;49.0;4.41;6.5;14.36;34.0;49.7;51.0;3.96;4.72;16.59;28.0;30.0;25.0;22.0;22.0;19.0;32.0;30.0;24.0;23.0;20.0;20.0;29.0;32.0;25.0;28.0;23.0;21.0;25.0;29.0;27.0;24.0;22.0;20.0;"2024-12-16 09:03:58"
"2024-12-16";"C";"2024-12-16 20:00:00";33.0;44.0;50.0;0.0;0.0;0.0;34.3;46.0;51.6;0.0;0.0;0.0;34.0;33.0;26.0;25.0;23.0;22.0;36.0;33.0;28.0;27.0;24.0;24.0;34.0;37.0;31.0;32.0;26.0;25.0;32.0;34.0;29.0;30.0;27.0;27.0;"2024-12-16 21:57:59"
"2024-12-17";"A";"2024-12-17 06:03:00";29.0;51.2;49.8;3.1;2.5;9.6;31.0;52.5;50.2;3.6;3.4;11.2;29.0;32.0;22.0;24.0;18.0;19.0;32.0;30.0;23.0;24.0;21.0;22.0;33.0;34.0;26.0;24.0;22.0;24.0;34.0;36.0;30.0;31.0;30.0;28.0;"2024-12-17 06:05:02"
"2024-12-17";"B";"2024-12-17 20:00:00";34.8;44.0;55.0;2.3;2.1;7.2;37.4;45.0;55.5;2.1;2.3;7.0;31.0;34.0;23.0;24.0;20.0;22.0;34.0;32.0;27.0;25.0;23.0;22.0;31.0;33.0;29.0;30.0;24.0;23.0;28.0;31.0;28.0;29.0;24.0;24.0;"2024-12-17 16:20:56"
"2024-12-17";"C";"2024-12-17 22:43:00";32.0;49.3;53.7;3.48;4.06;9.3;34.0;51.2;51.7;3.34;3.08;11.46;30.0;32.0;27.0;25.0;23.0;22.0;36.0;33.0;28.0;27.0;25.0;23.0;33.0;33.0;30.0;30.0;25.0;25.0;29.0;31.0;27.0;29.0;26.0;26.0;"2024-12-17 23:49:03"
"2024-12-18";"A";"2024-12-18 06:05:00";30.0;46.7;50.1;3.5;2.5;9.6;31.0;49.5;52.8;3.1;2.9;11.2;33.0;34.0;29.0;28.0;26.0;24.0;38.0;37.0;30.0;31.0;24.0;25.0;36.0;34.0;30.0;28.0;26.0;29.0;38.0;36.0;30.0;26.0;26.0;25.0;"2024-12-18 06:07:40"
"2024-12-18";"B";"2024-12-18 20:00:00";34.4;44.0;54.7;2.3;3.1;6.0;36.5;45.0;55.0;2.1;2.9;5.7;34.0;36.0;28.0;29.0;26.0;24.0;35.0;36.0;28.0;29.0;27.0;26.0;33.0;35.0;32.0;31.0;27.0;26.0;30.0;33.0;30.0;32.0;27.0;27.0;"2024-12-18 14:47:47"
"2024-12-18";"C";"2024-12-18 19:56:00";29.0;50.8;52.6;4.04;4.1;14.23;27.0;52.2;52.6;3.65;5.92;11.97;32.0;34.0;25.0;25.0;22.0;23.0;35.0;35.0;28.0;27.0;26.0;23.0;34.0;34.0;30.0;32.0;26.0;25.0;30.0;32.0;28.0;28.0;27.0;26.0;"2024-12-18 22:03:10"
"2024-12-19";"B";"2024-12-19 14:00:00";34.4;43.0;54.7;2.4;3.8;7.3;36.5;44.0;55.0;2.6;3.9;7.5;30.0;32.0;25.0;26.0;20.0;20.0;34.0;33.0;26.0;25.0;23.0;24.0;31.0;33.0;29.0;28.0;24.0;23.0;27.0;31.0;28.0;26.0;23.0;22.0;"2024-12-19 16:21:25"
"2024-12-19";"C";"2024-12-19 18:27:00";30.0;49.9;52.0;3.81;4.18;13.38;26.0;51.6;54.4;3.52;4.95;9.04;34.0;33.0;26.0;25.0;26.0;23.0;36.0;34.0;28.0;27.0;25.0;24.0;33.0;35.0;30.0;30.0;27.0;24.0;30.0;32.0;28.0;29.0;29.0;27.0;"2024-12-19 21:32:43"
"2024-12-20";"A";"2024-12-20 08:24:00";29.0;50.2;52.1;2.8;2.7;9.5;31.0;46.7;53.1;3.6;2.9;11.2;30.0;33.0;24.0;26.0;27.0;29.0;32.0;34.0;26.0;28.0;29.0;26.0;33.0;33.0;28.0;26.0;26.0;24.0;34.0;35.0;26.0;28.0;30.0;28.0;"2024-12-20 08:25:57"
"2024-12-20";"B";"2024-12-20 14:00:00";35.4;44.0;54.7;2.5;3.0;6.0;40.2;45.0;55.1;2.3;2.9;6.2;30.0;34.0;23.0;24.0;20.0;20.0;32.0;32.0;25.0;25.0;22.0;22.0;31.0;33.0;28.0;28.0;23.0;23.0;27.0;30.0;26.0;28.0;23.0;23.0;"2024-12-20 16:31:43"
"2024-12-20";"C";"2024-12-20 19:17:00";30.0;49.9;52.6;3.72;3.52;11.33;27.0;51.6;54.1;3.62;5.11;10.36;35.0;34.0;29.0;27.0;25.0;24.0;37.0;35.0;29.0;27.0;25.0;25.0;34.0;36.0;31.0;32.0;23.0;25.0;30.0;33.0;30.0;28.0;28.0;25.0;"2024-12-20 21:22:15"
"2024-12-21";"B";"2024-12-21 14:00:00";32.1;44.0;50.0;2.9;3.0;6.5;34.1;45.0;51.2;2.8;2.8;6.9;30.0;33.0;23.0;24.0;24.0;21.0;32.0;32.0;25.0;26.0;22.0;23.0;31.0;33.0;287.0;28.0;23.0;23.0;26.0;30.0;23.0;27.0;28.0;23.0;"2024-12-21 16:32:11"
"2024-12-22";"B";"2024-12-22 14:01:00";31.0;44.0;47.6;2.6;2.75;5.6;29.6;45.0;49.5;2.5;2.9;6.0;30.0;32.0;27.0;25.0;23.0;22.0;36.0;33.0;28.0;27.0;25.0;23.0;33.0;33.0;30.0;30.0;25.0;25.0;29.0;31.0;27.0;29.0;26.0;26.0;"2024-12-23 05:21:23"
"2024-12-23";"A";"2024-12-23 05:25:00";29.6;42.0;46.0;2.9;3.1;7.0;31.0;43.0;47.0;2.8;3.0;6.8;29.0;31.0;2.0;121.0;18.0;18.0;31.0;29.0;23.0;22.0;21.0;19.0;29.0;30.0;27.0;22.0;21.0;25.0;24.0;28.0;23.0;24.0;22.0;24.0;"2024-12-23 05:26:51"
"2024-12-23";"B";"2024-12-23 10:30:00";31.0;51.6;54.0;1.51;4.14;12.09;28.0;51.9;54.0;1.32;0.76;11.12;34.0;36.0;27.0;26.0;24.0;23.0;36.0;35.0;29.0;27.0;25.0;24.0;33.0;36.0;32.0;31.0;27.0;24.0;32.0;34.0;30.0;28.0;28.0;25.0;"2024-12-23 16:36:45"
"2024-12-24";"A";"2024-12-24 02:00:00";30.0;43.0;48.0;0.0;0.0;0.0;31.0;44.0;50.6;0.0;0.0;0.0;32.0;33.0;24.0;26.0;21.0;22.0;34.0;34.0;26.0;25.0;23.0;22.0;31.0;33.0;29.0;30.0;24.0;22.0;28.0;31.0;26.0;26.0;24.0;24.0;"2024-12-24 06:25:42"
"2024-12-25";"B";"2024-12-25 10:20:00";31.0;49.8;53.7;3.97;4.72;9.9;28.0;52.8;54.2;4.6;3.7;13.66;34.0;33.0;27.0;25.0;26.0;24.0;38.0;35.0;27.0;28.0;28.0;25.0;34.0;35.0;28.0;32.0;27.0;25.0;31.0;33.0;31.0;29.0;28.0;27.0;"2024-12-25 16:24:05"
"2024-12-25";"A";"2024-12-25 04:00:00";33.2;44.0;49.9;2.7;3.0;7.5;36.8;45.5;52.0;2.9;3.2;8.0;28.0;31.0;21.0;23.0;17.0;17.0;33.0;31.0;29.0;23.0;20.0;20.0;29.0;32.0;27.0;27.0;22.0;21.0;26.0;29.0;29.0;25.0;22.0;22.0;"2024-12-26 06:30:48"
"2024-12-26";"A";"2024-12-26 04:00:00";34.2;44.0;50.0;2.9;3.5;7.5;33.0;45.0;54.0;3.0;3.4;7.9;29.0;30.0;23.0;24.0;20.0;20.0;32.0;31.0;26.0;25.0;22.0;21.0;32.0;32.0;29.0;28.0;25.0;24.0;26.0;28.0;26.0;27.0;24.0;26.0;"2024-12-26 06:36:04"
"2024-12-26";"C";"2024-12-26 23:37:00";39.6;49.9;51.0;0.0;0.0;0.0;35.4;53.3;55.0;0.0;0.0;0.0;37.0;36.0;35.0;31.0;28.0;29.0;39.0;34.0;36.0;28.0;32.0;26.0;34.0;35.0;35.0;32.0;32.0;31.0;31.0;34.0;32.0;31.0;31.0;30.0;"2024-12-26 23:38:03"
"2024-12-27";"A";"2024-12-27 05:29:00";36.2;45.0;50.0;0.0;0.0;0.0;34.2;46.0;52.0;0.0;0.0;0.0;36.0;34.0;31.0;37.0;28.0;29.0;38.0;36.0;34.0;27.0;30.0;24.0;34.0;34.0;35.0;30.0;31.0;39.0;30.0;33.0;30.0;29.0;31.0;27.0;"2024-12-27 05:29:57"
"2024-12-27";"B";"2024-12-27 10:28:00";32.0;50.7;54.0;3.37;4.47;12.0;29.0;52.2;54.6;3.63;3.22;11.89;35.0;39.0;30.0;28.0;25.0;24.0;37.0;37.0;29.0;28.0;26.0;25.0;35.0;36.0;33.0;32.0;28.0;26.0;32.0;34.0;30.0;31.0;28.0;29.0;"2024-12-27 16:30:55"
"2024-12-28";"A";"2024-12-28 05:38:00";35.4;48.0;44.0;0.0;0.0;0.0;40.2;49.9;45.0;0.0;0.0;0.0;32.0;36.0;25.0;26.0;22.0;23.0;36.0;35.0;27.0;27.0;24.0;23.0;32.0;34.0;27.0;28.0;25.0;24.0;29.0;32.0;27.0;28.0;25.0;25.0;"2024-12-28 05:39:48"
"2024-12-29";"A";"2024-12-29 05:55:00";31.5;44.0;51.0;0.0;0.0;0.0;35.6;45.0;52.2;0.0;0.0;0.0;31.0;33.0;24.0;28.0;21.0;20.0;35.0;33.0;27.0;28.0;24.0;23.0;32.0;34.0;30.0;29.0;25.0;24.0;29.0;31.0;27.0;28.0;25.0;25.0;"2024-12-29 05:56:58"
"2024-12-28";"A";"2024-12-28 16:00:00";33.0;44.0;50.0;0.0;0.0;0.0;34.2;46.0;52.0;0.0;0.0;0.0;31.0;3.0;0.0;0.0;0.0;0.0;0.0;0.0;0.0;0.0;0.0;0.0;0.0;0.0;0.0;0.0;0.0;0.0;0.0;0.0;0.0;0.0;0.0;0.0;"2024-12-29 06:01:05"
"2024-12-28";"C";"2024-12-28 16:00:00";33.4;45.0;50.0;0.0;0.0;0.0;36.3;46.0;52.0;0.0;0.0;0.0;31.0;35.0;25.0;27.0;22.0;23.0;35.0;34.0;26.0;27.0;24.0;22.0;32.0;33.0;27.0;26.0;25.0;24.0;2831.0;27.0;28.0;25.0;24.0;24.0;"2024-12-29 06:02:41"
"2024-12-29";"B";"2024-12-29 10:15:00";31.0;50.8;54.6;3.29;5.28;9.46;29.0;53.3;56.3;5.05;3.22;11.03;34.0;34.0;28.0;28.0;26.0;25.0;39.0;36.0;29.0;28.0;27.0;25.0;35.0;36.0;32.0;32.0;29.0;27.0;32.0;35.0;30.0;32.0;29.0;27.0;"2024-12-29 15:15:55"
"2024-12-30";"A";"2024-12-30 06:22:00";36.2;44.0;50.0;0.0;0.0;0.0;35.1;45.0;51.9;0.0;0.0;0.0;31.0;30.0;24.0;24.0;22.0;21.0;36.0;32.0;27.0;25.0;24.0;22.0;31.0;33.0;29.0;29.0;25.0;23.0;28.0;30.0;26.0;27.0;24.0;25.0;"2024-12-30 06:23:13"
"2024-12-29";"C";"2024-12-29 16:00:00";32.3;44.0;51.0;0.0;0.0;0.0;34.2;45.0;52.2;0.0;0.0;0.0;33.0;34.0;27.0;26.0;26.0;25.0;29.0;37.0;28.0;29.0;24.0;25.0;35.0;36.0;31.0;32.0;26.0;27.0;32.0;34.0;30.0;24.0;25.0;28.0;"2024-12-30 06:27:14"
"2024-12-31";"A";"2024-12-31 03:25:00";29.0;47.4;49.7;4.4;4.17;13.46;27.0;51.2;54.3;3.76;4.18;9.55;32.0;35.0;23.0;23.0;21.0;20.0;32.0;31.0;25.0;24.0;22.0;22.0;30.0;35.0;27.0;29.0;23.0;22.0;29.0;31.0;28.0;27.0;22.0;22.0;"2024-12-31 09:08:41"
"2025-01-01";"A";"2025-01-01 05:30:00";28.0;48.5;50.1;4.0;3.29;10.28;25.0;51.4;54.0;4.15;3.79;9.28;29.0;29.0;21.0;21.0;20.0;18.0;31.0;30.0;24.0;23.0;21.0;19.0;28.0;30.0;26.0;28.0;22.0;22.0;27.0;29.0;24.0;24.0;23.0;22.0;"2025-01-01 06:33:09"
"2025-01-02";"A";"2025-01-02 05:42:00";28.0;47.8;49.8;3.81;2.83;9.9;25.0;52.0;54.6;3.38;4.56;8.55;30.0;31.0;20.0;21.0;19.0;19.0;31.0;30.0;23.0;23.0;21.0;19.0;29.0;31.0;27.0;27.0;20.0;20.0;30.0;33.0;28.0;29.0;28.0;29.0;"2025-01-02 05:48:02"
"2025-01-02";"C";"2025-01-02 21:18:00";35.2;42.0;53.0;2.6;3.8;6.9;36.2;44.0;54.2;2.5;3.7;7.0;27.0;30.0;21.0;20.0;19.0;19.0;30.0;30.0;21.0;21.0;19.0;18.0;27.0;30.0;25.0;25.0;20.0;19.0;23.0;27.0;22.0;24.0;20.0;20.0;"2025-01-02 21:20:09"
"2025-01-01";"C";"2025-01-01 18:00:00";33.5;43.0;51.0;2.6;4.0;8.2;34.2;44.0;53.0;2.7;3.8;8.6;29.0;31.0;22.0;24.0;20.0;21.0;31.0;32.0;24.0;26.0;22.0;22.0;30.0;32.0;28.0;29.0;24.0;23.0;26.0;30.0;26.0;26.0;24.0;24.0;"2025-01-02 21:25:10"
"2024-12-31";"C";"2024-12-31 21:30:00";32.2;43.0;52.0;0.0;0.0;0.0;33.0;44.0;54.0;0.0;0.0;0.0;23.0;33.0;21.0;20.0;19.0;32.0;32.0;25.0;24.0;22.0;20.0;28.0;30.0;27.0;26.0;23.0;21.0;27.0;30.0;23.0;22.0;21.0;23.0;23.0;"2025-01-02 21:31:30"
"2025-01-07";"B";"2025-01-07 14:28:00";33.1;42.0;52.2;2.5;2.3;5.9;35.1;43.0;53.9;2.4;2.6;6.0;23.0;29.0;30.0;31.0;35.0;27.0;27.0;26.0;22.0;23.0;34.0;22.0;25.0;24.0;23.0;22.0;22.0;21.0;24.0;29.0;25.0;23.0;32.0;29.0;"2025-01-07 14:31:28"
"2025-01-06";"B";"2025-01-06 14:34:00";30.0;43.0;52.0;2.8;2.6;5.9;32.0;44.0;53.2;2.7;2.5;6.2;31.0;30.0;23.0;22.0;20.0;20.0;34.0;29.0;24.0;23.0;22.0;20.0;30.0;31.0;26.0;27.0;23.0;22.0;22.0;23.0;24.0;26.0;29.0;28.0;"2025-01-07 14:35:25"
"2025-01-05";"C";"2025-01-05 18:00:00";31.0;44.0;53.0;2.9;3.0;5.09;34.2;45.0;54.0;2.8;3.1;5.2;27.0;19.0;20.0;18.0;18.0;18.0;34.0;29.0;23.0;18.0;19.0;18.0;29.0;30.0;26.0;27.0;22.0;25.0;29.0;27.0;23.0;26.0;26.0;20.0;"2025-01-07 14:42:29"
"2025-01-04";"C";"2025-01-04 18:45:00";32.5;42.0;52.0;2.9;3.0;5.9;33.5;43.0;53.0;2.6;2.7;5.4;26.0;29.0;18.0;21.0;32.0;28.0;20.0;19.0;18.0;17.0;18.0;17.0;26.0;29.0;23.0;25.0;19.0;20.0;23.0;26.0;23.0;23.0;20.0;20.0;"2025-01-07 14:46:25"
"2025-01-07";"C";"2025-01-07 18:55:00";28.0;50.8;53.3;3.69;4.08;13.76;26.0;51.4;54.2;3.45;4.74;9.69;30.0;29.0;23.0;23.0;20.0;19.0;35.0;30.0;24.0;24.0;21.0;20.0;30.0;32.0;27.0;29.0;22.0;22.0;27.0;29.0;25.0;25.0;22.0;22.0;"2025-01-07 21:56:04"
"2025-01-08";"B";"2025-01-01 13:15:00";33.0;49.7;53.7;3.92;3.78;12.51;29.0;50.7;54.7;3.3;5.31;11.14;31.0;34.0;23.0;24.0;20.0;20.0;34.0;33.0;25.0;24.0;22.0;22.0;28.0;31.0;27.0;24.0;23.0;21.0;26.0;29.0;26.0;26.0;21.0;21.0;"2025-01-08 16:31:42"
"2025-01-09";"B";"2025-01-09 14:14:00";34.9;42.0;55.0;2.9;3.4;5.6;35.0;44.0;57.2;2.7;2.7;5.9;24.0;32.0;21.0;18.0;18.0;19.0;32.0;31.0;23.0;20.0;20.0;19.0;28.0;30.0;25.0;21.0;21.0;20.0;24.0;28.0;22.0;20.0;20.0;20.0;"2025-01-09 14:16:38"
"2025-01-09";"C";"2025-01-09 19:14:00";28.0;50.6;53.2;3.83;3.61;12.23;24.0;52.8;54.2;3.51;5.76;10.23;31.0;35.0;24.0;25.0;21.0;21.0;35.0;32.0;26.0;25.0;23.0;21.0;29.0;31.0;28.0;27.0;23.0;22.0;27.0;29.0;25.0;24.0;24.0;23.0;"2025-01-09 22:18:12"
"2025-01-10";"B";"2025-01-10 14:35:00";34.2;42.0;50.0;2.3;3.1;6.0;36.2;44.0;51.6;2.6;3.0;5.9;31.0;34.0;23.0;22.0;20.0;21.0;34.0;32.0;24.0;23.0;21.0;20.0;31.0;32.0;26.0;26.0;23.0;20.0;26.0;29.0;23.0;25.0;21.0;21.0;"2025-01-10 14:36:50"
"2025-01-10";"C";"2025-01-10 18:05:00";28.0;50.5;52.6;3.19;3.48;12.25;26.0;53.3;55.9;3.63;5.42;9.78;31.0;29.0;23.0;21.0;19.0;18.0;34.0;32.0;24.0;25.0;22.0;21.0;30.0;32.0;28.0;23.0;22.0;22.0;28.0;31.0;26.0;26.0;24.0;23.0;"2025-01-10 22:08:54"
"2025-01-12";"C";"2025-01-12 18:32:00";29.0;51.0;53.3;4.21;4.38;14.9;26.0;54.0;56.6;3.59;4.91;9.39;33.0;34.0;24.0;25.0;21.0;23.0;35.0;32.0;26.0;26.0;22.0;23.0;31.0;32.0;29.0;28.0;26.0;24.0;29.0;32.0;26.0;26.0;25.0;25.0;"2025-01-12 22:35:07"
"2025-01-13";"B";"2025-01-13 10:30:00";30.0;53.0;56.0;3.97;4.03;14.58;34.0;54.0;57.9;3.52;4.57;9.6;34.0;32.0;27.0;26.0;24.0;22.0;36.0;33.0;27.0;26.0;25.0;22.0;32.0;34.0;29.0;31.0;25.0;24.0;30.0;33.0;29.0;28.0;26.0;26.0;"2025-01-13 16:40:48"
"2025-01-14";"B";"2025-01-14 10:52:00";28.0;50.6;53.0;3.74;3.74;11.45;25.0;52.6;56.0;3.5;5.11;9.42;31.0;31.0;24.0;23.0;21.0;21.0;33.0;30.0;27.0;24.0;24.0;21.0;30.0;31.0;27.0;28.0;24.0;22.0;28.0;29.0;26.0;26.0;23.0;24.0;"2025-01-14 14:56:09"
"2025-01-11";"B";"2025-01-11 14:00:00";34.0;42.0;51.0;3.0;3.6;5.9;33.0;44.0;52.0;2.9;3.5;6.2;33.0;37.0;27.0;26.0;26.0;23.0;25.0;36.0;34.0;27.0;27.0;24.0;23.0;31.0;34.0;29.0;30.0;25.0;26.0;32.0;28.0;29.0;26.0;25.0;"2025-01-15 05:12:00"
"2025-01-12";"B";"2025-01-12 14:00:00";34.0;44.0;51.0;3.0;4.0;6.0;33.0;45.0;52.2;2.8;3.5;6.2;33.0;36.0;26.0;27.0;23.0;24.0;35.0;33.0;26.0;28.0;23.0;24.0;31.0;32.0;28.0;29.0;25.0;24.0;28.0;31.0;27.0;29.0;25.0;24.0;"2025-01-15 05:16:21"
"2025-01-13";"A";"2025-01-13 05:22:00";35.0;42.0;50.0;2.5;3.0;5.7;34.0;43.0;51.2;2.9;3.1;6.2;31.0;33.0;23.0;23.0;21.0;20.0;33.0;29.0;23.0;23.0;20.0;20.0;28.0;31.0;26.0;27.0;22.0;21.0;26.0;28.0;22.0;25.0;22.0;22.0;"2025-01-15 05:23:51"
"2025-01-14";"A";"2025-01-14 05:26:00";31.0;42.0;49.0;2.9;3.2;7.0;30.8;44.0;50.8;3.0;3.6;7.8;30.0;33.0;23.0;23.0;20.0;22.0;32.0;32.0;24.0;24.0;22.0;23.0;28.0;31.0;26.0;26.0;23.0;22.0;26.0;29.0;23.0;26.0;23.0;23.0;"2025-01-15 05:27:30"
"2025-01-15";"A";"2025-01-15 08:22:00";34.2;42.0;51.0;3.6;4.2;7.0;33.2;43.0;52.0;3.7;4.0;7.2;30.0;33.0;22.0;23.0;18.0;19.0;33.0;31.0;24.0;26.0;22.0;21.0;29.0;31.0;27.0;28.0;23.0;22.0;26.0;29.0;25.0;27.0;23.0;23.0;"2025-01-15 08:24:10"
"2025-01-16";"B";"2025-01-16 11:39:00";26.0;50.0;51.9;3.22;3.01;10.41;24.0;53.4;56.6;2.87;4.31;8.62;29.0;30.0;21.0;22.0;20.0;20.0;31.0;29.0;23.0;23.0;21.0;19.0;28.0;30.0;26.0;27.0;23.0;20.0;26.0;27.0;24.0;24.0;22.0;22.0;"2025-01-16 14:41:34"
"2025-01-20";"A";"2025-01-20 06:00:00";32.2;49.8;45.0;0.0;0.0;0.0;33.2;53.2;46.0;0.0;0.0;0.0;31.0;29.0;22.0;22.0;20.0;18.0;31.0;29.0;25.0;24.0;21.0;18.0;28.0;31.0;26.0;28.0;21.0;21.0;26.0;28.0;25.0;25.0;24.0;23.0;"2025-01-20 09:10:54"
"2025-01-19";"A";"2025-01-20 07:00:00";32.2;42.0;49.0;0.0;0.0;0.0;34.2;43.0;50.0;0.0;0.0;0.0;28.0;31.0;22.0;22.0;17.0;19.0;30.0;29.0;23.0;23.0;19.0;20.0;27.0;23.0;25.0;26.0;21.0;20.0;26.0;27.0;21.0;21.0;20.0;21.0;"2025-01-20 09:14:23"
"2025-01-23";"A";"2025-01-23 03:30:00";25.0;47.7;48.5;3.49;5.62;9.26;23.0;51.1;54.0;3.76;4.19;12.37;29.0;28.0;26.0;20.0;17.0;17.0;29.0;28.0;22.0;21.0;19.0;18.0;27.0;29.0;24.0;26.0;20.0;18.0;25.0;28.0;24.0;24.0;21.0;19.0;"2025-01-23 06:29:25"
"2025-01-24";"C";"2025-01-24 21:09:00";34.3;45.0;50.0;2.6;2.0;6.2;35.6;46.0;51.6;2.3;2.2;6.7;33.0;35.0;27.0;27.0;23.0;23.0;35.0;34.0;28.0;28.0;24.0;24.0;30.0;33.0;29.0;29.0;25.0;26.0;28.0;31.0;28.0;28.0;25.0;25.0;"2025-01-24 21:11:15"
"2025-01-23";"C";"2025-01-23 21:13:00";33.2;42.0;51.0;2.5;2.7;6.8;34.2;46.0;52.2;2.7;2.8;6.5;31.0;33.0;24.0;26.0;21.0;23.0;32.0;30.0;25.0;25.0;20.0;21.0;29.0;31.0;27.0;28.0;23.0;22.0;27.0;30.0;25.0;27.0;24.0;23.0;"2025-01-24 21:15:13"
"2025-01-22";"C";"2025-01-22 21:19:00";34.0;42.0;51.0;2.7;3.0;6.2;33.2;45.2;52.5;2.5;2.8;5.9;30.0;32.0;22.0;22.0;19.0;19.0;31.0;28.0;24.0;22.0;21.0;19.0;28.0;30.0;26.0;27.0;21.0;21.0;26.0;31.0;24.0;25.0;23.0;21.0;"2025-01-24 21:21:23"
"2025-01-21";"C";"2025-01-21 21:23:00";32.9;44.0;51.6;2.7;3.1;5.9;33.4;46.0;52.5;2.8;2.9;6.1;32.0;34.0;28.0;26.0;25.0;24.0;32.0;32.0;27.0;27.0;24.0;23.0;28.0;31.0;27.0;27.0;25.0;24.0;26.0;28.0;25.0;26.0;23.0;22.0;"2025-01-24 21:25:09"
"2025-01-24";"A";"2025-01-25 03:00:00";28.0;46.5;51.0;3.07;4.65;9.26;30.0;50.8;54.0;3.15;3.85;12.26;28.0;29.0;24.0;21.0;19.0;18.0;30.0;30.0;22.0;22.0;21.0;19.0;28.0;30.0;26.0;26.0;21.0;20.0;26.0;28.0;25.0;25.0;24.0;22.0;"2025-01-25 05:14:06"
"2025-01-25";"C";"2025-01-25 23:15:00";34.2;45.0;51.0;0.0;0.0;0.0;33.6;46.8;0.0;0.0;0.0;0.0;0.0;0.0;0.0;0.0;0.0;0.0;0.0;0.0;0.0;0.0;0.0;0.0;0.0;0.0;0.0;0.0;0.0;0.0;0.0;0.0;0.0;0.0;0.0;0.0;"2025-01-25 23:16:15"
"2025-01-25";"C";"2025-01-25 23:16:00";34.5;44.0;51.2;2.9;3.1;6.2;33.5;46.8;52.5;2.8;2.9;6.0;30.0;35.0;26.0;26.0;22.0;23.0;31.0;33.0;27.0;28.0;24.0;24.0;30.0;33.0;30.0;29.0;25.0;24.0;28.0;31.0;27.0;28.0;25.0;25.0;"2025-01-25 23:17:29"
"2025-01-27";"C";"2025-01-27 18:00:00";31.0;49.9;52.0;3.25;4.99;8.75;28.0;52.1;55.0;6.8;3.05;10.4;31.0;33.0;25.0;25.0;21.0;20.0;32.0;32.0;26.0;26.0;22.0;22.0;29.0;32.0;28.0;27.0;23.0;24.0;25.0;29.0;25.0;27.0;22.0;22.0;"2025-01-27 21:14:22"
"2025-01-29";"C";"2025-01-29 19:30:00";31.0;54.5;55.6;4.73;4.15;10.64;28.0;54.2;56.0;3.15;4.85;9.41;36.0;35.0;28.0;27.0;25.0;23.0;36.0;34.0;29.0;28.0;26.0;24.0;33.0;35.0;32.0;31.0;27.0;25.0;32.0;33.0;30.0;29.0;29.0;25.0;"2025-01-29 20:43:30"
"2025-01-30";"C";"2025-01-30 20:36:00";31.0;54.5;54.5;2.88;5.16;9.34;28.0;54.5;54.5;3.17;3.84;9.95;35.0;35.0;28.0;27.0;25.0;23.0;35.0;34.0;28.0;28.0;26.0;24.0;33.0;34.0;31.0;32.0;26.0;25.0;30.0;33.0;29.0;28.0;27.0;26.0;"2025-01-30 21:38:53"
"2025-01-31";"C";"2025-01-31 20:14:00";28.0;54.6;55.0;3.15;3.96;10.54;26.0;54.8;56.0;3.5;3.36;10.16;35.0;35.0;27.0;28.0;24.0;24.0;35.0;35.0;29.0;28.0;26.0;24.0;33.0;35.0;31.0;33.0;26.0;26.0;31.0;33.0;29.0;29.0;26.0;27.0;"2025-01-31 22:16:58"
"2025-02-02";"C";"2025-02-02 20:25:00";28.0;54.2;55.9;3.3;2.99;8.5;26.0;54.9;57.1;2.77;3.27;8.24;36.0;37.0;27.0;26.0;24.0;24.0;35.0;36.0;30.0;29.0;26.0;26.0;35.0;36.0;32.0;33.0;27.0;27.0;32.0;33.0;29.0;29.0;27.0;27.0;"2025-02-02 23:04:51"
"2025-02-03";"B";"2025-02-03 14:10:00";32.0;54.6;58.0;3.46;4.04;12.48;29.0;54.9;58.2;3.09;3.77;11.39;35.0;36.0;29.0;28.0;25.0;25.0;37.0;35.0;30.0;29.0;27.0;25.0;35.0;36.0;32.0;33.0;28.0;27.0;34.0;32.0;34.0;30.0;28.0;28.0;"2025-02-03 16:46:29"
"2025-01-29";"B";"2025-01-29 13:29:00";33.0;42.0;50.6;3.0;2.1;6.0;36.0;44.0;51.5;3.1;2.0;5.9;34.0;35.0;26.0;26.0;23.0;22.0;34.0;31.0;26.0;26.0;24.0;22.0;31.0;33.0;29.0;29.0;35.0;23.0;30.0;29.0;28.0;26.0;26.0;24.0;"2025-02-04 05:31:23"
"2025-01-30";"B";"2025-01-30 22:00:00";32.8;46.0;51.5;2.6;3.0;6.0;34.8;47.0;52.8;3.0;2.9;6.2;34.0;35.0;26.0;26.0;27.0;22.0;34.0;31.0;26.0;26.0;24.0;22.0;31.0;33.0;29.0;29.0;34.0;23.0;30.0;29.0;28.0;26.0;26.0;24.0;"2025-02-04 05:35:54"
"2025-01-31";"B";"2025-01-31 13:00:00";35.2;45.0;50.0;2.6;3.5;5.6;34.5;47.0;51.5;2.8;2.9;6.0;34.0;35.0;26.0;26.0;27.0;22.0;34.0;31.0;26.0;26.0;24.0;22.0;31.0;33.0;29.0;29.0;34.0;23.0;30.0;29.0;28.0;26.0;26.0;24.0;"2025-02-04 05:42:36"
"2025-02-01";"B";"2025-02-01 13:00:00";32.5;46.0;51.0;2.5;3.0;6.0;34.0;48.2;52.0;2.5;2.9;5.6;35.0;38.0;29.0;27.0;25.0;24.0;35.0;34.0;30.0;27.0;26.0;24.0;33.0;35.0;31.0;31.0;27.0;25.0;30.0;33.0;30.0;28.0;28.0;26.0;"2025-02-04 05:49:42"
"2025-02-02";"B";"2025-02-02 17:00:00";34.2;47.0;51.0;2.5;3.0;6.5;36.0;48.0;52.2;2.4;3.1;7.0;36.0;36.0;29.0;28.0;26.0;26.0;35.0;34.0;30.0;29.0;27.0;28.0;35.0;36.0;32.0;33.0;28.0;27.0;3.0;131.0;30.0;30.0;28.0;27.0;"2025-02-04 05:55:17"
"2025-02-03";"A";"2025-02-03 05:58:00";33.2;45.0;51.0;2.8;3.0;5.9;34.0;47.0;52.8;2.6;2.9;6.0;31.0;30.0;21.0;23.0;20.0;21.0;30.0;31.0;23.0;23.0;22.0;21.0;29.0;31.0;26.0;28.0;23.0;23.0;23.0;27.0;22.0;23.0;21.0;22.0;"2025-02-04 05:59:26"
"2025-02-04";"A";"2025-02-04 06:02:00";33.2;45.0;50.0;2.5;3.0;5.8;34.0;47.0;51.0;2.6;2.9;6.0;32.0;33.0;25.0;25.0;22.0;23.0;33.0;34.0;27.0;28.0;24.0;24.0;32.0;34.0;30.0;31.0;26.0;27.0;27.0;31.0;26.0;28.0;25.0;26.0;"2025-02-04 06:03:27"
"2025-02-04";"B";"2025-02-04 14:30:00";30.0;54.3;56.8;3.49;3.59;12.51;28.0;54.4;56.5;2.91;3.33;10.3;36.0;36.0;30.0;27.0;26.0;25.0;36.0;36.0;29.0;29.0;27.0;26.0;36.0;38.0;32.0;34.0;27.0;27.0;30.0;34.0;31.0;29.0;29.0;27.0;"2025-02-04 14:32:23"
"2025-02-05";"B";"2025-02-05 13:50:00";32.0;56.0;56.5;2.91;3.83;10.03;28.0;55.8;56.8;2.91;3.83;12.51;36.0;36.0;30.0;27.0;26.0;25.0;36.0;36.0;29.0;29.0;27.0;26.0;36.0;38.0;32.0;34.0;27.0;27.0;30.0;34.0;31.0;29.0;29.0;27.0;"2025-02-05 16:56:39"
"2025-02-09";"A";"2025-02-09 05:35:00";34.2;46.0;50.0;2.6;3.5;6.0;33.0;47.0;51.0;2.5;3.5;6.2;29.0;31.0;24.0;23.0;19.0;20.0;32.0;33.0;28.0;26.0;23.0;23.0;29.0;31.0;28.0;28.0;23.0;24.0;25.0;29.0;22.0;29.0;23.0;22.0;"2025-02-09 05:36:31"
"2025-02-08";"A";"2025-02-08 05:38:00";34.0;45.0;51.0;2.7;3.9;6.9;33.0;47.0;51.5;2.8;4.0;7.1;30.0;32.0;23.0;23.0;19.0;22.0;32.0;33.0;27.0;27.0;23.0;23.0;29.0;32.0;28.0;29.0;24.0;24.0;24.0;28.0;22.0;27.0;21.0;23.0;"2025-02-09 05:40:12"
"2025-02-07";"A";"2025-02-07 05:44:00";33.5;45.0;50.5;2.9;3.1;6.7;34.0;46.0;52.0;3.0;3.5;7.2;31.0;33.0;24.0;25.0;20.0;20.0;32.0;32.0;26.0;26.0;22.0;21.0;29.0;32.0;29.0;29.0;24.0;24.0;23.0;27.0;23.0;27.0;21.0;23.0;"2025-02-09 05:45:38"
"2025-02-06";"A";"2025-02-06 05:48:00";34.1;44.0;50.2;2.9;3.5;7.1;33.9;46.0;52.0;3.1;3.5;7.2;30.0;32.0;21.0;23.0;20.0;20.0;31.0;29.0;24.0;23.0;21.0;20.0;28.0;30.0;27.0;29.0;23.0;23.0;23.0;27.0;22.0;24.0;21.0;20.0;"2025-02-09 05:49:14"
"2025-02-05";"A";"2025-02-05 05:53:00";34.2;45.0;51.0;2.5;3.8;7.0;34.5;47.0;52.0;2.9;3.9;6.8;30.0;34.0;25.0;28.0;23.0;23.0;33.0;34.0;25.0;26.0;24.0;24.0;31.0;33.0;28.0;30.0;24.0;24.0;25.0;28.0;25.0;28.0;23.0;23.0;"2025-02-09 05:54:36"
"2025-02-10";"A";"2025-02-10 02:52:00";26.0;52.5;54.7;5.38;4.03;11.2;24.0;54.2;56.6;3.21;4.04;10.05;32.0;32.0;25.0;24.0;24.0;21.0;32.0;33.0;27.0;26.0;23.0;22.0;30.0;33.0;29.0;30.0;24.0;23.0;27.0;29.0;25.0;25.0;24.0;24.0;"2025-02-10 05:48:56"
"2025-02-10";"B";"2025-02-10 14:19:00";35.0;55.4;59.3;2.5;3.5;9.2;36.0;54.2;58.8;3.1;3.2;10.5;32.0;31.0;26.0;25.0;24.0;22.0;33.0;28.0;27.0;24.0;22.0;23.0;31.0;34.0;30.0;31.0;25.0;24.0;28.0;30.0;26.0;25.0;24.0;25.0;"2025-02-10 14:22:41"
"2025-02-11";"A";"2025-02-11 02:35:00";27.0;54.8;56.0;5.07;3.42;11.79;25.0;55.2;57.0;3.15;3.83;8.07;32.0;33.0;24.0;24.0;21.0;20.0;33.0;33.0;25.0;26.0;23.0;23.0;31.0;33.0;28.0;30.0;24.0;23.0;27.0;30.0;26.0;26.0;24.0;24.0;"2025-02-11 08:37:29"
"2025-02-12";"A";"2025-02-12 02:30:00";25.0;54.1;55.6;2.81;3.88;7.79;23.0;53.4;54.4;4.5;3.72;10.0;32.0;33.0;24.0;26.0;22.0;22.0;34.0;35.0;27.0;27.0;25.0;24.0;32.0;33.0;30.0;31.0;24.0;24.0;29.0;31.0;26.0;27.0;25.0;26.0;"2025-02-12 08:35:43"
"2025-02-13";"A";"2025-02-13 02:05:00";28.0;53.9;55.2;3.84;3.11;10.58;25.0;54.0;55.7;3.13;3.82;9.25;31.0;32.0;24.0;24.0;20.0;20.0;33.0;33.0;25.0;25.0;23.0;23.0;31.0;33.0;28.0;29.0;27.0;23.0;26.0;30.0;25.0;25.0;24.0;24.0;"2025-02-13 08:09:06"
"2025-02-14";"A";"2025-02-14 03:13:00";25.0;54.3;56.0;2.81;3.87;8.63;23.0;53.9;56.0;3.59;3.36;9.68;32.0;33.0;25.0;24.0;33.0;31.0;33.0;33.0;26.0;25.0;25.0;22.0;30.0;33.0;28.0;30.0;24.0;22.0;29.0;30.0;25.0;26.0;25.0;24.0;"2025-02-14 08:19:10"
"2025-02-13";"B";"2025-02-13 08:41:00";32.0;59.5;58.5;2.5;3.5;9.7;32.0;58.4;59.4;3.5;3.9;10.8;32.0;33.0;24.0;24.0;21.0;20.0;33.0;32.0;25.0;26.0;22.0;23.0;31.0;33.0;22.0;30.0;21.0;23.0;27.0;30.0;26.0;24.0;24.0;26.0;"2025-02-14 08:43:38"
"2025-02-14";"B";"2025-02-14 09:12:00";32.0;59.1;58.5;3.8;2.9;10.4;31.0;58.6;58.4;3.2;3.4;9.8;33.0;35.0;24.0;25.0;22.0;21.0;34.0;33.0;25.0;26.0;24.0;22.0;31.0;34.0;29.0;31.0;25.0;23.0;28.0;31.0;26.0;25.0;24.0;23.0;"2025-02-15 09:13:50"
"2025-02-15";"B";"2025-02-15 09:45:00";29.0;58.2;59.6;2.5;3.5;10.3;30.0;58.6;59.1;3.6;3.9;9.5;36.0;33.0;26.0;24.0;26.0;25.0;34.0;35.0;28.0;26.0;26.0;23.0;33.0;31.0;32.0;28.0;26.0;24.0;30.0;32.0;30.0;30.0;28.0;27.0;"2025-02-16 09:47:24"
"2025-02-16";"C";"2025-02-16 21:17:00";34.0;46.0;51.0;3.0;3.8;7.0;33.5;47.0;52.2;2.9;3.5;7.1;35.0;37.0;30.0;30.0;25.0;28.0;36.0;36.0;31.0;31.0;27.0;27.0;34.0;35.0;32.0;32.0;28.0;29.0;30.0;33.0;28.0;30.0;27.0;27.0;"2025-02-16 21:18:37"
"2025-02-15";"C";"2025-02-16 21:20:00";34.0;46.0;50.2;2.9;3.2;7.2;34.2;47.0;51.9;3.0;3.5;7.5;33.0;36.0;27.0;26.0;23.0;24.0;34.0;35.0;30.0;28.0;25.0;25.0;33.0;35.0;30.0;32.0;27.0;25.0;29.0;32.0;28.0;31.0;27.0;26.0;"2025-02-16 21:21:46"
"2025-02-14";"C";"2025-02-14 21:25:00";32.5;46.0;51.0;2.9;3.1;6.8;33.5;47.0;52.8;3.0;3.5;7.5;32.0;33.0;26.0;25.0;24.0;24.0;34.0;34.0;28.0;26.0;252.0;3.0;31.0;33.0;30.0;29.0;25.0;24.0;26.0;29.0;25.0;30.0;24.0;24.0;"2025-02-16 21:26:30"
"2025-02-13";"C";"2025-02-13 21:29:00";34.0;45.0;50.5;2.5;3.5;6.5;33.0;46.5;52.0;3.0;3.6;7.0;34.0;36.0;28.0;28.0;26.0;24.0;32.0;34.0;29.0;28.0;25.0;23.0;30.0;33.0;28.0;30.0;24.0;24.0;27.0;30.0;25.0;30.0;23.0;24.0;"2025-02-16 21:30:38"
"2025-02-12";"C";"2025-02-12 21:34:00";32.2;45.0;50.0;2.5;3.5;6.5;33.0;46.0;51.0;2.5;3.2;6.8;35.0;37.0;29.0;30.0;26.0;27.0;37.0;38.0;31.0;32.0;27.0;28.0;33.0;35.0;32.0;33.0;27.0;27.0;29.0;32.0;28.0;32.0;26.0;27.0;"2025-02-16 21:35:48"
"2025-02-11";"C";"2025-02-11 21:38:00";32.0;45.0;50.2;2.5;2.9;6.2;32.5;46.0;50.9;2.5;3.0;6.5;363.0;9.0;24.0;23.0;16.0;26.0;37.0;38.0;28.0;26.0;29.0;28.0;34.0;37.0;28.0;28.0;28.0;29.0;31.0;34.0;22.0;29.0;28.0;27.0;"2025-02-16 21:39:27"
"2025-02-11";"C";"2025-02-11 21:41:00";32.0;45.0;51.0;2.7;3.8;6.2;32.5;46.0;52.2;2.5;3.5;6.0;36.0;39.0;34.0;32.0;26.0;37.0;28.0;262.0;9.0;28.0;34.0;37.0;28.0;28.0;28.0;29.0;28.0;28.0;31.0;34.0;22.0;29.0;28.0;27.0;"2025-02-16 21:42:42"
"2025-02-10";"C";"2025-02-10 21:44:00";32.5;42.0;50.0;2.5;3.2;6.5;33.0;45.0;52.0;2.6;3.5;6.9;35.0;37.0;27.0;27.0;25.0;24.0;35.0;35.0;29.0;29.0;27.0;28.0;35.0;30.0;32.0;31.0;28.0;26.0;30.0;33.0;27.0;27.0;29.0;26.0;"2025-02-16 21:45:51"
"2025-02-16";"B";"2025-02-16 04:24:00";30.0;57.6;58.4;3.2;3.9;10.7;31.0;56.9;57.6;2.9;3.6;10.2;34.0;36.0;28.0;28.0;26.0;24.0;33.0;34.0;29.0;28.0;26.0;24.0;30.0;33.0;28.0;30.0;24.0;26.0;27.0;34.0;25.0;29.0;23.0;24.0;"2025-02-17 04:26:09"
"2025-02-17";"A";"2025-02-17 05:27:00";29.0;56.5;57.2;3.2;3.6;10.5;30.0;55.3;55.9;2.8;3.1;9.8;24.0;36.0;29.0;30.0;24.0;26.0;34.0;35.0;31.0;30.0;26.0;28.0;33.0;34.0;32.0;29.0;27.0;26.0;29.0;32.0;27.0;25.0;26.0;27.0;"2025-02-18 05:28:26"
"2025-02-18";"A";"2025-02-18 05:32:00";30.0;57.3;56.8;3.5;3.1;10.1;30.0;56.2;56.6;3.2;3.8;10.9;34.0;37.0;27.0;28.0;25.0;24.0;34.0;33.0;28.0;28.0;25.0;25.0;33.0;35.0;31.0;30.0;28.0;27.0;30.0;33.0;29.0;29.0;27.0;26.0;"2025-02-18 05:33:46"
"2025-02-19";"A";"2025-02-19 04:20:00";29.0;56.4;57.1;3.2;3.5;10.1;29.0;56.8;57.4;2.6;3.1;10.5;33.0;34.0;26.0;27.0;25.0;24.0;34.0;35.0;26.0;29.0;26.0;25.0;32.0;34.0;31.0;32.0;26.0;27.0;29.0;32.0;27.0;26.0;24.0;25.0;"2025-02-19 04:23:58"
"2025-02-20";"A";"2025-02-20 05:16:00";28.0;55.1;56.2;3.5;3.7;9.8;29.0;56.3;56.9;2.9;2.6;10.2;33.0;33.0;26.0;27.0;24.0;23.0;32.0;32.0;27.0;28.0;25.0;24.0;32.0;33.0;30.0;30.0;27.0;28.0;29.0;31.0;27.0;26.0;26.0;24.0;"2025-02-20 05:18:10"
"2025-02-20";"A";"2025-02-20 15:34:00";33.0;59.0;56.0;0.95;0.54;6.5;30.0;55.0;55.0;1.0;0.62;7.1;34.0;36.0;27.0;27.0;24.0;24.0;33.0;33.0;28.0;27.0;26.0;24.0;34.0;34.0;30.0;30.0;26.0;25.0;29.0;30.0;28.0;28.0;26.0;27.0;"2025-02-20 15:38:28"
"2025-02-21";"A";"2025-02-21 05:15:00";29.0;56.1;56.7;3.4;3.1;9.5;29.0;57.3;56.5;3.2;2.8;10.2;31.0;32.0;26.0;26.0;24.0;22.0;32.0;34.0;27.0;28.0;24.0;25.0;33.0;33.0;29.0;30.0;27.0;24.0;29.0;31.0;28.0;27.0;26.0;27.0;"2025-02-21 05:23:45"
"2025-02-22";"A";"2025-02-22 06:24:00";32.0;55.8;54.2;2.5;3.8;10.9;33.0;56.4;57.9;3.6;3.4;9.9;36.0;34.0;29.0;30.0;26.0;24.0;34.0;35.0;30.0;29.0;26.0;29.0;34.0;34.0;29.0;32.0;28.0;27.0;32.0;35.0;29.0;30.0;27.0;26.0;"2025-02-22 06:26:09"
"2025-02-22";"A";"2025-02-22 12:41:00";33.0;54.0;55.0;1.2;1.3;6.7;34.0;56.0;57.0;1.2;1.3;7.5;36.0;36.0;30.0;29.0;26.0;26.0;35.0;33.0;30.0;28.0;27.0;25.0;34.0;35.0;32.0;32.0;28.0;26.0;30.0;32.0;30.0;30.0;28.0;28.0;"2025-02-22 17:43:48"
"2025-02-23";"B";"2025-02-23 12:37:00";34.0;56.0;55.0;1.2;1.1;6.4;35.0;57.0;55.0;1.1;1.3;6.8;36.0;40.0;31.0;29.0;27.0;26.0;36.0;35.0;31.0;30.0;28.0;26.0;34.0;36.0;34.0;33.0;29.0;27.0;31.0;33.0;30.0;30.0;28.0;28.0;"2025-02-23 19:39:42"
"2025-02-17";"C";"2025-02-18 21:00:00";35.0;47.0;59.0;2.5;3.6;7.0;32.0;48.0;61.0;2.5;3.5;6.9;38.0;39.0;32.0;32.0;28.0;28.0;37.0;38.0;32.0;33.0;30.0;30.0;36.0;38.0;35.0;35.0;30.0;32.0;33.0;35.0;32.0;32.0;30.0;30.0;"2025-02-24 02:51:02"
"2025-02-20";"C";"2025-02-20 10:59:00";32.0;45.0;58.0;2.3;3.0;6.9;33.0;47.0;59.0;2.4;3.0;6.8;233.0;33.0;27.0;27.0;24.0;32.0;34.0;35.0;29.0;29.0;25.0;26.0;33.0;35.0;30.0;32.0;27.0;26.0;30.0;33.0;28.0;29.0;27.0;27.0;"2025-02-24 02:58:27"
"2025-02-21";"C";"2025-02-21 22:00:00";33.0;46.0;59.0;2.6;3.5;6.5;34.0;48.0;61.0;2.8;3.1;6.9;37.0;35.0;30.0;30.0;27.0;26.0;36.0;36.0;30.0;30.0;28.0;26.0;35.0;36.0;32.0;33.0;28.0;27.0;33.0;35.0;30.0;30.0;30.0;28.0;"2025-02-24 03:01:56"
"2025-02-22";"C";"2025-02-22 22:12:00";34.0;46.0;58.5;2.3;3.0;5.9;32.0;48.0;59.0;2.1;2.9;5.7;34.0;35.0;29.0;30.0;25.0;26.0;35.0;32.0;30.0;27.0;25.0;27.0;34.0;35.0;30.0;32.0;28.0;26.0;30.0;31.0;28.0;29.0;26.0;26.0;"2025-02-24 03:15:07"
"2025-02-23";"C";"2025-02-23 22:17:00";33.0;46.0;58.0;2.1;2.8;5.7;32.0;47.0;59.0;2.0;2.5;5.5;36.0;35.0;29.0;30.0;27.0;26.0;35.0;36.0;30.0;30.0;28.0;26.0;34.0;36.0;31.0;33.0;29.0;28.0;32.0;35.0;29.0;31.0;30.0;28.0;"2025-02-24 03:19:02"
"2025-02-24";"B";"2025-02-24 12:15:00";33.0;55.0;52.0;1.3;1.1;6.4;34.0;56.0;58.0;1.2;1.2;7.2;37.0;38.0;31.0;30.0;27.0;27.0;36.0;37.0;31.0;30.0;30.0;27.0;37.0;37.0;34.0;35.0;30.0;29.0;33.0;33.0;32.0;31.0;31.0;29.0;"2025-02-24 17:17:50"
"2025-02-24";"C";"2025-02-24 23:15:00";32.0;58.2;57.5;2.9;3.5;10.4;31.0;57.1;57.7;3.6;3.4;9.4;35.0;37.0;28.0;30.0;26.0;26.0;34.0;35.0;29.0;28.0;25.0;30.0;34.0;36.0;32.0;29.0;28.0;32.0;31.0;30.0;28.0;31.0;30.0;28.0;"2025-02-24 23:16:55"
"2025-02-25";"B";"2025-02-25 11:38:00";29.0;56.1;57.0;3.57;4.42;9.92;27.0;58.4;59.0;3.74;3.03;9.02;36.0;38.0;31.0;29.0;27.0;26.0;36.0;37.0;32.0;31.0;29.0;26.0;36.0;38.0;32.0;34.0;30.0;28.0;33.0;35.0;32.0;31.0;30.0;29.0;"2025-02-25 16:44:05"
"2025-02-26";"A";"2025-02-26 05:43:00";32.0;46.0;55.0;2.1;3.1;5.2;33.0;47.0;58.2;2.0;2.8;5.4;35.0;37.0;28.0;28.0;25.0;25.0;34.0;35.0;29.0;29.0;26.0;25.0;33.0;36.0;31.0;32.0;27.0;27.0;29.0;32.0;28.0;29.0;26.0;26.0;"2025-02-26 05:44:45"
"2025-02-25";"A";"2025-02-26 05:46:00";33.0;46.0;55.9;2.1;3.0;5.8;34.0;48.0;58.0;2.0;2.8;5.7;33.0;36.0;24.0;26.0;22.0;24.0;33.0;34.0;27.0;25.0;25.0;25.0;33.0;35.0;31.0;31.0;25.0;28.0;28.0;31.0;28.0;31.0;25.0;25.0;"2025-02-26 05:47:38"
"2025-02-24";"A";"2025-02-24 05:51:00";33.0;46.0;55.0;2.0;2.5;5.8;34.0;48.0;56.0;1.9;2.5;6.0;23.0;26.0;24.0;26.0;22.0;23.0;31.0;31.0;26.0;25.0;24.0;22.0;32.0;33.0;30.0;30.0;25.0;24.0;27.0;30.0;26.0;26.0;25.0;25.0;"2025-02-26 05:52:26"
"2025-02-26";"B";"2025-02-26 12:05:00";31.0;56.5;58.0;2.89;3.08;7.83;29.0;58.0;60.0;2.84;3.14;8.36;38.0;39.0;32.0;32.0;28.0;29.0;36.0;36.0;33.0;31.0;31.0;29.0;37.0;34.0;33.0;34.0;30.0;29.0;33.0;34.0;32.0;30.0;30.0;28.0;"2025-02-26 15:10:52"
"2025-02-26";"C";"2025-02-26 22:01:00";32.0;58.6;58.1;3.5;3.2;11.4;32.0;57.9;57.2;3.1;3.9;10.4;37.0;36.0;31.0;30.0;29.0;29.0;38.0;37.0;34.0;31.0;30.0;28.0;38.0;36.0;31.0;31.0;30.0;31.0;36.0;35.0;32.0;31.0;30.0;30.0;"2025-02-26 22:02:52"
"2025-02-27";"C";"2025-02-27 22:49:00";32.0;55.2;54.3;3.2;3.9;10.7;32.0;58.1;59.4;2.9;3.4;10.4;34.0;36.0;28.0;27.0;24.0;26.0;32.0;34.0;29.0;28.0;25.0;24.0;30.0;35.0;28.0;30.0;24.0;26.0;27.0;30.0;25.0;29.0;24.0;24.0;"2025-02-27 22:50:52"
"2025-02-28";"C";"2025-02-28 23:36:00";32.0;55.1;53.9;2.8;3.1;10.2;31.0;59.1;59.7;3.5;3.1;9.2;35.0;36.0;29.0;30.0;25.0;27.0;36.0;34.0;30.0;28.0;28.0;25.0;31.0;32.0;29.0;30.0;25.0;26.0;29.0;32.0;24.0;29.0;26.0;24.0;"2025-02-28 23:38:18"
"2025-03-01";"C";"2025-03-01 22:47:00";32.0;56.5;55.1;3.6;3.1;10.4;31.0;58.6;59.6;3.2;3.7;9.9;35.0;34.0;28.0;30.0;25.0;26.0;34.0;35.0;30.0;29.0;27.0;26.0;33.0;35.0;32.0;31.0;28.0;24.0;31.0;32.0;28.0;30.0;27.0;26.0;"2025-03-01 22:48:57"
"2025-03-02";"A";"2025-03-02 05:18:00";33.0;45.0;54.0;2.6;3.5;5.9;34.0;48.0;58.0;2.5;3.5;6.1;33.0;35.0;28.0;28.0;24.0;26.0;32.0;32.0;28.0;28.0;24.0;24.0;31.0;33.0;29.0;30.0;26.0;27.0;27.0;30.0;26.0;28.0;25.0;25.0;"2025-03-02 05:19:28"
"2025-03-01";"A";"2025-03-01 05:21:00";33.0;46.0;55.0;2.3;3.2;5.9;34.0;47.0;58.0;2.5;3.0;6.0;34.0;37.0;28.0;30.0;25.0;26.0;34.0;35.0;30.0;29.0;27.0;26.0;33.0;35.0;32.0;31.0;28.0;26.0;38.0;31.0;28.0;30.0;27.0;26.0;"2025-03-02 05:23:03"
"2025-02-28";"A";"2025-02-28 05:30:00";32.0;45.0;54.0;2.3;2.9;5.9;33.0;47.0;58.0;2.1;3.1;6.2;33.0;34.0;27.0;27.0;25.0;24.0;31.0;31.0;27.0;27.0;26.0;24.0;33.0;34.0;30.0;31.0;27.0;26.0;30.0;32.0;29.0;29.0;28.0;26.0;"2025-03-02 05:31:17"
"2025-02-27";"A";"2025-02-27 05:33:00";32.0;45.0;55.0;2.3;3.1;6.2;33.0;47.0;58.0;2.1;2.9;6.1;33.0;35.0;28.0;30.0;25.0;26.0;34.0;35.0;30.0;30.0;28.0;25.0;33.0;34.0;32.0;32.0;29.0;28.0;29.0;31.0;28.0;31.0;27.0;27.0;"2025-03-02 05:34:35"
"2025-03-02";"C";"2025-03-02 22:54:00";32.0;56.1;57.4;3.8;3.1;10.4;32.0;58.6;60.2;3.2;3.4;9.8;32.0;36.0;28.0;26.0;26.0;28.0;32.0;32.0;29.0;28.0;24.0;25.0;31.0;34.0;30.0;30.0;27.0;26.0;30.0;32.0;26.0;28.0;28.0;25.0;"2025-03-02 22:56:31"
"2025-03-05";"A";"2025-03-05 03:25:00";26.0;54.1;56.2;1.9;1.8;5.8;24.0;55.8;59.0;2.2;3.1;6.9;32.0;34.0;23.0;25.0;21.0;23.0;32.0;32.0;28.0;27.0;24.0;24.0;31.0;33.0;31.0;30.0;27.0;25.0;29.0;31.0;26.0;27.0;24.0;25.0;"2025-03-05 06:28:23"
"2025-03-06";"A";"2025-03-06 03:41:00";26.0;51.7;53.0;2.98;3.64;9.4;24.0;54.6;58.0;3.19;3.35;8.78;32.0;31.0;22.0;24.0;20.0;22.0;29.0;31.0;25.0;25.0;23.0;22.0;29.0;32.0;28.0;29.0;24.0;23.0;25.0;27.0;23.0;23.0;22.0;22.0;"2025-03-06 08:45:07"
"2025-03-03";"A";"2025-03-03 08:44:00";32.0;46.0;56.0;2.9;3.0;5.9;34.0;48.0;58.0;2.9;3.1;6.0;33.0;32.0;27.0;26.0;23.0;22.0;32.0;32.0;26.0;25.0;24.0;23.0;33.0;33.0;30.0;31.0;26.0;25.0;29.0;31.0;26.0;27.0;25.0;26.0;"2025-03-09 20:45:35"
"2025-03-04";"C";"2025-03-04 20:48:00";33.0;46.0;55.0;2.8;3.2;6.0;34.0;48.0;57.0;2.9;3.4;6.1;33.0;37.0;29.0;30.0;25.0;26.0;33.0;36.0;30.0;31.0;26.0;27.0;32.0;35.0;32.0;32.0;27.0;30.0;30.0;32.0;28.0;30.0;27.0;27.0;"2025-03-09 20:49:03"
"2025-03-05";"C";"2025-03-05 20:52:00";32.0;46.0;56.0;2.6;3.5;6.2;34.0;47.0;57.0;2.8;3.4;6.8;33.0;36.0;27.0;27.0;24.0;26.0;33.0;35.0;29.0;29.0;25.0;25.0;31.0;34.0;29.0;30.0;26.0;28.0;27.0;30.0;29.0;29.0;24.0;24.0;"2025-03-09 20:53:56"
"2025-03-06";"C";"2025-03-06 20:56:00";33.0;45.0;56.0;2.1;3.2;5.9;34.0;46.0;56.5;2.5;3.4;6.0;32.0;31.0;28.0;26.0;26.0;24.0;31.0;29.0;30.0;29.0;26.0;28.0;30.0;28.0;29.0;28.0;27.0;26.0;29.0;26.0;28.0;26.0;27.0;25.0;"2025-03-09 20:57:43"
"2025-03-07";"C";"2025-03-07 21:02:00";32.0;46.0;54.8;2.8;3.8;5.9;34.2;48.0;56.0;2.8;3.9;6.1;30.0;36.0;29.0;29.0;27.0;26.0;35.0;34.0;29.0;29.0;27.0;26.0;34.0;38.0;32.0;34.0;29.0;27.0;31.0;34.0;30.0;30.0;29.0;28.0;"2025-03-09 21:03:17"
"2025-03-08";"C";"2025-03-08 21:05:00";32.0;45.0;56.0;2.9;3.2;5.8;33.0;46.0;57.0;3.0;3.5;6.5;36.0;38.0;30.0;30.0;28.0;26.0;36.0;35.0;31.0;31.0;29.0;26.0;35.0;36.0;33.0;34.0;30.0;28.0;33.0;34.0;30.0;31.0;29.0;29.0;"2025-03-09 21:06:43"
"2025-03-10";"C";"2025-03-10 19:48:00";32.0;57.9;59.5;3.02;2.79;8.95;30.0;62.7;64.5;2.79;3.05;8.99;37.0;38.0;32.0;30.0;28.0;28.0;36.0;37.0;32.0;32.0;29.0;28.0;37.0;38.0;36.0;36.0;31.0;29.0;34.0;36.0;33.0;32.0;31.0;29.0;"2025-03-10 22:51:03"
"2025-03-11";"C";"2025-03-11 20:26:00";34.0;58.1;59.5;3.02;2.78;7.88;32.0;61.4;64.3;2.87;3.07;8.9;38.0;37.0;33.0;32.0;31.0;29.0;39.0;40.0;33.0;34.0;32.0;30.0;39.0;39.0;36.0;37.0;33.0;31.0;36.0;38.0;34.0;33.0;33.0;31.0;"2025-03-11 20:28:18"
"2025-03-13";"C";"2025-03-13 20:30:00";34.0;58.8;60.3;2.87;3.01;7.02;32.0;62.5;65.4;2.78;2.77;8.92;39.0;41.0;33.0;34.0;29.0;31.0;40.0;41.0;36.0;34.0;33.0;31.0;39.0;40.0;38.0;38.0;34.0;32.0;36.0;38.0;34.0;34.0;32.0;32.0;"2025-03-13 20:33:16"
"2025-03-14";"C";"2025-03-14 20:39:00";33.0;58.1;58.7;3.79;4.05;6.67;31.0;61.5;65.1;2.93;3.99;8.32;38.0;37.0;33.0;37.0;30.0;30.0;38.0;39.0;35.0;35.0;33.0;31.0;36.0;39.0;36.0;36.0;33.0;32.0;34.0;36.0;33.0;33.0;32.0;32.0;"2025-03-14 22:48:28"
"2025-03-16";"C";"2025-03-16 20:20:00";34.0;58.0;60.6;5.0;3.59;10.83;32.0;62.0;64.1;3.58;5.86;11.54;38.0;39.0;32.0;32.0;30.0;30.0;37.0;38.0;34.0;34.0;32.0;30.0;38.0;40.0;36.0;37.0;33.0;30.0;36.0;38.0;35.0;34.0;33.0;31.0;"2025-03-16 21:07:42"
"2025-03-16";"B";"2025-03-16 13:34:00";34.0;60.0;63.0;2.5;3.0;5.2;35.2;55.0;58.0;2.1;2.9;5.1;36.0;39.0;34.0;33.0;32.0;30.0;39.0;39.0;35.0;33.0;33.0;31.0;39.0;40.0;38.0;37.0;34.0;32.0;37.0;39.0;37.0;36.0;35.0;35.0;"2025-03-17 01:35:50"
"2025-03-14";"B";"2025-03-14 13:38:00";34.0;62.0;64.0;2.1;2.9;5.0;33.0;55.0;58.0;2.0;3.0;4.9;38.0;39.0;32.0;32.0;30.0;30.0;37.0;38.0;34.0;32.0;32.0;30.0;38.0;40.0;36.0;37.0;33.0;30.0;36.0;38.0;35.0;34.0;33.0;31.0;"2025-03-17 01:39:29"
"2025-03-13";"B";"2025-03-13 13:44:00";34.0;60.0;62.0;2.1;3.8;6.5;35.0;55.0;58.0;2.9;3.5;6.4;39.0;42.0;35.0;35.0;33.0;33.0;39.0;41.0;36.0;36.0;33.0;35.0;37.0;38.0;35.0;35.0;36.0;32.0;32.0;36.0;31.0;31.0;30.0;31.0;"2025-03-17 01:45:26"
"2025-03-12";"B";"2025-03-12 13:48:00";34.0;59.0;64.0;3.0;3.2;5.9;33.0;60.0;62.0;3.2;2.9;6.0;41.0;43.0;36.0;36.0;32.0;32.0;40.0;42.0;36.0;35.0;32.0;32.0;39.0;42.0;37.0;37.0;33.0;33.0;35.0;37.0;34.0;36.0;32.0;32.0;"2025-03-17 01:49:17"
"2025-03-11";"B";"2025-03-11 13:53:00";34.0;58.0;60.0;3.2;3.6;5.9;33.0;55.0;58.0;3.2;3.5;6.5;39.0;42.0;35.0;35.0;34.0;34.0;39.0;41.0;36.0;36.0;36.0;36.0;37.0;38.0;35.0;36.0;36.0;32.0;32.0;36.0;31.0;31.0;29.0;32.0;"2025-03-17 01:54:18"
"2025-03-10";"B";"2025-03-10 13:56:00";34.0;58.0;62.0;2.8;3.5;5.9;33.5;55.0;60.0;2.9;3.8;6.1;39.0;42.0;34.0;32.0;30.0;29.0;37.0;38.0;35.0;32.0;32.0;30.0;38.0;40.0;38.0;36.0;33.0;29.0;35.0;36.0;35.0;33.0;33.0;30.0;"2025-03-17 01:57:15"
"2025-03-17";"A";"2025-03-17 11:45:00";33.0;59.2;62.7;3.34;3.38;12.9;31.0;60.3;62.3;3.16;4.83;11.56;38.0;38.0;33.0;33.0;31.0;30.0;37.0;39.0;34.0;33.0;32.0;31.0;38.0;38.0;36.0;37.0;33.0;32.0;34.0;37.0;35.0;34.0;33.0;31.0;"2025-03-17 14:54:25"
"2025-03-19";"B";"2025-03-19 11:04:00";33.0;63.6;63.7;3.64;3.62;10.32;34.0;61.0;61.6;3.33;4.91;9.92;37.0;38.0;36.0;36.0;32.0;31.0;38.0;39.0;36.0;36.0;33.0;32.0;38.0;38.0;36.0;37.0;34.0;32.0;36.0;37.0;35.0;35.0;30.0;31.0;"2025-03-19 15:12:16"
"2025-03-20";"B";"2025-03-20 11:15:00";33.0;59.0;60.0;5.02;4.05;10.89;34.0;62.0;64.9;2.97;4.65;7.85;37.0;38.0;36.0;36.0;32.0;31.0;38.0;39.0;36.0;36.0;33.0;32.0;38.0;38.0;36.0;37.0;34.0;32.0;36.0;37.0;35.0;36.0;33.0;31.0;"2025-03-21 07:18:56"
"2025-03-21";"A";"2025-03-21 07:28:00";32.0;55.0;55.4;2.97;4.95;7.85;31.0;58.5;59.8;4.43;4.65;10.89;34.0;36.0;28.0;30.0;26.0;27.0;34.0;33.0;30.0;29.0;28.0;26.0;34.0;35.0;33.0;34.0;29.0;28.0;32.0;30.0;29.0;30.0;28.0;28.0;"2025-03-21 07:32:03"
"2025-03-17";"A";"2025-03-17 03:45:00";32.0;56.0;57.0;2.5;3.0;5.2;33.0;54.0;56.0;2.4;2.8;5.0;34.0;37.0;28.0;30.0;27.0;28.0;32.0;32.0;28.0;29.0;27.0;27.0;34.0;35.0;31.0;33.0;26.0;27.0;31.0;33.0;30.0;30.0;29.0;28.0;"2025-03-22 03:46:54"
"2025-03-18";"A";"2025-03-18 03:50:00";33.0;56.0;58.0;2.1;3.5;5.2;34.0;55.0;56.0;2.1;3.4;5.0;33.0;35.0;26.0;28.0;25.0;25.0;32.0;27.0;29.0;28.0;26.0;27.0;33.0;30.0;32.0;32.0;28.0;28.0;30.0;31.0;31.0;28.0;26.0;26.0;"2025-03-22 03:52:03"
"2025-03-19";"A";"2025-03-19 05:09:00";34.0;56.0;58.0;2.1;3.8;5.9;33.0;55.0;57.0;2.0;3.0;5.5;33.0;36.0;27.0;28.0;25.0;25.0;32.0;32.0;30.0;29.0;27.0;26.0;32.0;33.0;31.0;32.0;28.0;27.0;30.0;31.0;28.0;28.0;27.0;27.0;"2025-03-23 05:10:39"
"2025-03-22";"A";"2025-03-22 05:12:00";34.0;55.0;56.0;2.1;3.5;5.2;33.0;54.0;55.0;2.0;3.1;5.5;34.0;38.0;27.0;30.0;27.0;27.0;35.0;35.0;31.0;30.0;29.0;27.0;34.0;35.0;33.0;33.0;29.0;30.0;30.0;32.0;28.0;29.0;29.0;28.0;"2025-03-23 05:13:51"
"2025-03-23";"A";"2025-03-23 05:16:00";32.0;55.0;57.0;2.0;3.0;5.1;33.0;54.0;55.0;1.9;3.0;5.5;35.0;35.0;28.0;30.0;30.0;26.0;26.0;35.0;34.0;30.0;29.0;28.0;27.0;34.0;35.0;32.0;34.0;28.0;28.0;30.0;32.0;30.0;30.0;27.0;"2025-03-23 05:16:56"
"2025-03-26";"A";"2025-03-26 02:19:00";30.0;57.6;59.5;1.3;2.1;5.8;28.0;60.3;63.3;1.6;2.2;7.6;35.0;36.0;30.0;31.0;28.0;27.0;35.0;35.0;32.0;30.0;29.0;28.0;35.0;36.0;33.0;34.0;30.0;29.0;33.0;34.0;32.0;32.0;30.0;30.0;"2025-03-26 06:22:11"
"2025-03-27";"A";"2025-03-27 02:06:00";30.0;57.0;59.0;4.85;2.95;7.88;28.0;60.0;62.0;3.44;5.27;10.37;35.0;36.0;30.0;31.0;27.0;27.0;35.0;35.0;35.0;32.0;30.0;29.0;28.0;35.0;36.0;33.0;34.0;30.0;29.0;33.0;34.0;32.0;32.0;30.0;"2025-03-27 02:11:26"
"2025-03-28";"A";"2025-03-28 02:54:00";32.0;57.7;59.7;3.24;3.23;8.09;30.0;59.3;62.5;2.67;3.9;7.4;36.0;36.0;31.0;32.0;30.0;29.0;36.0;36.0;33.0;32.0;31.0;29.0;38.0;38.0;36.0;36.0;33.0;33.0;35.0;36.0;34.0;33.0;33.0;32.0;"2025-03-28 02:57:27"
"2025-03-30";"A";"2025-03-30 02:11:00";29.0;54.8;57.1;4.2;4.23;9.72;27.0;57.1;60.5;3.2;4.62;9.8;35.0;35.0;30.0;31.0;29.0;29.0;35.0;35.0;33.0;32.0;30.0;30.0;37.0;37.0;35.0;35.0;32.0;33.0;34.0;35.0;33.0;33.0;32.0;32.0;"2025-03-30 02:12:49"
"2025-10-25";"C";"2025-10-28 17:59:00";40.0;59.0;61.7;1.13;0.93;2.1;41.0;59.0;60.0;0.92;0.85;2.15;30.0;33.0;27.0;28.0;25.0;26.0;33.0;32.0;27.0;27.0;26.0;26.0;31.0;29.0;29.0;29.0;27.0;26.0;29.0;28.0;27.0;27.0;27.0;26.0;"2025-10-28 16:02:13"
"2025-10-26";"A";"2025-10-28 04:10:00";30.0;60.0;61.0;1.96;2.98;6.56;31.0;59.0;60.0;1.98;3.86;5.1;31.0;33.0;29.0;28.0;26.0;26.0;34.0;34.0;27.0;29.0;26.0;26.0;31.0;29.0;29.0;30.0;27.0;29.0;30.0;30.0;28.0;28.0;28.0;26.0;"2025-10-28 18:13:43"
"2025-10-27";"C";"2025-10-28 20:26:00";31.0;53.0;54.0;0.7;1.25;3.16;29.0;56.0;58.0;0.92;1.5;3.16;27.0;28.0;27.0;28.0;28.0;28.0;28.0;30.0;30.0;30.0;28.0;30.0;27.0;29.0;285.0;26.0;27.0;29.0;30.0;27.0;26.0;25.0;28.0;30.0;"2025-10-28 20:30:11"
"2025-10-29";"A";"2025-10-29 08:07:00";30.0;57.7;58.9;1.84;2.3;8.28;31.0;56.2;57.5;2.4;2.1;9.2;30.0;32.0;26.0;27.0;24.0;26.0;33.0;30.0;26.0;28.0;25.0;24.0;30.0;29.0;28.0;26.0;26.0;28.0;26.0;28.0;26.0;24.0;25.0;24.0;"2025-10-29 08:10:10"
"2025-10-26";"A";"2025-10-26 21:31:00";45.0;57.0;55.7;0.78;6.44;3.2;47.0;58.0;56.0;1.34;4.71;2.71;32.0;32.0;27.0;30.0;26.0;27.0;36.0;34.0;29.0;30.0;29.0;28.0;33.0;32.0;32.0;32.0;30.0;29.0;30.0;30.0;30.0;29.0;29.0;28.0;"2025-10-29 14:34:00"
"2025-10-27";"B";"2025-10-27 14:40:00";41.0;60.0;58.5;4.99;1.25;2.23;45.0;56.0;55.0;5.84;1.4;2.23;32.0;34.0;28.0;31.0;27.0;27.0;36.0;34.0;29.0;28.0;29.0;28.0;34.0;32.0;33.0;31.0;30.0;28.0;31.0;31.0;31.0;28.0;30.0;27.0;"2025-10-29 14:42:24"
"2025-10-28";"B";"2025-10-28 14:46:00";40.0;58.0;56.0;1.89;3.8;8.25;45.0;60.0;58.4;1.49;2.96;9.0;32.0;33.0;27.0;28.0;25.0;25.0;34.0;33.0;28.0;27.0;27.0;26.0;32.0;30.0;31.0;29.0;28.0;26.0;28.0;30.0;28.0;27.0;27.0;26.0;"2025-10-29 14:48:03"
"2025-10-29";"B";"2025-10-29 15:23:00";41.0;59.0;58.1;2.3;6.17;12.74;40.0;62.0;61.2;2.86;4.46;10.9;40.0;37.0;33.0;33.0;31.0;30.0;40.0;39.0;34.0;33.0;31.0;30.0;36.0;35.0;35.0;33.0;32.0;30.0;34.0;35.0;34.0;31.0;32.0;31.0;"2025-10-29 15:24:41"
"2025-10-29";"C";"2025-10-29 23:05:00";33.0;59.0;60.0;2.15;2.15;3.1;34.0;55.0;57.0;2.35;3.15;6.5;38.0;41.0;31.0;34.0;30.0;30.0;39.0;39.0;33.0;32.0;31.0;30.0;36.0;37.0;36.0;35.0;32.0;32.0;34.0;35.0;32.0;31.0;31.0;30.0;"2025-10-29 23:10:37"
"2025-10-30";"A";"2025-10-30 03:53:00";33.0;61.2;60.5;2.2;2.4;9.5;32.0;58.6;57.7;2.5;2.1;10.2;37.0;42.0;30.0;32.0;28.0;29.0;38.0;33.0;31.0;30.0;29.0;28.0;34.0;33.0;33.0;32.0;30.0;29.0;31.0;30.0;30.0;29.0;29.0;28.0;"2025-10-30 03:55:03"
"2025-10-31";"A";"2025-10-31 08:09:00";31.0;58.4;59.3;2.2;2.5;10.5;32.0;58.9;59.2;3.1;2.1;9.6;34.0;37.0;28.0;30.0;25.0;26.0;36.0;34.0;29.0;28.0;27.0;24.0;33.0;30.0;32.0;29.0;29.0;27.0;29.0;31.0;27.0;26.0;27.0;24.0;"2025-10-31 08:10:52"
"2025-10-30";"B";"2025-10-30 15:00:00";40.0;46.0;58.0;2.86;5.86;14.7;42.0;50.0;60.0;2.69;3.89;10.2;38.0;41.0;32.0;34.0;30.0;29.0;37.0;39.0;31.0;31.0;31.0;30.0;35.0;35.0;35.0;34.0;31.0;31.0;34.0;36.0;32.0;32.0;30.0;30.0;"2025-10-31 15:01:23"
"2025-10-31";"B";"2025-10-31 15:03:00";41.0;45.0;59.5;2.52;4.32;13.56;44.0;44.0;59.8;2.45;3.29;10.39;36.0;38.0;29.0;34.0;27.0;28.0;37.0;36.0;32.0;30.0;29.0;28.0;35.0;34.0;34.0;33.0;30.0;30.0;34.0;35.0;31.0;31.0;30.0;27.0;"2025-10-31 15:05:05"
"2025-10-30";"C";"2025-10-31 20:39:00";33.0;58.0;60.0;2.59;6.85;12.15;34.0;56.0;57.0;3.8;6.1;11.1;37.0;40.0;34.0;36.0;30.0;32.0;39.0;37.0;33.0;32.0;32.0;34.0;38.0;41.0;36.0;36.0;34.0;36.0;36.0;38.0;38.0;34.0;35.0;30.0;"2025-10-31 20:42:35"
"2025-10-31";"C";"2025-10-31 20:55:00";33.0;59.0;60.0;2.63;4.5;14.1;36.0;57.0;59.0;2.52;4.16;13.8;35.0;36.0;30.0;32.0;28.0;29.0;40.0;38.0;32.0;32.0;30.0;29.0;36.0;35.0;35.0;34.0;32.0;30.0;35.0;36.0;33.0;33.0;32.0;28.0;"2025-10-31 21:01:56"
"2025-11-01";"A";"2025-11-01 04:23:00";33.0;59.4;60.6;3.2;2.9;10.5;32.0;57.1;59.5;2.7;2.6;10.2;35.0;38.0;32.0;32.0;30.0;30.0;35.0;37.0;30.0;31.0;30.0;30.0;33.0;34.0;34.0;33.0;32.0;30.0;32.0;33.0;32.0;32.0;32.0;31.0;"2025-11-01 04:24:58"
"2025-11-01";"B";"2025-11-01 15:14:00";41.0;44.0;60.7;3.03;5.17;13.91;42.0;47.0;62.1;2.13;3.07;10.17;39.0;42.0;32.0;32.0;31.0;30.0;40.0;40.0;34.0;33.0;31.0;31.0;35.0;35.0;34.0;37.0;31.0;33.0;34.0;38.0;32.0;33.0;31.0;30.0;"2025-11-01 15:15:28"
"2025-11-02";"A";"2025-11-02 03:37:00";33.0;60.4;58.8;3.2;2.5;11.5;31.0;60.9;59.4;3.6;2.9;10.6;37.0;40.0;31.0;32.0;27.0;28.0;38.0;35.0;32.0;31.0;28.0;30.0;35.0;34.0;32.0;32.0;30.0;29.0;32.0;33.0;31.0;30.0;29.0;28.0;"2025-11-02 03:40:27"
"2025-11-02";"A";"2025-11-02 03:37:00";33.0;60.4;58.8;3.2;2.5;11.5;31.0;60.9;59.4;3.6;2.9;10.6;37.0;40.0;31.0;32.0;27.0;28.0;38.0;35.0;32.0;31.0;28.0;30.0;35.0;34.0;32.0;32.0;30.0;29.0;32.0;33.0;31.0;30.0;29.0;28.0;"2025-11-02 03:40:41"
"2025-11-02";"A";"2025-11-02 03:37:00";33.0;60.4;58.8;3.2;2.5;11.5;31.0;60.9;59.4;3.6;2.9;10.6;37.0;40.0;31.0;32.0;27.0;28.0;38.0;35.0;32.0;31.0;28.0;30.0;35.0;34.0;32.0;32.0;30.0;29.0;32.0;33.0;31.0;30.0;29.0;28.0;"2025-11-02 03:41:01"
"2025-11-02";"A";"2025-11-02 03:37:00";33.0;60.4;58.8;3.2;2.5;11.5;31.0;60.9;59.4;3.6;2.9;10.6;37.0;40.0;31.0;32.0;27.0;28.0;38.0;35.0;32.0;31.0;28.0;30.0;35.0;34.0;32.0;32.0;30.0;29.0;32.0;33.0;31.0;30.0;29.0;28.0;"2025-11-02 03:41:22"
"2025-11-02";"B";"2025-11-02 16:11:00";41.0;45.0;61.0;3.15;4.91;14.12;41.0;47.0;62.0;3.68;3.08;9.52;38.0;40.0;31.0;34.0;30.0;30.0;40.0;37.0;32.0;32.0;31.0;30.0;36.0;36.0;37.0;35.0;33.0;31.0;34.0;37.0;34.0;33.0;31.0;31.0;"2025-11-02 16:12:53"
"2025-11-01";"C";"2025-11-01 20:40:00";33.0;60.0;61.0;2.72;2.91;11.7;31.0;59.0;60.0;3.85;5.21;20.93;39.0;41.0;31.0;34.0;30.0;30.0;34.0;37.0;34.0;32.0;31.0;30.0;36.0;36.0;36.0;33.0;33.0;32.0;34.0;38.0;33.0;32.0;32.0;31.0;"2025-11-02 20:44:25"
"2025-11-02";"C";"2025-11-02 22:09:00";33.0;60.0;61.0;3.5;3.65;11.56;35.0;58.0;60.0;3.5;5.45;19.18;38.0;40.0;32.0;33.0;30.0;30.0;38.0;40.0;33.0;34.0;32.0;30.0;35.0;36.0;34.0;35.0;33.0;30.0;35.0;38.0;32.0;34.0;31.0;31.0;"2025-11-02 22:13:22"
"2025-11-03";"A";"2025-11-03 08:17:00";40.0;43.0;58.0;3.47;4.81;17.0;35.0;44.0;59.0;2.38;3.45;9.93;35.0;39.0;27.0;32.0;26.0;27.0;38.0;35.0;30.0;30.0;28.0;28.0;34.0;34.0;34.0;32.0;30.0;30.0;32.0;36.0;29.0;31.0;28.0;29.0;"2025-11-03 08:19:10"
"2025-11-03";"C";"2025-11-04 00:20:00";32.0;61.3;60.5;2.1;3.6;11.2;33.0;60.1;59.9;3.5;2.9;11.9;34.0;35.0;30.0;32.0;29.0;29.0;36.0;34.0;31.0;32.0;30.0;30.0;34.0;35.0;36.0;35.0;32.0;31.0;36.0;35.0;33.0;32.0;31.0;30.0;"2025-11-04 00:21:55"
"2025-11-04";"A";"2025-11-04 08:33:00";39.0;42.0;58.0;4.04;5.89;18.41;38.0;44.0;59.0;2.58;3.36;11.49;35.0;36.0;26.0;31.0;25.0;27.0;37.0;33.0;30.0;28.0;28.0;27.0;33.0;31.0;34.0;31.0;30.0;28.0;30.0;34.0;26.0;29.0;27.0;28.0;"2025-11-04 08:34:23"
"2025-11-03";"B";"2025-11-03 12:26:00";33.0;57.0;58.0;3.26;5.71;17.6;35.0;60.0;61.0;3.25;3.94;10.58;35.0;36.0;34.0;32.0;29.0;30.0;37.0;36.0;34.0;33.0;30.0;31.0;35.0;34.0;36.0;33.0;32.0;31.0;36.0;35.0;34.0;30.0;31.0;29.0;"2025-11-04 12:28:58"
"2025-11-04";"B";"2025-11-04 14:03:00";33.0;60.0;59.0;4.04;3.8;9.7;36.0;60.0;61.0;3.94;6.17;19.26;32.0;32.0;29.0;29.0;28.0;26.0;35.0;34.0;29.0;28.0;27.0;26.0;35.0;33.0;34.0;33.0;32.0;29.0;34.0;38.0;34.0;32.0;32.0;30.0;"2025-11-04 14:34:01"
"2025-11-04";"C";"2025-11-04 23:04:00";34.0;59.6;60.5;2.9;3.5;12.9;33.0;60.9;61.8;3.6;3.5;11.6;34.0;35.0;29.0;28.0;28.0;29.0;37.0;35.0;31.0;29.0;30.0;29.0;33.0;32.0;34.0;31.0;31.0;30.0;33.0;34.0;31.0;32.0;30.0;29.0;"2025-11-04 23:05:53"
"2025-11-05";"A";"2025-11-05 07:14:00";39.0;45.0;59.0;2.3;3.3;13.2;40.0;47.0;60.0;2.3;3.0;11.2;35.0;38.0;31.0;30.0;28.0;29.0;39.0;36.0;34.0;30.0;31.0;30.0;34.0;34.0;34.0;32.0;30.0;30.0;34.0;32.0;31.0;32.0;30.0;30.0;"2025-11-05 07:15:43"
"2025-11-05";"C";"2025-11-05 22:12:00";34.0;59.9;61.1;3.9;3.5;12.8;33.0;56.9;59.5;2.9;3.9;13.8;35.0;38.0;29.0;28.0;27.0;26.0;37.0;35.0;30.0;29.0;29.0;30.0;35.0;34.0;34.0;32.0;30.0;29.0;33.0;34.0;31.0;30.0;30.0;29.0;"2025-11-05 22:14:20"
"2025-11-06";"A";"2025-11-06 07:03:00";39.0;45.0;59.0;3.78;2.39;12.22;40.0;47.0;61.0;1.17;2.3;9.12;32.0;34.0;25.0;28.0;25.0;25.0;32.0;33.0;27.0;29.0;25.0;26.0;34.0;32.0;33.0;32.0;30.0;27.0;33.0;33.0;32.0;33.0;30.0;28.0;"2025-11-06 07:04:30"
"2025-11-05";"B";"2025-11-06 14:45:00";35.0;60.0;61.0;2.6;3.44;13.22;36.0;57.0;59.7;3.43;5.15;21.59;36.0;37.0;31.0;31.0;29.0;29.0;38.0;38.0;33.0;31.0;31.0;30.0;35.0;35.0;34.0;34.0;32.0;31.0;35.0;38.0;33.0;33.0;33.0;31.0;"2025-11-06 16:02:06"
"2025-11-06";"C";"2025-11-06 23:11:00";38.0;57.1;58.8;3.6;2.8;10.6;34.0;57.6;59.7;2.5;3.9;11.8;34.0;37.0;26.0;28.0;25.0;24.0;36.0;34.0;29.0;30.0;27.0;28.0;32.0;32.0;32.0;30.0;29.0;30.0;31.0;29.0;28.0;27.0;25.0;27.0;"2025-11-06 23:12:39"
"2025-11-07";"A";"2025-11-07 06:32:00";30.0;48.0;59.0;1.71;1.63;5.8;32.0;41.0;57.8;1.13;1.25;3.52;34.0;35.0;25.0;28.0;24.0;24.0;35.0;32.0;28.0;27.0;26.0;25.0;31.0;30.0;31.0;33.0;26.0;29.0;30.0;32.0;27.0;29.0;26.0;26.0;"2025-11-07 06:35:33"
"2025-11-07";"B";"2025-11-07 14:40:00";32.0;57.6;61.0;2.42;3.11;10.95;40.0;57.1;61.0;3.0;4.32;15.84;36.0;35.0;28.0;31.0;26.0;27.0;38.0;35.0;31.0;29.0;30.0;27.0;34.0;33.0;35.0;32.0;31.0;29.0;32.0;35.0;31.0;31.0;29.0;28.0;"2025-11-07 14:46:12"
"2025-11-07";"B";"2025-11-07 14:40:00";32.0;57.6;61.0;2.42;3.11;10.95;40.0;57.1;61.0;3.0;4.32;15.84;36.0;35.0;28.0;31.0;26.0;27.0;38.0;35.0;31.0;29.0;30.0;27.0;34.0;33.0;35.0;32.0;31.0;29.0;32.0;35.0;31.0;31.0;29.0;28.0;"2025-11-07 14:53:50"
"2025-11-07";"C";"2025-11-07 21:24:00";37.0;58.5;60.0;3.6;3.9;12.5;34.0;58.9;60.6;3.4;2.9;13.6;35.0;34.0;28.0;30.0;26.0;27.0;37.0;34.0;31.0;29.0;29.0;28.0;34.0;32.0;34.0;32.0;28.0;27.0;32.0;35.0;31.0;31.0;28.0;29.0;"2025-11-07 21:25:57"
"2025-11-08";"A";"2025-11-08 08:13:00";35.0;42.0;59.0;3.62;5.84;0.06;34.0;43.0;58.0;3.01;2.97;12.23;33.0;36.0;25.0;29.0;23.0;25.0;35.0;31.0;25.0;27.0;26.0;25.0;31.0;31.0;31.0;31.0;28.0;28.0;30.0;33.0;28.0;30.0;28.0;27.0;"2025-11-08 08:14:28"
"2025-11-08";"B";"2025-11-08 14:39:00";33.0;59.0;60.0;2.51;3.31;13.74;36.0;60.0;61.0;4.37;5.5;19.66;37.0;35.0;30.0;33.0;30.0;29.0;39.0;37.0;32.0;32.0;30.0;29.0;34.0;33.0;35.0;34.0;31.0;29.0;32.0;35.0;31.0;31.0;33.0;30.0;"2025-11-08 14:43:09"
"2025-11-08";"C";"2025-11-08 21:17:00";34.0;58.3;60.2;3.6;3.9;14.3;33.0;58.6;60.7;2.9;3.6;12.6;38.0;36.0;32.0;30.0;32.0;31.0;38.0;34.0;34.0;31.0;30.0;30.0;39.0;37.0;32.0;32.0;30.0;31.0;38.0;38.0;33.0;30.0;31.0;30.0;"2025-11-08 21:18:39"
"2025-11-09";"A";"2025-11-09 08:22:00";33.0;42.0;57.0;2.3;3.5;12.5;29.0;43.0;59.0;0.0;0.0;0.0;31.0;34.0;23.0;28.0;22.0;23.0;33.0;30.0;26.0;25.0;25.0;24.0;32.0;32.0;31.0;29.0;27.0;26.0;30.0;34.0;27.0;28.0;25.0;26.0;"2025-11-09 08:23:51"
"2025-11-09";"B";"2025-11-09 15:17:00";33.0;60.7;61.0;3.16;3.58;15.13;35.0;60.0;61.0;3.88;4.83;18.71;36.0;36.0;30.0;32.0;29.0;28.0;37.0;34.0;31.0;30.0;29.0;27.0;35.0;34.0;34.0;33.0;30.0;29.0;34.0;37.0;32.0;33.0;30.0;29.0;"2025-11-10 03:21:06"
"2025-11-10";"A";"2025-11-10 06:34:00";32.0;56.0;58.0;3.21;4.65;12.1;31.0;55.0;57.0;3.4;4.75;13.06;29.0;30.0;29.0;30.0;28.0;28.0;34.0;31.0;35.0;33.0;28.0;29.0;32.0;34.0;28.0;28.0;27.0;26.0;34.0;35.0;28.0;29.0;27.0;26.0;"2025-11-10 06:38:31"
"2025-11-09";"C";"2025-11-10 08:43:00";33.0;58.5;59.9;2.9;3.6;13.5;35.0;58.8;60.0;3.2;3.1;12.2;34.0;36.0;32.0;30.0;30.0;31.0;36.0;37.0;34.0;31.0;32.0;30.0;36.0;34.0;32.0;32.0;30.0;31.0;36.0;38.0;34.0;30.0;30.0;31.0;"2025-11-10 08:45:19"
"2025-11-10";"B";"2025-11-10 13:58:00";34.0;58.3;61.3;2.9;3.4;12.6;36.0;58.7;61.0;3.2;3.9;9.6;35.0;36.0;34.0;32.0;30.0;29.0;36.0;32.0;32.0;31.0;29.0;30.0;34.0;39.0;39.0;32.0;30.0;29.0;32.0;30.0;30.0;31.0;29.0;28.0;"2025-11-10 14:00:42"
"2025-11-10";"C";"2025-11-10 23:19:00";34.0;46.0;60.5;2.1;4.2;11.2;31.0;44.0;60.0;2.3;3.6;10.9;35.0;36.0;27.0;31.0;26.0;27.0;36.0;34.0;30.0;29.0;26.0;27.0;34.0;34.0;34.0;32.0;30.0;29.0;33.0;36.0;31.0;31.0;29.0;29.0;"2025-11-10 23:21:29"
"2025-11-11";"A";"2025-11-11 06:34:00";28.0;55.8;58.0;2.55;2.98;13.58;29.0;56.5;59.0;3.0;5.22;16.61;32.0;34.0;24.0;28.0;24.0;25.0;33.0;33.0;28.0;26.0;25.0;26.0;33.0;32.0;33.0;30.0;28.0;25.0;31.0;34.0;28.0;29.0;27.0;27.0;"2025-11-11 06:36:58"
"2025-11-11";"B";"2025-11-11 14:50:00";37.0;59.8;61.8;3.6;3.9;12.8;33.0;59.1;61.7;2.4;3.2;14.3;34.0;32.0;24.0;28.0;26.0;24.0;33.0;34.0;28.0;26.0;25.0;26.0;34.0;37.0;33.0;30.0;28.0;26.0;32.0;34.0;34.0;29.0;26.0;27.0;"2025-11-11 14:52:03"
"2025-11-12";"B";"2025-11-12 15:20:00";35.0;58.1;60.0;3.2;2.5;8.9;36.0;57.2;60.5;2.9;3.1;10.2;28.0;29.0;30.0;32.0;30.0;30.0;33.0;32.0;34.0;34.0;30.0;29.0;32.0;34.0;30.0;29.0;28.0;28.0;34.0;36.0;28.0;29.0;29.0;27.0;"2025-11-12 15:23:27"
"2025-11-13";"A";"2025-11-13 06:33:00";32.0;55.8;59.0;2.29;3.17;10.57;33.0;56.5;58.0;3.06;5.01;12.76;32.0;34.0;25.0;29.0;25.0;24.0;34.0;33.0;29.0;27.0;27.0;26.0;33.0;37.0;32.0;31.0;29.0;26.0;32.0;33.0;28.0;29.0;28.0;27.0;"2025-11-13 06:37:03"
"2025-11-13";"C";"2025-11-13 22:27:00";32.0;58.2;58.5;3.2;3.9;10.9;33.0;59.6;60.1;2.6;3.5;12.9;34.0;38.0;27.0;30.0;25.0;26.0;36.0;34.0;29.0;30.0;27.0;27.0;34.0;32.0;34.0;31.0;29.0;28.0;32.0;36.0;30.0;30.0;29.0;28.0;"2025-11-13 22:29:09"
"2025-11-14";"A";"2025-11-14 07:13:00";31.0;54.0;57.0;2.32;2.91;12.3;30.0;54.0;57.0;3.3;4.9;13.9;34.0;34.0;32.0;30.0;27.0;25.0;36.0;35.0;30.0;29.0;29.0;27.0;34.0;34.0;33.0;32.0;30.0;27.0;33.0;36.0;30.0;30.0;27.0;28.0;"2025-11-14 08:17:32"
"2025-11-14";"C";"2025-11-14 22:14:00";30.0;57.8;58.5;2.8;3.5;12.6;32.0;58.2;59.6;3.1;3.8;10.5;34.0;36.0;26.0;29.0;24.0;24.0;35.0;33.0;28.0;27.0;26.0;25.0;33.0;33.0;33.0;30.0;28.0;27.0;32.0;35.0;30.0;30.0;28.0;27.0;"2025-11-14 22:15:37"
"2025-11-15";"A";"2025-11-15 05:42:00";28.0;53.6;56.0;2.79;3.0;10.79;31.0;56.6;59.0;2.98;4.78;11.72;33.0;34.0;32.0;30.0;25.0;24.0;35.0;36.0;30.0;29.0;28.0;26.0;34.0;34.0;33.0;32.0;30.0;29.0;33.0;36.0;32.0;31.0;27.0;28.0;"2025-11-15 05:45:03"
"2025-11-16";"A";"2025-11-16 05:39:00";29.0;54.7;59.8;2.43;2.97;9.41;32.0;57.2;57.0;2.75;5.41;14.02;33.0;34.0;25.0;27.0;23.0;24.0;34.0;32.0;27.0;26.0;25.0;24.0;32.0;31.0;28.0;29.0;32.0;25.0;31.0;34.0;30.0;31.0;23.0;26.0;"2025-11-16 05:56:13"
"2025-11-18";"A";"2025-11-18 08:23:00";33.0;54.2;58.6;2.9;3.5;12.3;32.0;56.1;56.9;3.6;2.9;14.2;29.0;33.0;24.0;23.0;23.0;24.0;31.0;34.0;29.0;28.0;24.0;28.0;32.0;33.0;33.0;32.0;23.0;29.0;31.0;31.0;29.0;30.0;26.0;28.0;"2025-11-18 08:25:19"
"2025-11-18";"B";"2025-11-18 12:43:00";31.0;47.0;60.9;0.0;0.0;0.0;32.0;47.0;58.9;0.0;0.0;0.0;36.0;36.0;28.0;30.0;26.0;25.0;36.0;32.0;30.0;27.0;27.0;25.0;33.0;31.0;34.0;30.0;29.0;27.0;33.0;36.0;31.0;31.0;29.0;27.0;"2025-11-18 12:44:13"
"2025-11-17";"B";"2025-11-17 12:47:00";33.0;46.0;61.5;1.17;0.93;2.34;31.0;47.0;61.0;0.95;0.68;2.64;36.0;37.0;27.0;30.0;25.0;26.0;36.0;34.0;30.0;29.0;27.0;26.0;33.0;32.0;34.0;31.0;28.0;28.0;33.0;36.0;31.0;31.0;29.0;28.0;"2025-11-18 12:48:34"
"2025-11-16";"C";"2025-11-16 21:53:00";30.0;47.0;58.6;0.0;0.0;0.0;31.0;45.0;60.2;0.0;0.0;0.0;36.0;39.0;28.0;30.0;26.0;26.0;37.0;33.0;30.0;29.0;28.0;26.0;34.0;34.0;35.0;32.0;29.0;28.0;34.0;34.0;35.0;32.0;29.0;28.0;"2025-11-18 12:54:49"
"2025-11-19";"A";"2025-11-19 04:54:00";30.0;55.9;57.4;2.8;3.2;12.4;33.0;57.5;59.8;3.4;3.8;11.2;33.0;36.0;30.0;31.0;26.0;25.0;35.0;35.0;29.0;30.0;27.0;26.0;33.0;32.0;31.0;31.0;30.0;28.0;34.0;36.0;29.0;30.0;29.0;30.0;"2025-11-19 04:55:38"
"2025-11-19";"C";"2025-11-19 21:19:00";32.0;59.0;60.2;2.39;3.08;9.62;30.0;58.0;59.6;3.46;4.99;16.1;30.0;28.0;33.0;35.0;34.0;30.0;37.0;34.0;35.0;32.0;32.0;29.0;31.0;34.0;36.0;31.0;30.0;31.0;33.0;32.0;34.0;35.0;31.0;29.0;"2025-11-19 21:33:31"
"2025-11-20";"A";"2025-11-20 04:59:00";28.0;55.9;57.4;3.7;2.9;14.3;30.0;56.6;58.7;2.6;3.1;12.5;35.0;36.0;29.0;30.0;27.0;28.0;34.0;34.0;29.0;32.0;28.0;26.0;31.0;32.0;31.0;33.0;29.0;26.0;33.0;34.0;31.0;32.0;30.0;29.0;"2025-11-20 05:00:25"
"2025-11-20";"C";"2025-11-20 21:57:00";31.0;56.9;58.0;2.91;3.78;9.17;32.0;58.2;60.0;2.83;4.31;11.14;35.0;41.0;28.0;31.0;27.0;27.0;38.0;36.0;31.0;31.0;29.0;28.0;34.0;34.0;35.0;35.0;33.0;30.0;35.0;38.0;32.0;33.0;31.0;29.0;"2025-11-20 22:36:09"
"2025-11-21";"A";"2025-11-21 03:21:00";29.0;55.1;57.1;3.1;3.6;12.3;28.0;57.4;59.6;2.9;3.7;14.6;33.0;38.0;23.0;24.0;22.0;24.0;34.0;30.0;26.0;24.0;25.0;23.0;31.0;30.0;32.0;29.0;27.0;26.0;30.0;33.0;28.0;26.0;26.0;24.0;"2025-11-21 03:22:59"
"2025-11-21";"C";"2025-11-21 21:00:00";32.0;59.0;60.0;3.44;2.87;11.21;31.0;60.0;61.0;2.24;2.38;12.27;36.0;38.0;28.0;30.0;26.0;27.0;37.0;34.0;29.0;30.0;37.0;37.0;34.0;35.0;35.0;32.0;30.0;28.0;34.0;38.0;32.0;32.0;31.0;30.0;"2025-11-21 22:47:33"
"2025-11-22";"A";"2025-11-22 02:55:00";32.0;55.8;57.3;3.6;3.4;12.8;31.0;57.6;59.7;3.2;3.1;15.2;33.0;34.0;30.0;28.0;30.0;29.0;32.0;36.0;32.0;30.0;30.0;31.0;34.0;34.0;30.0;31.0;30.0;32.0;36.0;34.0;31.0;30.0;28.0;31.0;"2025-11-22 02:56:34"
"2025-11-22";"C";"2025-11-22 23:30:00";31.0;57.0;58.0;1.9;3.12;9.18;32.0;59.0;60.0;3.12;4.19;14.27;36.0;37.0;29.0;31.0;27.0;28.0;36.0;36.0;30.0;30.0;28.0;28.0;35.0;36.0;34.0;33.0;29.0;28.0;34.0;3.0;733.0;32.0;30.0;29.0;"2025-11-22 23:32:46"
"2025-11-23";"A";"2025-11-23 04:29:00";28.0;55.9;57.4;2.9;3.4;12.2;30.0;57.3;59.7;2.2;2.8;14.3;34.0;36.0;29.0;30.0;26.0;28.0;36.0;39.0;28.0;29.0;27.0;29.0;34.0;35.0;32.0;31.0;26.0;28.0;32.0;36.0;31.0;32.0;29.0;28.0;"2025-11-23 04:30:34"
"2025-11-24";"B";"2025-11-24 06:28:00";29.0;56.0;57.6;2.47;3.27;10.76;30.0;58.7;60.0;3.26;4.47;14.6;37.0;33.0;28.0;30.0;26.0;26.0;37.0;34.0;28.0;29.0;28.0;26.0;34.0;33.0;35.0;31.0;35.0;27.0;33.0;37.0;32.0;33.0;30.0;29.0;"2025-11-24 18:33:45"
"2025-11-24";"A";"2025-11-24 04:06:00";29.0;43.0;59.0;0.0;0.0;0.0;30.0;43.0;56.0;0.0;0.0;0.0;34.0;33.0;23.0;26.0;22.0;23.0;33.0;30.0;27.0;25.0;25.0;23.0;31.0;30.0;32.0;30.0;272.0;5.0;30.0;34.0;27.0;28.0;26.0;26.0;"2025-11-25 04:08:24"
"2025-11-23";"B";"2025-11-23 14:11:00";31.0;46.0;61.0;0.0;0.0;0.0;31.0;44.0;58.0;0.0;0.0;0.0;36.0;35.0;25.0;28.0;24.0;25.0;35.0;31.0;28.0;27.0;26.0;25.0;31.0;32.0;33.0;30.0;28.0;26.0;31.0;36.0;29.0;31.0;28.0;27.0;"2025-11-25 04:12:41"
"2025-11-25";"B";"2025-11-25 15:40:00";31.0;57.0;58.0;2.95;3.84;13.52;31.0;59.0;60.0;2.85;6.68;17.15;0.36;36.0;28.0;28.0;25.0;25.0;36.0;36.0;30.0;28.0;27.0;25.0;34.0;33.0;34.0;31.0;29.0;26.0;32.0;37.0;32.0;32.0;29.0;29.0;"2025-11-25 16:44:59"
"2025-11-25";"C";"2025-11-25 23:12:00";27.0;57.3;58.4;3.6;3.1;12.2;28.0;59.0;60.8;2.3;3.7;14.6;36.0;35.0;25.0;24.0;23.0;24.0;35.0;32.0;28.0;26.0;26.0;28.0;32.0;30.0;33.0;30.0;26.0;27.0;31.0;30.0;28.0;27.0;27.0;26.0;"2025-11-25 23:13:59"
"2025-11-26";"B";"2025-11-26 16:09:00";31.0;57.0;59.0;2.72;2.51;10.03;32.0;59.0;61.0;2.31;5.32;15.02;37.0;36.0;29.0;27.0;25.0;25.0;36.0;33.0;30.0;29.0;27.0;26.0;33.0;33.0;34.0;31.0;30.0;27.0;34.0;37.0;32.0;32.0;30.0;29.0;"2025-11-26 16:17:26"
"2025-11-26";"C";"2025-11-26 21:37:00";30.0;59.6;58.9;3.8;3.1;12.5;29.0;57.4;61.6;3.1;3.9;10.9;34.0;35.0;28.0;26.0;24.0;25.0;35.0;34.0;27.0;28.0;26.0;27.0;32.0;34.0;30.0;31.0;29.0;26.0;30.0;34.0;31.0;29.0;28.0;29.0;"2025-11-26 21:41:26"
"2025-11-27";"C";"2025-11-27 20:54:00";31.0;59.3;60.4;3.2;3.9;10.7;30.0;59.8;61.7;2.6;3.8;13.2;36.0;37.0;26.0;24.0;23.0;24.0;35.0;32.0;28.0;26.0;26.0;25.0;32.0;30.0;29.0;28.0;27.0;28.0;32.0;30.0;28.0;29.0;26.0;24.0;"2025-11-27 20:55:47"
"2025-11-28";"B";"2025-11-28 14:19:00";31.0;58.6;61.0;2.27;3.45;10.71;30.0;58.0;60.0;3.21;3.19;15.97;37.0;38.0;28.0;29.0;26.0;26.0;37.0;37.0;30.0;30.0;28.0;28.0;35.0;34.0;35.0;32.0;30.0;28.0;33.0;38.0;32.0;32.0;30.0;28.0;"2025-11-28 14:23:35"
"2025-11-28";"C";"2025-11-28 21:59:00";32.0;58.5;59.3;3.3;3.9;12.1;31.0;58.7;60.5;2.8;3.4;13.6;37.0;39.0;27.0;30.0;26.0;26.0;36.0;36.0;29.0;30.0;27.0;27.0;34.0;36.0;35.0;32.0;29.0;27.0;34.0;38.0;31.0;32.0;30.0;29.0;"2025-11-28 22:00:37"
"2025-11-29";"B";"2025-11-29 13:07:00";32.0;57.0;59.0;3.24;4.79;10.21;32.0;58.8;61.0;2.75;5.25;15.0;36.0;38.0;28.0;29.0;26.0;26.0;37.0;37.0;30.0;30.0;28.0;37.0;34.0;34.0;35.0;32.0;30.0;28.0;33.0;37.0;31.0;32.0;29.0;29.0;"2025-11-29 13:09:57"
"2025-11-19";"B";"2025-11-19 13:28:00";34.0;55.0;61.0;0.0;0.0;0.0;28.0;56.0;60.0;0.0;0.0;0.0;33.0;39.0;28.0;31.0;25.0;26.0;36.0;36.0;28.0;31.0;28.0;27.0;34.0;33.0;35.0;31.0;29.0;28.0;34.0;37.0;31.0;31.0;29.0;29.0;"2025-11-30 01:29:43"
"2025-11-20";"B";"2025-11-20 13:32:00";34.0;47.0;60.0;0.0;0.0;0.0;32.0;45.0;59.0;0.0;0.0;0.0;37.0;39.0;29.0;31.0;27.0;27.0;33.0;34.0;31.0;28.0;28.0;27.0;33.0;33.0;35.0;32.0;30.0;28.0;33.0;37.0;31.0;31.0;30.0;29.0;"2025-11-30 01:33:29"
"2025-11-20";"B";"2025-11-20 13:37:00";32.0;45.0;61.0;0.0;0.0;0.0;33.0;47.0;59.0;0.0;0.0;0.0;36.0;37.0;28.0;30.0;26.0;26.0;36.0;32.0;30.0;29.0;27.0;26.0;33.0;32.0;34.0;31.0;29.0;27.0;36.0;33.0;30.0;32.0;29.0;28.0;"2025-11-30 01:38:36"
"2025-11-22";"B";"2025-11-22 13:48:00";33.0;45.0;61.0;0.0;0.0;0.0;32.0;47.0;60.0;0.0;0.0;0.0;38.0;35.0;27.0;29.0;26.0;26.0;36.0;32.0;30.0;28.0;28.0;26.0;33.0;32.0;34.0;30.0;29.0;27.0;32.0;36.0;30.0;31.0;29.0;28.0;"2025-11-30 01:49:52"
"2025-11-25";"A";"2025-11-25 04:54:00";28.0;41.0;56.0;0.0;0.0;0.0;29.0;44.0;60.0;0.0;0.0;0.0;34.0;33.0;26.0;23.0;21.0;22.0;33.0;30.0;26.0;25.0;24.0;22.0;30.0;29.0;31.0;28.0;25.0;25.0;29.0;34.0;26.0;28.0;26.0;26.0;"2025-11-30 01:55:20"
"2025-11-26";"A";"2025-11-26 05:00:00";28.0;43.0;57.0;0.0;0.0;0.0;28.0;44.0;59.0;0.0;0.0;0.0;32.0;32.0;32.0;25.0;21.0;21.0;32.0;32.0;26.0;27.0;24.0;23.0;30.0;30.0;32.0;27.0;25.0;24.0;29.0;34.0;36.0;28.0;25.0;25.0;"2025-11-30 02:01:08"
"2025-11-29";"C";"2025-11-30 17:02:00";32.0;58.9;59.6;3.1;3.6;10.2;31.0;60.4;61.2;2.9;3.2;9.3;23.0;24.0;25.0;26.0;27.0;28.0;25.0;26.0;26.0;27.0;27.0;27.0;27.0;27.0;30.0;30.0;30.0;31.0;26.0;27.0;32.0;31.0;30.0;32.0;"2025-11-30 17:03:39"
"2025-11-30";"C";"2025-11-30 21:00:00";32.0;57.2;58.2;3.9;2.6;10.2;31.0;57.4;59.6;2.9;3.4;13.1;34.0;36.0;26.0;29.0;24.0;26.0;35.0;35.0;29.0;28.0;26.0;24.0;34.0;34.0;34.0;31.0;29.0;28.0;32.0;34.0;31.0;32.0;27.0;26.0;"2025-11-30 21:02:06"
"2025-12-01";"B";"2025-12-01 13:44:00";28.0;57.5;60.1;2.6;3.1;10.2;30.0;57.9;59.3;3.8;2.5;9.2;33.0;34.0;25.0;24.0;24.0;26.0;34.0;32.0;28.0;26.0;25.0;24.0;31.0;29.0;32.0;30.0;28.0;26.0;29.0;28.0;28.0;27.0;26.0;24.0;"2025-12-01 13:45:13"
"2025-12-02";"A";"2025-12-02 06:30:00";30.0;55.0;59.0;2.35;4.21;10.21;32.0;55.0;57.0;3.15;5.22;14.21;32.0;32.0;20.0;25.0;20.0;21.0;31.0;30.0;29.0;28.0;22.0;22.0;29.0;29.0;28.0;23.0;24.0;25.0;29.0;34.0;24.0;27.0;25.0;24.0;"2025-12-02 06:32:52"
"2025-12-02";"B";"2025-12-02 17:11:00";29.0;57.2;61.5;3.1;2.9;12.3;31.0;58.6;60.2;3.4;3.6;10.2;33.0;35.0;25.0;24.0;23.0;24.0;34.0;32.0;27.0;28.0;25.0;24.0;32.0;30.0;30.0;31.0;26.0;28.0;30.0;29.0;28.0;26.0;27.0;26.0;"2025-12-02 17:12:56"
"2025-12-04";"A";"2025-12-04 07:07:00";30.0;52.0;54.0;3.56;5.03;13.36;31.0;55.0;57.0;4.06;5.84;16.2;30.0;32.0;21.0;24.0;20.0;21.0;31.0;28.0;24.0;23.0;24.0;24.0;28.0;28.0;29.0;27.0;24.0;24.0;26.0;30.0;23.0;26.0;23.0;24.0;"2025-12-04 07:14:10"
"2025-12-04";"B";"2025-12-04 18:12:00";28.0;53.6;58.2;3.9;3.1;10.2;26.0;54.0;57.2;2.3;2.9;10.9;36.0;37.0;28.0;29.0;24.0;26.0;35.0;34.0;30.0;29.0;27.0;27.0;32.0;33.0;32.0;32.0;29.0;25.0;31.0;34.0;31.0;32.0;28.0;27.0;"2025-12-04 18:15:06"
"2025-12-05";"B";"2025-12-05 14:44:00";26.0;54.6;58.9;3.4;2.1;10.1;28.0;55.2;59.5;3.9;3.4;12.5;33.0;31.0;35.0;26.0;22.0;23.0;33.0;34.0;27.0;31.0;30.0;29.0;29.0;30.0;32.0;30.0;26.0;24.0;30.0;32.0;28.0;26.0;26.0;24.0;"2025-12-05 14:46:01"
"2025-12-07";"A";"2025-12-07 05:35:00";25.0;53.3;55.1;2.84;3.82;12.03;25.4;54.2;56.7;3.61;6.22;16.27;32.0;34.0;23.0;24.0;20.0;20.0;32.0;33.0;25.0;23.0;22.0;22.0;29.0;31.0;31.0;37.0;36.0;23.0;37.0;32.0;26.0;28.0;24.0;24.0;"2025-12-07 05:37:37"
"2025-12-07";"B";"2025-12-08 00:44:00";28.0;54.5;57.8;3.2;3.8;10.1;30.0;54.9;58.2;3.3;3.6;12.8;34.0;35.0;24.0;22.0;22.0;21.0;31.0;32.0;25.0;24.0;23.0;22.0;33.0;30.0;31.0;28.0;26.0;23.0;32.0;31.0;26.0;27.0;25.0;24.0;"2025-12-08 00:45:27"
"2025-12-08";"A";"2025-12-08 05:11:00";28.0;53.3;55.4;2.6;3.2;9.6;30.0;54.4;56.9;2.9;3.6;10.5;32.0;33.0;24.0;22.0;19.0;21.0;31.0;32.0;24.0;23.0;23.0;22.0;25.0;26.0;29.0;26.0;24.0;28.0;33.0;30.0;28.0;26.0;24.0;24.0;"2025-12-08 05:12:12"
"2025-12-10";"C";"2025-12-10 23:12:00";27.0;54.1;56.0;2.89;4.6;11.33;27.0;55.6;58.0;3.59;5.78;14.1;32.0;33.0;23.0;24.0;21.0;20.0;33.0;33.0;26.0;26.0;24.0;23.0;29.0;31.0;32.0;27.0;26.0;24.0;29.0;33.0;27.0;27.0;26.0;25.0;"2025-12-10 23:16:24"
"2025-12-10";"A";"2025-12-11 00:44:00";24.0;52.2;53.5;3.2;3.9;12.4;25.0;54.8;57.1;2.9;3.1;10.5;35.0;34.0;24.0;25.0;24.0;23.0;32.0;32.0;32.0;26.0;23.0;22.0;29.0;30.0;26.0;28.0;25.0;26.0;30.0;28.0;27.0;29.0;24.0;24.0;"2025-12-11 00:46:10"
"2025-12-11";"C";"2025-12-11 22:30:00";27.0;54.7;56.0;4.18;5.32;13.88;27.0;55.9;58.0;3.13;4.54;13.26;33.0;34.0;25.0;25.0;23.0;23.0;34.0;34.0;28.0;27.0;25.0;24.0;30.0;31.0;32.0;29.0;26.0;23.0;31.0;30.0;33.0;26.0;27.0;25.0;"2025-12-11 22:33:13"
"2025-12-11";"A";"2025-12-12 01:09:00";31.0;51.9;53.9;3.1;3.7;10.2;29.0;54.2;56.8;3.3;3.1;9.4;29.0;30.0;24.0;22.0;22.0;21.0;32.0;34.0;25.0;25.0;22.0;23.0;31.0;31.0;26.0;28.0;26.0;25.0;28.0;32.0;31.0;27.0;25.0;24.0;"2025-12-12 01:11:12"
"2025-12-12";"A";"2025-12-13 02:37:00";22.0;52.8;54.3;2.5;3.2;10.5;24.0;54.8;57.1;2.9;2.1;12.8;32.0;34.0;25.0;25.0;23.0;24.0;32.0;33.0;24.0;26.0;24.0;25.0;29.0;30.0;30.0;28.0;24.0;24.0;30.0;32.0;24.0;27.0;24.0;24.0;"2025-12-13 02:39:22"
"2025-12-14";"C";"2025-12-14 20:27:00";29.0;55.5;57.0;2.85;5.29;13.39;29.0;56.5;59.0;4.9;5.85;15.82;34.0;37.0;27.0;28.0;25.0;25.0;35.0;36.0;29.0;29.0;26.0;25.0;34.0;34.0;33.0;30.0;28.0;26.0;33.0;35.0;31.0;31.0;30.0;29.0;"2025-12-14 20:29:18"
"2025-12-15";"C";"2025-12-16 16:25:00";25.0;55.2;58.6;2.6;3.1;10.1;30.0;55.6;57.3;2.8;2.3;9.6;33.0;33.0;24.0;28.0;23.0;24.0;34.0;33.0;26.0;30.0;28.0;26.0;30.0;31.0;31.0;29.0;28.0;29.0;31.0;30.0;29.0;30.0;28.0;29.0;"2025-12-16 16:26:13"
"2025-12-16";"C";"2025-12-16 21:13:00";30.0;52.4;54.8;3.8;3.1;10.5;28.0;53.2;56.2;3.1;3.3;8.9;31.0;28.0;24.0;22.0;23.0;22.0;32.0;29.0;26.0;24.0;24.0;20.0;26.0;30.0;25.0;28.0;25.0;23.0;28.0;26.0;27.0;29.0;24.0;24.0;"2025-12-16 21:14:44"
"2025-12-19";"B";"2025-12-19 14:50:00";27.0;54.6;56.0;2.45;7.14;15.09;27.0;51.0;52.0;4.18;4.18;14.62;31.0;33.0;22.0;22.0;20.0;19.0;31.0;32.0;25.0;23.0;21.0;21.0;27.0;30.0;27.0;25.0;23.0;22.0;26.0;29.0;25.0;26.0;23.0;23.0;"2025-12-19 14:53:55"
"2025-12-19";"C";"2025-12-19 20:52:00";26.0;51.8;54.4;3.4;3.1;12.4;25.0;54.8;57.6;2.6;3.7;12.1;31.0;33.0;22.0;22.0;20.0;19.0;30.0;32.0;25.0;23.0;21.0;22.0;26.0;29.0;27.0;25.0;22.0;26.0;27.0;30.0;24.0;26.0;23.0;23.0;"2025-12-19 20:54:37"
"2025-12-20";"C";"2025-12-21 21:46:00";29.0;54.6;56.2;2.5;3.2;10.8;30.0;55.2;58.6;3.9;3.1;12.9;30.0;30.0;28.0;27.0;24.0;22.0;32.0;31.0;30.0;27.0;26.0;24.0;33.0;31.0;32.0;28.0;24.0;26.0;32.0;34.0;31.0;27.0;28.0;24.0;"2025-12-21 21:47:39"
"2025-12-21";"C";"2025-12-21 21:51:00";24.0;54.1;55.4;3.2;3.9;12.5;25.0;55.2;58.3;3.5;3.2;11.2;30.0;34.0;21.0;23.0;21.0;20.0;29.0;30.0;25.0;24.0;23.0;22.0;28.0;29.0;29.0;26.0;26.0;21.0;27.0;28.0;26.0;25.0;25.0;24.0;"2025-12-21 21:52:47"
"2025-12-23";"A";"2025-12-23 06:47:00";26.0;52.0;54.0;2.92;4.06;10.44;25.0;53.0;55.0;3.91;4.76;12.2;30.0;32.0;21.0;20.0;21.0;19.0;29.0;29.0;23.0;2.0;119.0;20.0;25.0;27.0;2.0;724.0;22.0;21.0;25.0;28.0;24.0;24.0;22.0;22.0;"2025-12-23 06:50:18"
"2025-12-23";"A";"2025-12-23 06:47:00";26.0;52.0;54.0;2.92;4.06;10.44;25.0;53.0;55.0;3.91;4.76;12.2;30.0;32.0;21.0;20.0;21.0;19.0;29.0;29.0;23.0;21.0;19.0;20.0;25.0;27.0;2.0;724.0;22.0;21.0;25.0;28.0;24.0;24.0;22.0;22.0;"2025-12-23 06:50:39"
"2025-12-23";"A";"2025-12-23 06:47:00";26.0;52.0;54.0;2.92;4.06;10.44;25.0;53.0;55.0;3.91;4.76;12.2;30.0;32.0;21.0;20.0;21.0;19.0;29.0;29.0;23.0;21.0;19.0;20.0;25.0;27.0;27.0;24.0;22.0;21.0;25.0;28.0;24.0;24.0;22.0;22.0;"2025-12-23 06:51:09"
"2025-12-22";"B";"2025-12-23 09:24:00";22.0;54.4;59.1;2.6;3.4;9.3;25.0;52.6;57.5;2.9;2.4;12.4;30.0;33.0;22.0;23.0;22.0;21.0;28.0;29.0;24.0;24.0;24.0;23.0;26.0;26.0;28.0;26.0;25.0;22.0;27.0;28.0;26.0;28.0;23.0;24.0;"2025-12-23 09:25:25"
"2025-12-23";"B";"2025-12-23 13:34:00";25.0;52.7;55.3;3.2;3.8;11.2;26.0;52.9;58.2;3.6;3.1;10.1;27.0;26.0;18.0;19.0;16.0;18.0;27.0;26.0;22.0;24.0;19.0;20.0;22.0;23.0;25.0;23.0;20.0;22.0;21.0;23.0;19.0;20.0;22.0;21.0;"2025-12-23 13:36:08"
"2025-12-24";"A";"2025-12-24 07:05:00";27.0;53.0;54.0;3.42;3.39;9.36;26.0;53.0;54.0;3.38;4.71;13.22;29.0;32.0;21.0;18.0;19.0;21.0;31.0;32.0;26.0;23.0;22.0;21.0;26.0;28.0;28.0;28.0;23.0;23.0;26.0;30.0;24.0;25.0;23.0;23.0;"2025-12-24 07:07:49"
"2025-12-24";"B";"2025-12-25 12:17:00";27.0;52.3;56.6;3.1;3.6;11.2;28.0;54.1;58.8;3.8;2.6;10.6;32.0;34.0;29.0;26.0;22.0;23.0;30.0;29.0;23.0;25.0;24.0;24.0;29.0;28.0;27.0;28.0;25.0;24.0;28.0;29.0;26.0;29.0;23.0;25.0;"2025-12-25 12:19:07"
"2026-01-01";"A";"2026-01-04 04:43:00";24.0;50.2;52.6;2.3;2.9;11.1;23.0;51.9;58.1;3.2;3.9;9.6;25.0;24.0;16.0;17.0;26.0;19.0;26.0;24.0;22.0;23.0;21.0;23.0;22.0;21.0;18.0;21.0;19.0;22.0;21.0;26.0;19.0;22.0;17.0;18.0;"2026-01-04 04:44:38"
"2026-01-02";"A";"2026-01-04 04:48:00";23.0;51.6;54.1;2.9;2.2;11.4;24.0;54.7;58.8;2.3;2.7;10.1;24.0;30.0;21.0;22.0;20.0;19.0;28.0;29.0;24.0;24.0;21.0;18.0;26.0;28.0;27.0;25.0;22.0;22.0;25.0;31.0;23.0;24.0;23.0;21.0;"2026-01-04 04:49:42"
"2026-01-08";"B";"2026-01-08 16:29:00";25.0;54.0;57.0;3.58;4.94;12.31;24.0;52.0;55.0;3.5;6.82;14.68;30.0;32.0;18.0;21.0;17.0;18.0;32.0;32.0;23.0;23.0;21.0;19.0;29.0;30.0;31.0;24.0;27.0;20.0;28.0;29.0;25.0;23.0;24.0;21.0;"2026-01-08 16:31:38"
"2026-01-06";"C";"2026-01-08 18:23:00";21.0;51.6;53.5;2.9;3.5;10.2;22.0;54.6;57.5;3.2;3.6;11.6;24.0;30.0;18.0;20.0;18.0;18.0;28.0;28.0;19.0;22.0;16.0;16.0;24.0;26.0;23.0;23.0;19.0;20.0;26.0;25.0;22.0;21.0;21.0;19.0;"2026-01-08 18:25:23"
"2026-01-07";"C";"2026-01-08 18:29:00";26.0;54.3;55.6;3.1;3.4;9.6;24.0;52.9;58.2;2.9;3.5;10.6;30.0;32.0;19.0;23.0;19.0;20.0;31.0;31.0;22.0;24.0;21.0;21.0;26.0;32.0;23.0;23.0;23.0;29.0;29.0;28.0;24.0;22.0;22.0;22.0;"2026-01-08 18:31:14"
"2026-01-09";"B";"2026-01-09 14:01:00";26.0;51.0;53.0;3.34;5.19;10.77;24.0;52.0;56.0;2.96;5.8;12.36;30.0;31.0;16.0;20.0;16.0;17.0;30.0;30.0;22.0;22.0;18.0;19.0;27.0;28.0;25.0;23.0;20.0;19.0;26.0;27.0;22.0;22.0;20.0;20.0;"2026-01-09 14:04:46"
"2025-11-28";"A";"2025-11-28 05:16:00";27.0;42.0;55.0;0.0;0.0;0.0;26.0;41.0;59.0;0.0;0.0;0.0;34.0;34.0;23.0;27.0;23.0;27.0;34.0;30.0;26.0;26.0;26.0;26.0;30.0;29.0;32.0;28.0;32.0;28.0;28.0;33.0;25.0;29.0;25.0;29.0;"2026-01-10 02:17:37"
"2025-11-29";"A";"2025-11-29 04:20:00";26.0;41.0;58.0;0.0;0.0;0.0;28.0;42.0;54.0;0.0;0.0;0.0;33.0;33.0;22.0;26.0;23.0;23.0;33.0;30.0;25.0;25.0;23.0;23.0;30.0;29.0;30.0;28.0;25.0;24.0;27.0;33.0;25.0;28.0;25.0;25.0;"2026-01-10 02:21:23"
"2025-11-30";"A";"2025-11-30 05:25:00";26.0;41.0;58.0;0.0;0.0;0.0;29.0;44.0;54.0;0.0;0.0;0.0;34.0;34.0;27.0;23.0;23.0;24.0;34.0;32.0;36.0;26.0;25.0;26.0;31.0;31.0;32.0;29.0;27.0;26.0;28.0;33.0;24.0;29.0;25.0;26.0;"2026-01-10 02:26:51"
"2025-12-01";"C";"2025-12-01 21:33:00";30.0;58.0;43.0;0.0;0.0;0.0;29.0;45.0;59.0;0.0;0.0;0.0;33.0;33.0;25.0;27.0;23.0;23.0;35.0;31.0;26.0;26.0;24.0;25.0;31.0;31.0;32.0;28.0;27.0;25.0;30.0;34.0;28.0;29.0;24.0;26.0;"2026-01-10 02:34:32"
"2025-12-02";"C";"2025-12-02 21:37:00";29.0;43.0;55.0;0.0;0.0;0.0;29.0;44.0;58.0;0.0;0.0;0.0;32.0;31.0;25.0;24.0;23.0;24.0;35.0;33.0;28.0;27.0;26.0;24.0;32.0;32.0;33.0;30.0;28.0;26.0;31.0;35.0;28.0;30.0;28.0;28.0;"2026-01-10 02:38:40"
"2025-12-03";"C";"2025-12-03 21:43:00";29.0;42.0;59.0;0.0;0.0;0.0;28.0;41.0;58.0;0.0;0.0;0.0;36.0;36.0;27.0;28.0;25.0;25.0;36.0;33.0;29.0;29.0;26.0;26.0;33.0;32.0;31.0;3.0;128.0;26.0;32.0;36.0;30.0;30.0;28.0;28.0;"2026-01-10 02:44:32"
"2025-12-05";"C";"2025-12-05 21:48:00";26.0;51.0;55.0;0.0;0.0;0.0;28.0;46.0;56.0;0.0;0.0;0.0;33.0;35.0;25.0;27.0;23.0;22.0;34.0;31.0;27.0;25.0;23.0;23.0;29.0;29.0;32.0;28.0;26.0;25.0;28.0;33.0;27.0;28.0;25.0;25.0;"2026-01-10 02:49:05"
"2025-12-06";"C";"2025-12-06 21:54:00";27.0;42.0;57.0;0.0;0.0;0.0;28.0;44.0;58.0;0.0;0.0;0.0;33.0;32.0;25.0;27.0;23.0;34.0;31.0;27.0;26.0;25.0;23.0;30.0;30.0;33.0;30.0;27.0;25.0;28.0;28.0;33.0;26.0;25.0;25.0;26.0;"2026-01-10 02:55:23"
"2025-12-07";"C";"2025-12-07 21:58:00";26.0;41.0;58.0;0.0;0.0;0.0;27.0;43.0;56.0;0.0;0.0;0.0;34.0;35.0;252.0;8.0;23.0;23.0;34.0;32.0;28.0;27.0;25.0;23.0;30.0;29.0;32.0;29.0;27.0;26.0;30.0;29.0;28.0;29.0;28.0;26.0;"2026-01-10 02:58:59"
"2026-01-09";"B";"2026-01-10 03:19:00";20.0;38.0;56.0;0.0;0.0;0.0;20.0;37.0;52.0;0.0;0.0;0.0;25.0;26.0;18.0;20.0;21.0;21.0;27.0;25.0;20.0;20.0;20.0;20.0;25.0;25.0;22.0;20.0;20.0;21.0;22.0;23.0;18.0;20.0;20.0;18.0;"2026-01-10 03:21:25"
"2026-01-08";"B";"2026-01-08 03:25:00";21.0;41.0;56.0;0.0;0.0;0.0;21.0;39.0;53.0;0.0;0.0;0.0;28.0;28.0;17.0;20.0;20.0;20.0;28.0;27.0;20.0;20.0;20.0;19.0;26.0;26.0;25.0;23.0;20.0;22.0;24.0;24.0;20.0;22.0;20.0;20.0;"2026-01-10 03:26:10"
"2026-01-07";"A";"2026-01-07 03:29:00";20.0;45.0;58.0;0.0;0.0;0.0;20.0;44.0;54.0;0.0;0.0;0.0;28.0;31.0;18.0;20.0;18.0;20.0;30.0;29.0;21.0;21.0;20.0;19.0;27.0;28.0;26.0;23.0;20.0;20.0;25.0;26.0;22.0;25.0;20.0;20.0;"2026-01-10 03:29:49"
"2026-01-04";"B";"2026-01-04 17:35:00";22.0;38.0;55.0;0.0;0.0;0.0;22.0;39.0;56.0;0.0;0.0;0.0;27.0;28.0;19.0;16.0;16.0;29.0;27.0;21.0;21.0;20.0;20.0;26.0;24.0;24.0;22.0;20.0;20.0;20.0;25.0;25.0;21.0;21.0;20.0;20.0;"2026-01-10 03:36:28"
"2026-01-01";"B";"2026-01-01 17:39:00";26.0;42.0;60.0;0.0;0.0;0.0;26.0;42.0;56.0;0.0;0.0;0.0;27.0;28.0;20.0;20.0;17.0;17.0;28.0;25.0;22.0;20.0;20.0;20.0;24.0;24.0;26.0;22.0;21.0;20.0;24.0;26.0;23.0;25.0;21.0;20.0;"2026-01-10 03:40:10"
"2026-01-10";"B";"2026-01-10 14:47:00";29.0;53.0;55.0;2.67;4.51;10.6;27.0;54.0;56.0;2.86;7.33;14.36;31.0;32.0;30.0;22.0;18.0;19.0;33.0;32.0;24.0;24.0;22.0;21.0;29.0;29.0;28.0;25.0;23.0;21.0;29.0;30.0;25.0;25.0;24.0;23.0;"2026-01-10 14:48:50"
"2026-01-08";"C";"2026-01-10 17:17:00";23.0;54.2;53.8;3.9;3.3;13.2;27.0;55.7;56.2;2.9;3.6;12.1;29.0;30.0;20.0;21.0;18.0;19.0;31.0;31.0;22.0;24.0;21.0;18.0;28.0;29.0;31.0;23.0;24.0;21.0;27.0;30.0;24.0;21.0;26.0;20.0;"2026-01-10 17:18:47"
"2026-01-09";"C";"2026-01-10 17:22:00";23.0;52.6;54.1;2.9;3.7;12.8;24.0;54.6;58.2;3.6;3.8;10.9;28.0;30.0;24.0;22.0;18.0;19.0;30.0;28.0;26.0;24.0;22.0;21.0;26.0;24.0;22.0;23.0;18.0;20.0;24.0;22.0;23.0;21.0;20.0;19.0;"2026-01-10 17:24:07"
"2026-01-10";"C";"2026-01-11 21:15:00";25.0;54.3;60.5;3.3;3.4;14.2;26.0;57.3;56.1;2.9;3.9;12.5;31.0;29.0;23.0;24.0;21.0;21.0;30.0;31.0;25.0;26.0;23.0;22.0;28.0;30.0;28.0;27.0;25.0;22.0;27.0;29.0;25.0;26.0;24.0;24.0;"2026-01-11 21:16:29"
"2026-01-11";"C";"2026-01-11 21:20:00";24.0;54.6;56.7;3.9;4.1;10.9;27.0;58.1;60.6;3.1;3.9;14.1;31.0;29.0;26.0;24.0;23.0;22.0;33.0;30.0;29.0;26.0;24.0;22.0;28.0;26.0;24.0;23.0;22.0;24.0;24.0;23.0;21.0;22.0;19.0;20.0;"2026-01-11 21:21:25"
"2026-01-12";"B";"2026-01-12 13:42:00";23.0;51.2;54.7;4.1;3.6;11.3;26.0;53.6;58.9;3.1;3.9;14.2;30.0;28.0;24.0;22.0;22.0;21.0;28.0;30.0;26.0;24.0;18.0;19.0;26.0;24.0;23.0;22.0;20.0;22.0;24.0;22.0;22.0;23.0;21.0;20.0;"2026-01-12 13:43:56"
"2026-01-14";"B";"2026-01-14 13:12:00";22.0;53.3;56.1;3.9;3.1;13.2;26.0;55.5;59.3;4.1;3.5;12.5;30.0;32.0;22.0;21.0;20.0;19.0;32.0;27.0;24.0;22.0;22.0;21.0;27.0;25.0;26.0;25.0;23.0;20.0;26.0;24.0;23.0;24.0;22.0;21.0;"2026-01-14 13:13:55"
"2026-01-15";"A";"2026-01-15 05:18:00";26.0;54.0;57.0;4.93;5.78;12.6;24.0;51.0;53.0;3.64;7.39;15.43;29.0;31.0;20.0;20.0;19.0;16.0;30.0;30.0;22.0;22.0;21.0;19.0;28.0;29.0;27.0;25.0;22.0;20.0;26.0;27.0;23.0;23.0;21.0;21.0;"2026-01-15 05:20:22"
"2026-01-14";"A";"2026-01-15 05:18:00";26.0;54.0;57.0;4.93;5.78;12.6;24.0;51.0;53.0;3.64;7.39;15.43;29.0;31.0;20.0;20.0;19.0;16.0;30.0;30.0;22.0;22.0;21.0;19.0;28.0;29.0;27.0;25.0;22.0;20.0;26.0;27.0;23.0;23.0;21.0;21.0;"2026-01-15 05:20:53"
"2026-01-14";"A";"2026-01-14 05:18:00";26.0;54.0;57.0;4.93;5.78;12.6;24.0;51.0;53.0;3.64;7.39;15.43;29.0;31.0;20.0;20.0;19.0;16.0;30.0;30.0;22.0;22.0;21.0;19.0;28.0;29.0;27.0;25.0;22.0;20.0;26.0;27.0;23.0;23.0;21.0;21.0;"2026-01-15 05:21:19"
"2026-01-09";"A";"2026-01-09 08:37:00";20.0;38.0;56.0;0.0;0.0;0.0;20.0;37.0;52.0;0.0;0.0;0.0;25.0;26.0;20.0;20.0;20.0;20.0;27.0;25.0;17.0;17.0;15.0;14.0;24.0;25.0;22.0;20.0;20.0;20.0;22.0;23.0;20.0;18.0;20.0;20.0;"2026-01-16 19:38:30"
"2026-01-10";"A";"2026-01-10 05:41:00";21.0;40.0;56.0;0.0;0.0;0.0;23.0;38.0;51.0;0.0;0.0;0.0;26.0;27.0;20.0;18.0;20.0;20.0;28.0;27.0;20.0;20.0;20.0;20.0;25.0;24.0;29.0;21.0;20.0;20.0;22.0;23.0;20.0;22.0;17.0;18.0;"2026-01-16 19:42:25"
"2026-01-12";"C";"2026-01-12 21:53:00";25.0;43.0;59.0;0.0;0.0;0.0;24.0;42.0;54.0;0.0;0.0;0.0;20.0;31.0;20.0;22.0;20.0;20.0;32.0;30.0;23.0;22.0;21.0;20.0;28.0;30.0;27.0;26.0;22.0;22.0;27.0;28.0;23.0;24.0;22.0;22.0;"2026-01-16 19:54:30"
"2026-01-13";"C";"2026-01-13 21:57:00";25.0;44.0;60.0;0.0;0.0;0.0;25.0;42.0;56.0;0.0;0.0;0.0;31.0;31.0;22.0;23.0;20.0;20.0;32.0;32.0;25.0;24.0;22.0;20.0;28.0;30.0;27.0;25.0;22.0;21.0;27.0;27.0;22.0;24.0;21.0;22.0;"2026-01-16 19:58:50"
"2026-01-14";"C";"2026-01-14 21:02:00";0.0;0.0;0.0;0.0;0.0;0.0;0.0;0.0;0.0;0.0;0.0;0.0;32.0;34.0;22.0;24.0;20.0;20.0;34.0;34.0;25.0;25.0;22.0;21.0;28.0;32.0;29.0;25.0;26.0;22.0;28.0;28.0;25.0;28.0;22.0;2.0;"2026-01-16 20:03:11"
"2026-01-15";"C";"2026-01-15 20:06:00";26.0;42.0;58.0;0.0;0.0;0.0;22.0;41.0;53.0;0.0;0.0;0.0;26.0;24.0;23.0;22.0;21.0;20.0;29.0;25.0;24.0;23.0;22.0;23.0;25.0;24.0;23.0;24.0;20.0;21.0;22.0;23.0;20.0;21.0;20.0;20.0;"2026-01-16 20:07:42"
"2026-01-16";"B";"2026-01-19 00:29:00";20.0;50.1;54.3;2.2;3.9;10.5;23.0;54.6;58.2;3.4;3.2;12.9;23.0;20.0;14.0;16.0;13.0;15.0;24.0;22.0;17.0;18.0;15.0;16.0;22.0;21.0;20.0;19.0;16.0;15.0;21.0;20.0;17.0;18.0;15.0;16.0;"2026-01-19 00:30:45"
"2026-01-17";"B";"2026-01-19 00:34:00";24.0;53.6;59.6;3.9;3.3;14.2;21.0;52.1;55.9;4.1;3.6;12.5;30.0;26.0;20.0;21.0;19.0;20.0;31.0;30.0;23.0;22.0;21.0;19.0;27.0;26.0;24.0;23.0;22.0;21.0;27.0;27.0;27.0;23.0;23.0;21.0;"2026-01-19 00:35:33"
"2026-01-18";"B";"2026-01-19 00:39:00";26.0;55.6;61.1;3.8;3.2;11.2;23.0;54.3;58.9;3.9;3.5;12.4;32.0;31.0;23.0;23.0;21.0;20.0;30.0;30.0;24.0;25.0;20.0;19.0;28.0;27.0;26.0;24.0;24.0;21.0;27.0;28.0;25.0;26.0;23.0;21.0;"2026-01-19 00:40:45"
"2026-01-19";"B";"2026-01-19 16:12:00";29.0;45.0;62.0;0.0;0.0;0.0;28.0;43.0;60.0;0.0;0.0;0.0;34.0;33.0;24.0;25.0;22.0;21.0;34.0;32.0;27.0;25.0;26.0;24.0;31.0;32.0;30.0;27.0;26.0;23.0;30.0;31.0;27.0;29.0;25.0;24.0;"2026-01-19 16:12:39"
"2026-01-19";"A";"2026-01-20 05:16:00";24.0;52.6;54.5;3.3;3.6;14.1;29.0;56.4;59.1;4.1;3.9;13.6;29.0;32.0;20.0;21.0;18.0;19.0;31.0;24.0;23.0;22.0;23.0;21.0;22.0;24.0;27.0;24.0;22.0;21.0;23.0;22.0;21.0;22.0;20.0;19.0;"2026-01-20 05:17:32"
"2026-01-20";"A";"2026-01-20 05:21:00";22.0;53.7;55.6;3.9;4.2;10.9;26.0;57.1;59.7;3.3;3.8;14.8;28.0;31.0;21.0;22.0;20.0;21.0;30.0;26.0;23.0;24.0;23.0;19.0;23.0;23.0;22.0;23.0;21.0;19.0;24.0;27.0;21.0;26.0;23.0;22.0;"2026-01-20 05:23:17"
"2026-01-20";"B";"2026-01-20 16:15:00";29.0;44.0;62.0;0.0;0.0;0.0;28.0;43.0;60.0;0.0;0.0;0.0;33.0;34.0;25.0;25.0;22.0;22.0;34.0;33.0;27.0;25.0;25.0;22.0;30.0;32.0;31.0;28.0;26.0;24.0;29.0;29.0;28.0;29.0;26.0;24.0;"2026-01-20 16:16:09"
"";"";"";0.0;0.0;0.0;0.0;0.0;0.0;0.0;0.0;0.0;0.0;0.0;0.0;0.0;0.0;0.0;0.0;0.0;0.0;0.0;0.0;0.0;0.0;0.0;0.0;0.0;0.0;0.0;0.0;0.0;0.0;0.0;0.0;0.0;0.0;0.0;0.0;"2026-01-21 13:53:53"
"2026-01-22";"A";"2026-01-22 05:46:00";24.0;51.6;53.5;3.2;3.8;12.1;29.0;51.1;53.7;4.2;3.5;11.6;31.0;34.0;24.0;24.0;24.0;22.0;32.0;33.0;26.0;26.0;23.0;24.0;29.0;32.0;28.0;27.0;25.0;25.0;32.0;30.0;29.0;29.0;24.0;24.0;"2026-01-22 05:47:38"
"2026-01-21";"B";"2026-01-21 17:00:00";30.0;40.0;55.0;0.0;0.0;0.0;31.0;42.0;60.0;0.0;0.0;0.0;33.0;34.0;26.0;26.0;23.0;23.0;33.0;35.0;27.0;26.0;24.0;23.0;32.0;32.0;30.0;27.0;25.0;24.0;30.0;30.0;27.0;30.0;24.0;25.0;"2026-01-22 09:01:27"
"2026-01-22";"C";"2026-01-22 22:48:00";31.0;55.0;56.0;3.38;5.15;10.73;28.0;53.0;55.0;3.13;6.56;13.5;35.0;36.0;24.0;26.0;23.0;22.0;37.0;37.0;29.0;29.0;27.0;24.0;34.0;34.0;33.0;30.0;28.0;25.0;31.0;31.0;27.0;28.0;26.0;26.0;"2026-01-22 22:50:22"
"2026-01-23";"A";"2026-01-23 05:43:00";22.0;51.4;53.5;3.7;3.2;10.5;24.0;51.6;54.2;3.9;3.6;12.2;28.0;24.0;23.0;21.0;20.0;19.0;31.0;26.0;24.0;22.0;19.0;18.0;26.0;24.0;22.0;21.0;20.0;21.0;24.0;23.0;21.0;22.0;19.0;20.0;"2026-01-23 05:44:14"
"2026-01-24";"A";"2026-02-03 09:43:00";24.0;52.3;55.8;2.9;3.3;10.2;26.0;53.6;57.4;3.1;3.9;11.2;35.0;34.0;26.0;24.0;24.0;22.0;37.0;36.0;30.0;28.0;22.0;22.0;38.0;36.0;26.0;27.0;24.0;25.0;38.0;34.0;24.0;28.0;26.0;23.0;"2026-02-03 09:45:28"
"2026-01-30";"C";"2026-02-03 09:51:00";26.0;53.7;55.8;3.3;2.9;9.2;24.0;55.3;58.4;2.6;3.5;10.8;30.0;32.0;22.0;23.0;20.0;21.0;32.0;31.0;24.0;25.0;24.0;23.0;29.0;32.0;26.0;24.0;23.0;22.0;30.0;29.0;25.0;26.0;20.0;24.0;"2026-02-03 09:53:58"
"2026-02-01";"C";"2026-02-03 09:59:00";24.0;54.3;56.7;3.6;3.7;11.1;28.0;57.5;59.6;3.9;2.5;10.8;34.0;36.0;22.0;24.0;21.0;20.0;33.0;34.0;27.0;25.0;25.0;24.0;31.0;32.0;25.0;28.0;29.0;24.0;29.0;31.0;30.0;27.0;27.0;21.0;"2026-02-03 10:00:48"
"2026-02-02";"B";"2026-02-03 10:04:00";29.0;55.2;59.6;3.8;3.5;12.1;26.0;53.3;57.6;2.9;3.5;10.2;28.0;24.0;22.0;21.0;20.0;19.0;33.0;28.0;25.0;23.0;21.0;20.0;29.0;25.0;23.0;24.0;22.0;21.0;28.0;26.0;24.0;22.0;20.0;21.0;"2026-02-03 10:06:24"
"2026-02-03";"B";"2026-02-03 14:33:00";23.0;53.9;56.1;3.4;3.9;9.2;28.0;55.1;58.4;3.1;2.7;10.1;32.0;36.0;26.0;27.0;24.0;25.0;31.0;35.0;26.0;28.0;25.0;24.0;24.0;33.0;32.0;27.0;27.0;26.0;33.0;32.0;28.0;29.0;26.0;25.0;"2026-02-03 14:34:37"
"2026-02-04";"B";"2026-02-04 14:37:00";23.0;52.7;56.9;3.6;3.8;9.2;27.0;54.6;58.9;3.1;2.6;11.5;30.0;34.0;20.0;21.0;19.0;20.0;31.0;29.0;24.0;22.0;21.0;19.0;27.0;28.0;27.0;24.0;22.0;23.0;25.0;26.0;22.0;23.0;22.0;21.0;"2026-02-04 14:38:13"
"2026-02-05";"A";"2026-02-05 03:39:00";25.0;52.0;55.0;3.15;2.99;7.89;26.0;55.0;58.0;2.87;3.25;10.12;21.0;20.0;17.0;25.0;20.0;18.0;23.0;26.0;27.0;28.0;27.0;24.0;23.0;24.0;24.0;27.0;25.0;25.0;25.0;23.0;28.0;25.0;22.0;26.0;"2026-02-06 03:42:41"
"2026-02-06";"A";"2026-02-06 06:16:00";25.0;53.0;55.0;3.18;3.73;9.14;26.0;56.0;58.0;2.35;3.99;8.26;30.0;30.0;23.0;23.0;19.0;19.0;30.0;31.0;23.0;22.0;20.0;18.0;28.0;28.0;26.0;25.0;22.0;21.0;26.0;26.0;23.0;23.0;21.0;22.0;"2026-02-06 06:20:09"
"2026-02-07";"A";"2026-02-07 05:43:00";26.0;52.0;54.0;3.1;4.4;8.02;27.0;53.0;56.0;2.31;5.64;7.26;30.0;33.0;17.0;22.0;16.0;18.0;32.0;32.0;24.0;24.0;22.0;19.0;30.0;31.0;27.0;26.0;23.0;22.0;26.0;27.0;23.0;23.0;22.0;21.0;"2026-02-07 05:45:03"
"2026-02-08";"A";"2026-02-08 06:30:00";26.0;51.9;54.0;3.12;4.12;7.85;26.0;52.4;55.0;2.97;3.87;8.05;34.0;34.0;24.0;25.0;19.0;18.0;31.0;32.0;23.0;23.0;21.0;19.0;28.0;24.0;26.0;25.0;22.0;20.0;26.0;27.0;23.0;23.0;21.0;21.0;"2026-02-08 06:32:11"
"2026-02-05";"B";"2026-02-08 09:31:00";28.0;54.2;58.3;3.1;3.5;11.2;23.0;53.6;56.4;2.6;3.7;10.1;30.0;33.0;20.0;21.0;19.0;20.0;31.0;25.0;24.0;22.0;27.0;24.0;25.0;23.0;27.0;24.0;22.0;21.0;26.0;24.0;22.0;21.0;22.0;20.0;"2026-02-08 09:33:02"
"2026-02-06";"B";"2026-02-08 09:39:00";27.0;52.6;56.2;2.6;3.2;12.4;25.0;53.3;55.6;3.2;3.7;9.5;29.0;31.0;20.0;21.0;19.0;20.0;31.0;28.0;24.0;23.0;21.0;22.0;27.0;23.0;26.0;24.0;22.0;21.0;25.0;24.0;23.0;21.0;22.0;20.0;"2026-02-08 09:40:59"
"2026-02-08";"B";"2026-02-09 05:21:00";24.0;52.3;56.4;3.1;3.6;10.2;26.0;52.6;56.8;2.9;3.1;9.1;30.0;32.0;22.0;24.0;21.0;19.0;32.0;32.0;26.0;25.0;23.0;20.0;29.0;30.0;29.0;27.0;25.0;23.0;32.0;31.0;30.0;28.0;30.0;28.0;"2026-02-09 05:22:20"
"2026-02-09";"A";"2026-02-09 05:25:00";22.0;52.3;54.4;2.8;3.2;11.1;24.0;52.6;55.6;3.2;3.9;10.6;29.0;28.0;21.0;24.0;20.0;21.0;28.0;29.0;26.0;27.0;21.0;21.0;24.0;23.0;25.0;23.0;24.0;23.0;24.0;23.0;22.0;21.0;24.0;22.0;"2026-02-09 05:26:39"
"2026-02-10";"A";"2026-02-10 05:35:00";21.0;53.2;55.2;3.2;3.6;11.2;23.0;54.1;56.1;2.8;3.1;10.3;28.0;33.0;24.0;22.0;21.0;22.0;31.0;29.0;27.0;29.0;23.0;21.0;26.0;24.0;22.0;21.0;23.0;22.0;27.0;25.0;23.0;24.0;22.0;21.0;"2026-02-10 05:37:44"
"2026-02-11";"A";"2026-02-11 05:29:00";24.0;53.7;55.4;3.4;3.1;9.5;25.0;54.1;57.1;3.9;3.3;10.5;30.0;35.0;21.0;22.0;19.0;20.0;33.0;30.0;26.0;24.0;23.0;21.0;28.0;30.0;22.0;24.0;22.0;21.0;28.0;31.0;22.0;24.0;19.0;20.0;"2026-02-11 05:30:58"
"2026-02-19";"B";"2026-02-19 14:54:00";33.0;58.4;61.0;3.55;4.67;9.53;32.0;56.6;60.0;3.63;3.72;10.48;37.0;40.0;28.0;31.0;26.0;27.0;39.0;39.0;33.0;32.0;30.0;28.0;35.0;35.0;35.0;32.0;30.0;28.0;34.0;35.0;32.0;30.0;31.0;28.0;"2026-02-19 14:58:12"
"2026-03-01";"A";"2026-03-01 06:09:00";32.0;57.0;60.0;3.81;3.17;10.72;31.0;58.0;61.0;3.41;2.8;11.72;34.0;38.0;26.0;28.0;24.0;25.0;37.0;37.0;31.0;26.0;27.0;26.0;35.0;35.0;34.0;31.0;30.0;28.0;33.0;34.0;34.0;30.0;30.0;28.0;"2026-03-01 06:11:16"
"";"";"";0.0;0.0;0.0;0.0;0.0;0.0;0.0;0.0;0.0;0.0;0.0;0.0;0.0;0.0;0.0;0.0;0.0;0.0;0.0;0.0;0.0;0.0;0.0;0.0;0.0;0.0;0.0;0.0;0.0;0.0;0.0;0.0;0.0;0.0;0.0;0.0;"2026-04-15 14:47:17"
"";"";"";0.0;0.0;0.0;0.0;0.0;0.0;0.0;0.0;0.0;0.0;0.0;0.0;0.0;0.0;0.0;0.0;0.0;0.0;0.0;0.0;0.0;0.0;0.0;0.0;0.0;0.0;0.0;0.0;0.0;0.0;0.0;0.0;0.0;0.0;0.0;0.0;"2026-04-15 14:47:18"
