Date,Shift,Time,shredR_MtrTemp,shredR_BearTempSite,shredR_BearTempDCS,shredR_VibH,shredR_VibV,shredR_VibA,shredL_MtrTemp,shredL_BearTempSite,shredL_BearTempDCS,shredL_VibH,shredL_VibV,shredL_VibA,M1_InpT,M1_InpM,M1_IntT,M1_IntM,M1_OutT,M1_OutM,M2_InpT,M2_InpM,M2_IntT,M2_IntM,M2_OutT,M2_OutM,M3_InpT,M3_InpM,M3_IntT,M3_IntM,M3_OutT,M3_OutM,M4_InpT,M4_InpM,M4_IntT,M4_IntM,M4_OutT,M4_OutM,timestamp
24-11-2024,A,24-11-2024 02:12,37,51,53,1.1,0.62,1.89,37,52,54,1.1,0.7,1.87,35,39,29,28,26,28,38,36,37,36,28,30,35,36,34,32,29,30,31,30,30,29,30,29,25-11-2024 10:26
24-11-2024,B,24-11-2024 09:26,37,52,54,2.5,1.9,5.9,36,50,56,1.9,2.1,6.2,35,39,29,28,26,28,38,36,37,36,28,30,35,36,34,32,29,30,31,30,30,29,30,30,25-11-2024 10:49
24-11-2024,C,24-11-2024 18:49,38,48,53,1.8,2.5,6.1,37,50,56,2.1,2.6,7.2,36,38,28,29,25,26,40,38,34,30,29,26,35,39,35,35,31,29,33,36,31,32,28,28,25-11-2024 10:51
26-11-2024,A,26-11-2024 05:47,29,52.4,54.2,2.3,2.9,6.9,30,54.2,56.1,2.6,3.2,7.8,31,35,25,27,22,24,36,34,28,30,24,26,30,31,34,32,28,30,26,28,29,27,24,26,26-11-2024 05:52
25-11-2024,C,25-11-2024 18:00,35,48,50,2.3,1.6,6.2,35,46,49,2.2,3.25,5.9,37,35,31,26,27,26,36,37,32,34,29,26,35,38,32,35,30,28,30,35,29,33,27,30,26-11-2024 10:57
25-11-2024,A,25-11-2024 02:00,35,48,50,2.45,2.1,7.3,36,46,52,2.35,3.55,6.3,33,36,27,28,26,28,35,34,29,30,24,26,32,30,32,30,26,28,27,28,26,28,24,26,26-11-2024 11:01
25-11-2024,B,25-11-2024 09:00,37,48,50,2.3,2.1,6.55,37,49,52,2.55,3.12,7.2,36,36,27,28,27,26,34,34,30,28,28,26,33,36,33,34,30,28,32,33,34,31,31,28,26-11-2024 11:04
26-11-2024,B,26-11-2024 13:30,36,39.7,59,2.25,3.75,7.5,32.7,45,55,2.2,3.5,8,38,36,27,28,24,26,38,36,24,26,27,28,33,34,33,32,27,29,29,30,28,30,26,28,26-11-2024 16:33
26-11-2024,C,26-11-2024 00:55,29.3,51,51.2,3.31,3.68,14.51,32.8,56.5,57.6,5.09,5.08,11.19,36,35,31,25,27,26,34,36,32,31,28,26,35,37,34,34,29,27,32,35,30,32,27,29,27-11-2024 01:08
27-11-2024,A,27-11-2024 02:04,36,48,52,2.5,3.1,7.2,36,50,54,2.3,2.95,6.9,31,35,25,27,22,24,36,34,28,30,24,26,30,31,34,32,28,30,26,28,29,27,24,26,27-11-2024 10:07
27-11-2024,B,27-11-2024 10:17,36.6,44,54,2.5,2.7,7.12,40.4,46,59,2.5,3,7.5,33,36,26,26,23,23,38,34,28,27,25,27,33,35,32,31,27,26,30,33,29,29,26,26,27-11-2024 14:26
27-11-2024,A,27-11-2024 01:07,32,51,54,3.2,3,8.2,34,53,56,3.6,3.5,9.2,36,38,30,30,28,29,37,36,29,30,29,27,32,37,30,31,27,28,34,36,30,31,30,30,28-11-2024 01:12
27-11-2024,C,27-11-2024 01:19,34,52.2,55.4,3.6,2.9,8.9,32,53.2,58.3,3.5,3.6,9.3,35,37,26,28,27,25,39,38,32,33,27,32,34,36,31,33,28,26,30,34,28,30,27,28,28-11-2024 01:22
28-11-2024,A,28-11-2024 08:14,30,51.6,53.8,3.5,3.1,9.1,31,52.4,55.1,3.2,3.8,8.5,30,33,22,24,20,22,34,32,25,26,23,24,30,28,29,30,23,24,26,30,24,26,22,24,28-11-2024 08:17
28-11-2024,B,28-11-2024 10:00,36,45,54,2.9,3.7,6.9,39.6,47,59,3,3.5,7,31,35,28,28,25,26,37,34,31,30,25,26,32,33,32,30,27,25,29,33,28,28,25,25,28-11-2024 14:27
29-11-2024,A,29-11-2024 08:26,32,52.1,53.5,3.1,3.6,9.6,33,51.2,54.3,3.4,2.9,8.4,29,28,23,24,22,24,35,29,25,24,23,24,30,29,29,28,24,26,26,28,30,29,23,24,29-11-2024 08:29
29-11-2024,B,29-11-2024 11:00,36.2,44,54.6,2.5,2,7.5,40,47,54.8,2.6,2.5,7.3,33,35,28,29,26,25,38,33,32,28,26,25,33,35,32,30,26,26,29,32,28,30,26,25,29-11-2024 16:24
29-11-2024,C,29-11-2024 22:23,35,49,51,3,5,12.31,31,51,53,4,3,12.14,0,0,0,0,0,0,0,0,0,0,0,0,0,0,0,0,0,0,0,0,0,0,0,0,29-11-2024 22:32
30-11-2024,A,30-11-2024 08:43,32,50.2,52.6,3.3,3.8,8.9,30,49.5,53.4,3.5,3.4,9.5,30,32,23,24,20,22,36,32,26,28,23,24,29,30,30,28,24,26,30,34,24,26,22,24,30-11-2024 08:45
30-11-2024,B,30-11-2024 11:00,35.9,44,54.2,2.2,2.7,7.6,41.7,46,54.2,2.5,2.75,7.65,33,35,28,29,26,25,38,33,32,27,26,25,33,35,32,30,26,25,29,32,28,30,26,25,30-11-2024 16:24
01-12-2024,A,01-12-2024 08:20,30,51.2,53.4,2.9,2.7,9.2,31,52.3,54.2,3.5,2.9,8.1,30,34,23,25,22,24,38,33,26,28,23,25,29,31,29,30,24,26,25,26,24,26,24,26,01-12-2024 08:21
01-12-2024,B,01-12-2024 11:00,36.2,54,44,2.6,1.4,7,38.3,55,46,3,2.5,7.5,32,34,26,26,24,24,38,34,28,29,24,25,33,35,32,33,26,28,30,34,30,30,26,27,01-12-2024 16:17
02-12-2024,A,02-12-2024 03:00,32.9,44,49.9,2.5,3.9,6.9,35.4,45,52.7,2.6,3.75,7.2,32,35,25,25,22,23,39,33,28,26,25,23,32,34,32,31,27,25,28,31,24,26,24,24,02-12-2024 05:45
03-12-2024,A,03-12-2024 02:00,36,44,51,2.3,3.5,6.9,34.54,47,52,2.4,3.6,7,32,35,26,29,22,25,36,34,28,27,25,25,32,35,32,32,27,27,29,33,28,30,26,26,03-12-2024 08:26
04-12-2024,A,04-12-2024 02:00,36.7,44,54,2.7,3.1,7.6,36.2,46,55.5,2.6,2.9,7.2,33,35,28,27,26,25,37,32,31,28,29,25,32,34,30,32,29,26,27,32,24,30,24,26,04-12-2024 08:18
04-12-2024,C,04-12-2024 16:32,37,51.9,55.6,3.1,3.8,12.14,37,52.4,55.7,3.7,3.4,12.69,34,39,28,22,25,27,38,336,31,29,27,26,35,37,33,34,32,28,32,35,30,32,28,30,04-12-2024 16:44
05-12-2024,A,05-12-2024 03:00,34,43,49,0,0,0,35,45,51,0,0,0,28,32,26,30,26,25,33,30,32,32,28,29,39,36,32,30,28,26,35,37,29,27,26,25,05-12-2024 05:50
05-12-2024,B,05-12-2024 10:43,34,52.1,54.6,4.5,4.7,11.66,39,53.9,54.9,3.2,3.7,11.74,35,35,29,28,26,25,40,36,31,29,27,24,35,37,33,31,29,27,31,35,31,38,36,29,05-12-2024 16:50
06-12-2024,A,06-12-2024 02:00,33.9,49,51,0,0,0,34.5,50.6,53,0,0,0,32,35,26,29,22,26,36,33,31,27,25,24,32,34,32,31,26,25,26,30,24,29,23,25,06-12-2024 08:29
06-12-2024,B,06-12-2024 10:36,37,50.2,52,3.65,3.99,9.38,39,2.41,54,2.43,2.43,9.86,34,33,32,28,27,26,38,35,34,30,29,28,35,37,38,33,32,34,31,34,30,37,28,28,06-12-2024 16:43
06-12-2024,C,06-12-2024 23:25,30,49.5,51.6,2.9,3.2,11.1,31,50,52.2,3.5,3.8,9.5,31,35,24,25,23,24,34,36,27,28,24,26,30,34,32,31,26,28,27,30,26,28,24,26,06-12-2024 23:26
07-12-2024,A,07-12-2024 04:00,32.9,44,49,0,0,0,35.4,45,51,0,0,0,30,32,24,23,20,20,34,31,25,26,22,22,30,32,29,30,24,23,26,29,22,28,22,28,07-12-2024 06:45
07-12-2024,C,07-12-2024 23:48,31,52.2,51.3,3.2,3.5,9.6,30,51.5,53.2,3.5,3.1,11.2,30,34,24,26,24,23,37,33,26,28,23,25,30,34,28,30,26,28,28,30,26,29,25,27,07-12-2024 23:50
08-12-2024,A,08-12-2024 04:00,33.5,44,48.6,0,0,0,34.2,46,50.4,0,0,0,30,33,25,26,20,20,36,33,28,28,23,24,30,30,28,31,26,27,25,30,23,29,23,25,08-12-2024 06:24
08-12-2024,C,08-12-2024 23:23,30,52.4,53.1,2.9,3.8,10.5,31,51.8,54.2,3.4,3.7,11.5,31,35,25,26,21,23,36,34,26,28,23,25,30,34,29,30,25,27,29,32,26,28,24,26,08-12-2024 23:25
09-12-2024,A,09-12-2024 05:53,34.3,47.8,50.4,1.6,1.93,6.2,30.2,50,52.7,1.4,2,7.1,32,31,27,23,21,21,36,32,26,26,23,22,31,33,30,25,25,23,29,32,30,27,26,25,09-12-2024 06:02
09-12-2024,B,09-12-2024 16:09,32,52.5,53.4,3.2,3.6,9.1,32,51.1,54.2,2.9,3.5,11.4,31,35,25,26,22,24,36,34,27,28,24,25,31,34,29,30,25,26,28,31,28,29,26,25,09-12-2024 16:11
09-12-2024,C,09-12-2024 18:00,34.3,44,49.3,0,0,0,35.6,46,50.9,0,0,0,32,32,25,24,22,22,35,30,25,23,24,22,30,33,28,30,24,23,28,32,25,27,24,23,09-12-2024 21:00
10-12-2024,A,10-12-2024 08:28,29,45.6,49.8,3.4,2.9,11.2,27,49.8,52.4,3.1,3.3,9.8,28,27,23,21,18,18,34,31,25,27,22,21,30,33,25,26,23,22,28,31,27,24,20,21,10-12-2024 08:31
10-12-2024,B,10-12-2024 16:49,32,50.1,52.3,2.5,2.9,9.11,29,51.2,53.4,2.9,3.1,11.1,28,27,23,21,18,20,34,31,25,26,22,27,30,38,25,28,24,26,30,34,30,29,24,27,10-12-2024 16:50
10-12-2024,C,10-12-2024 22:00,36.6,44,49.6,2.2,1.9,6.3,40.4,45,51,2.3,2.3,7.2,30,31,23,25,21,22,32,34,26,28,23,25,29,30,28,29,23,24,28,30,24,26,23,25,10-12-2024 22:45
11-12-2024,A,11-12-2024 02:41,27,46.4,48,3.51,4.21,8.42,26,50.2,52.9,3.67,2.9,11.73,28,30,25,22,22,19,32,31,24,23,20,20,29,32,25,28,23,21,25,29,27,22,22,20,11-12-2024 08:47
14-12-2024,C,14-12-2024 18:00,33,48,51.5,2.2,2.1,7.2,36.2,51,52.8,2.4,2.8,6.9,31,35,25,25,22,21,31,35,26,27,23,21,29,33,29,30,24,23,27,30,24,26,23,22,14-12-2024 22:31
15-12-2024,C,15-12-2024 20:00,32,45,50,0,0,0,35,46,53,0,0,0,31,33,24,25,21,21,32,33,26,26,22,21,29,32,28,29,24,23,26,29,25,26,23,22,15-12-2024 22:40
16-12-2024,A,16-12-2024 05:49,32,47.8,49,4.41,6.5,14.36,34,49.7,51,3.96,4.72,16.59,28,30,25,22,22,19,32,30,24,23,20,20,29,32,25,28,23,21,25,29,27,24,22,20,16-12-2024 09:03
16-12-2024,C,16-12-2024 20:00,33,44,50,0,0,0,34.3,46,51.6,0,0,0,34,33,26,25,23,22,36,33,28,27,24,24,34,37,31,32,26,25,32,34,29,30,27,27,16-12-2024 21:57
17-12-2024,A,17-12-2024 06:03,29,51.2,49.8,3.1,2.5,9.6,31,52.5,50.2,3.6,3.4,11.2,29,32,22,24,18,19,32,30,23,24,21,22,33,34,26,24,22,24,34,36,30,31,30,28,17-12-2024 06:05
17-12-2024,B,17-12-2024 20:00,34.8,44,55,2.3,2.1,7.2,37.4,45,55.5,2.1,2.3,7,31,34,23,24,20,22,34,32,27,25,23,22,31,33,29,30,24,23,28,31,28,29,24,24,17-12-2024 16:20
17-12-2024,C,17-12-2024 22:43,32,49.3,53.7,3.48,4.06,9.3,34,51.2,51.7,3.34,3.08,11.46,30,32,27,25,23,22,36,33,28,27,25,23,33,33,30,30,25,25,29,31,27,29,26,26,17-12-2024 23:49
18-12-2024,A,18-12-2024 06:05,30,46.7,50.1,3.5,2.5,9.6,31,49.5,52.8,3.1,2.9,11.2,33,34,29,28,26,24,38,37,30,31,24,25,36,34,30,28,26,29,38,36,30,26,26,25,18-12-2024 06:07
18-12-2024,B,18-12-2024 20:00,34.4,44,54.7,2.3,3.1,6,36.5,45,55,2.1,2.9,5.7,34,36,28,29,26,24,35,36,28,29,27,26,33,35,32,31,27,26,30,33,30,32,27,27,18-12-2024 14:47
18-12-2024,C,18-12-2024 19:56,29,50.8,52.6,4.04,4.1,14.23,27,52.2,52.6,3.65,5.92,11.97,32,34,25,25,22,23,35,35,28,27,26,23,34,34,30,32,26,25,30,32,28,28,27,26,18-12-2024 22:03
19-12-2024,B,19-12-2024 14:00,34.4,43,54.7,2.4,3.8,7.3,36.5,44,55,2.6,3.9,7.5,30,32,25,26,20,20,34,33,26,25,23,24,31,33,29,28,24,23,27,31,28,26,23,22,19-12-2024 16:21
19-12-2024,C,19-12-2024 18:27,30,49.9,52,3.81,4.18,13.38,26,51.6,54.4,3.52,4.95,9.04,34,33,26,25,26,23,36,34,28,27,25,24,33,35,30,30,27,24,30,32,28,29,29,27,19-12-2024 21:32
20-12-2024,A,20-12-2024 08:24,29,50.2,52.1,2.8,2.7,9.5,31,46.7,53.1,3.6,2.9,11.2,30,33,24,26,27,29,32,34,26,28,29,26,33,33,28,26,26,24,34,35,26,28,30,28,20-12-2024 08:25
20-12-2024,B,20-12-2024 14:00,35.4,44,54.7,2.5,3,6,40.2,45,55.1,2.3,2.9,6.2,30,34,23,24,20,20,32,32,25,25,22,22,31,33,28,28,23,23,27,30,26,28,23,23,20-12-2024 16:31
20-12-2024,C,20-12-2024 19:17,30,49.9,52.6,3.72,3.52,11.33,27,51.6,54.1,3.62,5.11,10.36,35,34,29,27,25,24,37,35,29,27,25,25,34,36,31,32,23,25,30,33,30,28,28,25,20-12-2024 21:22
21-12-2024,B,21-12-2024 14:00,32.1,44,50,2.9,3,6.5,34.1,45,51.2,2.8,2.8,6.9,30,33,23,24,24,21,32,32,25,26,22,23,31,33,287,28,23,23,26,30,23,27,28,23,21-12-2024 16:32
22-12-2024,B,22-12-2024 14:01,31,44,47.6,2.6,2.75,5.6,29.6,45,49.5,2.5,2.9,6,30,32,27,25,23,22,36,33,28,27,25,23,33,33,30,30,25,25,29,31,27,29,26,26,23-12-2024 05:21
23-12-2024,A,23-12-2024 05:25,29.6,42,46,2.9,3.1,7,31,43,47,2.8,3,6.8,29,31,2,121,18,18,31,29,23,22,21,19,29,30,27,22,21,25,24,28,23,24,22,24,23-12-2024 05:26
23-12-2024,B,23-12-2024 10:30,31,51.6,54,1.51,4.14,12.09,28,51.9,54,1.32,0.76,11.12,34,36,27,26,24,23,36,35,29,27,25,24,33,36,32,31,27,24,32,34,30,28,28,25,23-12-2024 16:36
24-12-2024,A,24-12-2024 02:00,30,43,48,0,0,0,31,44,50.6,0,0,0,32,33,24,26,21,22,34,34,26,25,23,22,31,33,29,30,24,22,28,31,26,26,24,24,24-12-2024 06:25
25-12-2024,B,25-12-2024 10:20,31,49.8,53.7,3.97,4.72,9.9,28,52.8,54.2,4.6,3.7,13.66,34,33,27,25,26,24,38,35,27,28,28,25,34,35,28,32,27,25,31,33,31,29,28,27,25-12-2024 16:24
25-12-2024,A,25-12-2024 04:00,33.2,44,49.9,2.7,3,7.5,36.8,45.5,52,2.9,3.2,8,28,31,21,23,17,17,33,31,29,23,20,20,29,32,27,27,22,21,26,29,29,25,22,22,26-12-2024 06:30
26-12-2024,A,26-12-2024 04:00,34.2,44,50,2.9,3.5,7.5,33,45,54,3,3.4,7.9,29,30,23,24,20,20,32,31,26,25,22,21,32,32,29,28,25,24,26,28,26,27,24,26,26-12-2024 06:36
26-12-2024,C,26-12-2024 23:37,39.6,49.9,51,0,0,0,35.4,53.3,55,0,0,0,37,36,35,31,28,29,39,34,36,28,32,26,34,35,35,32,32,31,31,34,32,31,31,30,26-12-2024 23:38
27-12-2024,A,27-12-2024 05:29,36.2,45,50,0,0,0,34.2,46,52,0,0,0,36,34,31,37,28,29,38,36,34,27,30,24,34,34,35,30,31,39,30,33,30,29,31,27,27-12-2024 05:29
27-12-2024,B,27-12-2024 10:28,32,50.7,54,3.37,4.47,12,29,52.2,54.6,3.63,3.22,11.89,35,39,30,28,25,24,37,37,29,28,26,25,35,36,33,32,28,26,32,34,30,31,28,29,27-12-2024 16:30
28-12-2024,A,28-12-2024 05:38,35.4,48,44,0,0,0,40.2,49.9,45,0,0,0,32,36,25,26,22,23,36,35,27,27,24,23,32,34,27,28,25,24,29,32,27,28,25,25,28-12-2024 05:39
29-12-2024,A,29-12-2024 05:55,31.5,44,51,0,0,0,35.6,45,52.2,0,0,0,31,33,24,28,21,20,35,33,27,28,24,23,32,34,30,29,25,24,29,31,27,28,25,25,29-12-2024 05:56
28-12-2024,A,28-12-2024 16:00,33,44,50,0,0,0,34.2,46,52,0,0,0,31,3,0,0,0,0,0,0,0,0,0,0,0,0,0,0,0,0,0,0,0,0,0,0,29-12-2024 06:01
28-12-2024,C,28-12-2024 16:00,33.4,45,50,0,0,0,36.3,46,52,0,0,0,31,35,25,27,22,23,35,34,26,27,24,22,32,33,27,26,25,24,2831,27,28,25,24,24,29-12-2024 06:02
29-12-2024,B,29-12-2024 10:15,31,50.8,54.6,3.29,5.28,9.46,29,53.3,56.3,5.05,3.22,11.03,34,34,28,28,26,25,39,36,29,28,27,25,35,36,32,32,29,27,32,35,30,32,29,27,29-12-2024 15:15
30-12-2024,A,30-12-2024 06:22,36.2,44,50,0,0,0,35.1,45,51.9,0,0,0,31,30,24,24,22,21,36,32,27,25,24,22,31,33,29,29,25,23,28,30,26,27,24,25,30-12-2024 06:23
29-12-2024,C,29-12-2024 16:00,32.3,44,51,0,0,0,34.2,45,52.2,0,0,0,33,34,27,26,26,25,29,37,28,29,24,25,35,36,31,32,26,27,32,34,30,24,25,28,30-12-2024 06:27
31-12-2024,A,31-12-2024 03:25,29,47.4,49.7,4.4,4.17,13.46,27,51.2,54.3,3.76,4.18,9.55,32,35,23,23,21,20,32,31,25,24,22,22,30,35,27,29,23,22,29,31,28,27,22,22,31-12-2024 09:08
01-01-2025,A,01-01-2025 05:30,28,48.5,50.1,4,3.29,10.28,25,51.4,54,4.15,3.79,9.28,29,29,21,21,20,18,31,30,24,23,21,19,28,30,26,28,22,22,27,29,24,24,23,22,01-01-2025 06:33
02-01-2025,A,02-01-2025 05:42,28,47.8,49.8,3.81,2.83,9.9,25,52,54.6,3.38,4.56,8.55,30,31,20,21,19,19,31,30,23,23,21,19,29,31,27,27,20,20,30,33,28,29,28,29,02-01-2025 05:48
02-01-2025,C,02-01-2025 21:18,35.2,42,53,2.6,3.8,6.9,36.2,44,54.2,2.5,3.7,7,27,30,21,20,19,19,30,30,21,21,19,18,27,30,25,25,20,19,23,27,22,24,20,20,02-01-2025 21:20
01-01-2025,C,01-01-2025 18:00,33.5,43,51,2.6,4,8.2,34.2,44,53,2.7,3.8,8.6,29,31,22,24,20,21,31,32,24,26,22,22,30,32,28,29,24,23,26,30,26,26,24,24,02-01-2025 21:25
31-12-2024,C,31-12-2024 21:30,32.2,43,52,0,0,0,33,44,54,0,0,0,23,33,21,20,19,32,32,25,24,22,20,28,30,27,26,23,21,27,30,23,22,21,23,23,02-01-2025 21:31
07-01-2025,B,07-01-2025 14:28,33.1,42,52.2,2.5,2.3,5.9,35.1,43,53.9,2.4,2.6,6,23,29,30,31,35,27,27,26,22,23,34,22,25,24,23,22,22,21,24,29,25,23,32,29,07-01-2025 14:31
06-01-2025,B,06-01-2025 14:34,30,43,52,2.8,2.6,5.9,32,44,53.2,2.7,2.5,6.2,31,30,23,22,20,20,34,29,24,23,22,20,30,31,26,27,23,22,22,23,24,26,29,28,07-01-2025 14:35
05-01-2025,C,05-01-2025 18:00,31,44,53,2.9,3,5.09,34.2,45,54,2.8,3.1,5.2,27,19,20,18,18,18,34,29,23,18,19,18,29,30,26,27,22,25,29,27,23,26,26,20,07-01-2025 14:42
04-01-2025,C,04-01-2025 18:45,32.5,42,52,2.9,3,5.9,33.5,43,53,2.6,2.7,5.4,26,29,18,21,32,28,20,19,18,17,18,17,26,29,23,25,19,20,23,26,23,23,20,20,07-01-2025 14:46
07-01-2025,C,07-01-2025 18:55,28,50.8,53.3,3.69,4.08,13.76,26,51.4,54.2,3.45,4.74,9.69,30,29,23,23,20,19,35,30,24,24,21,20,30,32,27,29,22,22,27,29,25,25,22,22,07-01-2025 21:56
08-01-2025,B,01-01-2025 13:15,33,49.7,53.7,3.92,3.78,12.51,29,50.7,54.7,3.3,5.31,11.14,31,34,23,24,20,20,34,33,25,24,22,22,28,31,27,24,23,21,26,29,26,26,21,21,08-01-2025 16:31
09-01-2025,B,09-01-2025 14:14,34.9,42,55,2.9,3.4,5.6,35,44,57.2,2.7,2.7,5.9,24,32,21,18,18,19,32,31,23,20,20,19,28,30,25,21,21,20,24,28,22,20,20,20,09-01-2025 14:16
09-01-2025,C,09-01-2025 19:14,28,50.6,53.2,3.83,3.61,12.23,24,52.8,54.2,3.51,5.76,10.23,31,35,24,25,21,21,35,32,26,25,23,21,29,31,28,27,23,22,27,29,25,24,24,23,09-01-2025 22:18
10-01-2025,B,10-01-2025 14:35,34.2,42,50,2.3,3.1,6,36.2,44,51.6,2.6,3,5.9,31,34,23,22,20,21,34,32,24,23,21,20,31,32,26,26,23,20,26,29,23,25,21,21,10-01-2025 14:36
10-01-2025,C,10-01-2025 18:05,28,50.5,52.6,3.19,3.48,12.25,26,53.3,55.9,3.63,5.42,9.78,31,29,23,21,19,18,34,32,24,25,22,21,30,32,28,23,22,22,28,31,26,26,24,23,10-01-2025 22:08
12-01-2025,C,12-01-2025 18:32,29,51,53.3,4.21,4.38,14.9,26,54,56.6,3.59,4.91,9.39,33,34,24,25,21,23,35,32,26,26,22,23,31,32,29,28,26,24,29,32,26,26,25,25,12-01-2025 22:35
13-01-2025,B,13-01-2025 10:30,30,53,56,3.97,4.03,14.58,34,54,57.9,3.52,4.57,9.6,34,32,27,26,24,22,36,33,27,26,25,22,32,34,29,31,25,24,30,33,29,28,26,26,13-01-2025 16:40
14-01-2025,B,14-01-2025 10:52,28,50.6,53,3.74,3.74,11.45,25,52.6,56,3.5,5.11,9.42,31,31,24,23,21,21,33,30,27,24,24,21,30,31,27,28,24,22,28,29,26,26,23,24,14-01-2025 14:56
11-01-2025,B,11-01-2025 14:00,34,42,51,3,3.6,5.9,33,44,52,2.9,3.5,6.2,33,37,27,26,26,23,25,36,34,27,27,24,23,31,34,29,30,25,26,32,28,29,26,25,15-01-2025 05:12
12-01-2025,B,12-01-2025 14:00,34,44,51,3,4,6,33,45,52.2,2.8,3.5,6.2,33,36,26,27,23,24,35,33,26,28,23,24,31,32,28,29,25,24,28,31,27,29,25,24,15-01-2025 05:16
13-01-2025,A,13-01-2025 05:22,35,42,50,2.5,3,5.7,34,43,51.2,2.9,3.1,6.2,31,33,23,23,21,20,33,29,23,23,20,20,28,31,26,27,22,21,26,28,22,25,22,22,15-01-2025 05:23
14-01-2025,A,14-01-2025 05:26,31,42,49,2.9,3.2,7,30.8,44,50.8,3,3.6,7.8,30,33,23,23,20,22,32,32,24,24,22,23,28,31,26,26,23,22,26,29,23,26,23,23,15-01-2025 05:27
15-01-2025,A,15-01-2025 08:22,34.2,42,51,3.6,4.2,7,33.2,43,52,3.7,4,7.2,30,33,22,23,18,19,33,31,24,26,22,21,29,31,27,28,23,22,26,29,25,27,23,23,15-01-2025 08:24
16-01-2025,B,16-01-2025 11:39,26,50,51.9,3.22,3.01,10.41,24,53.4,56.6,2.87,4.31,8.62,29,30,21,22,20,20,31,29,23,23,21,19,28,30,26,27,23,20,26,27,24,24,22,22,16-01-2025 14:41
20-01-2025,A,20-01-2025 06:00,32.2,49.8,45,0,0,0,33.2,53.2,46,0,0,0,31,29,22,22,20,18,31,29,25,24,21,18,28,31,26,28,21,21,26,28,25,25,24,23,20-01-2025 09:10
19-01-2025,A,20-01-2025 07:00,32.2,42,49,0,0,0,34.2,43,50,0,0,0,28,31,22,22,17,19,30,29,23,23,19,20,27,23,25,26,21,20,26,27,21,21,20,21,20-01-2025 09:14
23-01-2025,A,23-01-2025 03:30,25,47.7,48.5,3.49,5.62,9.26,23,51.1,54,3.76,4.19,12.37,29,28,26,20,17,17,29,28,22,21,19,18,27,29,24,26,20,18,25,28,24,24,21,19,23-01-2025 06:29
24-01-2025,C,24-01-2025 21:09,34.3,45,50,2.6,2,6.2,35.6,46,51.6,2.3,2.2,6.7,33,35,27,27,23,23,35,34,28,28,24,24,30,33,29,29,25,26,28,31,28,28,25,25,24-01-2025 21:11
23-01-2025,C,23-01-2025 21:13,33.2,42,51,2.5,2.7,6.8,34.2,46,52.2,2.7,2.8,6.5,31,33,24,26,21,23,32,30,25,25,20,21,29,31,27,28,23,22,27,30,25,27,24,23,24-01-2025 21:15
22-01-2025,C,22-01-2025 21:19,34,42,51,2.7,3,6.2,33.2,45.2,52.5,2.5,2.8,5.9,30,32,22,22,19,19,31,28,24,22,21,19,28,30,26,27,21,21,26,31,24,25,23,21,24-01-2025 21:21
21-01-2025,C,21-01-2025 21:23,32.9,44,51.6,2.7,3.1,5.9,33.4,46,52.5,2.8,2.9,6.1,32,34,28,26,25,24,32,32,27,27,24,23,28,31,27,27,25,24,26,28,25,26,23,22,24-01-2025 21:25
24-01-2025,A,25-01-2025 03:00,28,46.5,51,3.07,4.65,9.26,30,50.8,54,3.15,3.85,12.26,28,29,24,21,19,18,30,30,22,22,21,19,28,30,26,26,21,20,26,28,25,25,24,22,25-01-2025 05:14
25-01-2025,C,25-01-2025 23:15,34.2,45,51,0,0,0,33.6,46.8,0,0,0,0,0,0,0,0,0,0,0,0,0,0,0,0,0,0,0,0,0,0,0,0,0,0,0,0,25-01-2025 23:16
25-01-2025,C,25-01-2025 23:16,34.5,44,51.2,2.9,3.1,6.2,33.5,46.8,52.5,2.8,2.9,6,30,35,26,26,22,23,31,33,27,28,24,24,30,33,30,29,25,24,28,31,27,28,25,25,25-01-2025 23:17
27-01-2025,C,27-01-2025 18:00,31,49.9,52,3.25,4.99,8.75,28,52.1,55,6.8,3.05,10.4,31,33,25,25,21,20,32,32,26,26,22,22,29,32,28,27,23,24,25,29,25,27,22,22,27-01-2025 21:14
29-01-2025,C,29-01-2025 19:30,31,54.5,55.6,4.73,4.15,10.64,28,54.2,56,3.15,4.85,9.41,36,35,28,27,25,23,36,34,29,28,26,24,33,35,32,31,27,25,32,33,30,29,29,25,29-01-2025 20:43
30-01-2025,C,30-01-2025 20:36,31,54.5,54.5,2.88,5.16,9.34,28,54.5,54.5,3.17,3.84,9.95,35,35,28,27,25,23,35,34,28,28,26,24,33,34,31,32,26,25,30,33,29,28,27,26,30-01-2025 21:38
31-01-2025,C,31-01-2025 20:14,28,54.6,55,3.15,3.96,10.54,26,54.8,56,3.5,3.36,10.16,35,35,27,28,24,24,35,35,29,28,26,24,33,35,31,33,26,26,31,33,29,29,26,27,31-01-2025 22:16
02-02-2025,C,02-02-2025 20:25,28,54.2,55.9,3.3,2.99,8.5,26,54.9,57.1,2.77,3.27,8.24,36,37,27,26,24,24,35,36,30,29,26,26,35,36,32,33,27,27,32,33,29,29,27,27,02-02-2025 23:04
03-02-2025,B,03-02-2025 14:10,32,54.6,58,3.46,4.04,12.48,29,54.9,58.2,3.09,3.77,11.39,35,36,29,28,25,25,37,35,30,29,27,25,35,36,32,33,28,27,34,32,34,30,28,28,03-02-2025 16:46
29-01-2025,B,29-01-2025 13:29,33,42,50.6,3,2.1,6,36,44,51.5,3.1,2,5.9,34,35,26,26,23,22,34,31,26,26,24,22,31,33,29,29,35,23,30,29,28,26,26,24,04-02-2025 05:31
30-01-2025,B,30-01-2025 22:00,32.8,46,51.5,2.6,3,6,34.8,47,52.8,3,2.9,6.2,34,35,26,26,27,22,34,31,26,26,24,22,31,33,29,29,34,23,30,29,28,26,26,24,04-02-2025 05:35
31-01-2025,B,31-01-2025 13:00,35.2,45,50,2.6,3.5,5.6,34.5,47,51.5,2.8,2.9,6,34,35,26,26,27,22,34,31,26,26,24,22,31,33,29,29,34,23,30,29,28,26,26,24,04-02-2025 05:42
01-02-2025,B,01-02-2025 13:00,32.5,46,51,2.5,3,6,34,48.2,52,2.5,2.9,5.6,35,38,29,27,25,24,35,34,30,27,26,24,33,35,31,31,27,25,30,33,30,28,28,26,04-02-2025 05:49
02-02-2025,B,02-02-2025 17:00,34.2,47,51,2.5,3,6.5,36,48,52.2,2.4,3.1,7,36,36,29,28,26,26,35,34,30,29,27,28,35,36,32,33,28,27,3,131,30,30,28,27,04-02-2025 05:55
03-02-2025,A,03-02-2025 05:58,33.2,45,51,2.8,3,5.9,34,47,52.8,2.6,2.9,6,31,30,21,23,20,21,30,31,23,23,22,21,29,31,26,28,23,23,23,27,22,23,21,22,04-02-2025 05:59
04-02-2025,A,04-02-2025 06:02,33.2,45,50,2.5,3,5.8,34,47,51,2.6,2.9,6,32,33,25,25,22,23,33,34,27,28,24,24,32,34,30,31,26,27,27,31,26,28,25,26,04-02-2025 06:03
04-02-2025,B,04-02-2025 14:30,30,54.3,56.8,3.49,3.59,12.51,28,54.4,56.5,2.91,3.33,10.3,36,36,30,27,26,25,36,36,29,29,27,26,36,38,32,34,27,27,30,34,31,29,29,27,04-02-2025 14:32
05-02-2025,B,05-02-2025 13:50,32,56,56.5,2.91,3.83,10.03,28,55.8,56.8,2.91,3.83,12.51,36,36,30,27,26,25,36,36,29,29,27,26,36,38,32,34,27,27,30,34,31,29,29,27,05-02-2025 16:56
09-02-2025,A,09-02-2025 05:35,34.2,46,50,2.6,3.5,6,33,47,51,2.5,3.5,6.2,29,31,24,23,19,20,32,33,28,26,23,23,29,31,28,28,23,24,25,29,22,29,23,22,09-02-2025 05:36
08-02-2025,A,08-02-2025 05:38,34,45,51,2.7,3.9,6.9,33,47,51.5,2.8,4,7.1,30,32,23,23,19,22,32,33,27,27,23,23,29,32,28,29,24,24,24,28,22,27,21,23,09-02-2025 05:40
07-02-2025,A,07-02-2025 05:44,33.5,45,50.5,2.9,3.1,6.7,34,46,52,3,3.5,7.2,31,33,24,25,20,20,32,32,26,26,22,21,29,32,29,29,24,24,23,27,23,27,21,23,09-02-2025 05:45
06-02-2025,A,06-02-2025 05:48,34.1,44,50.2,2.9,3.5,7.1,33.9,46,52,3.1,3.5,7.2,30,32,21,23,20,20,31,29,24,23,21,20,28,30,27,29,23,23,23,27,22,24,21,20,09-02-2025 05:49
05-02-2025,A,05-02-2025 05:53,34.2,45,51,2.5,3.8,7,34.5,47,52,2.9,3.9,6.8,30,34,25,28,23,23,33,34,25,26,24,24,31,33,28,30,24,24,25,28,25,28,23,23,09-02-2025 05:54
10-02-2025,A,10-02-2025 02:52,26,52.5,54.7,5.38,4.03,11.2,24,54.2,56.6,3.21,4.04,10.05,32,32,25,24,24,21,32,33,27,26,23,22,30,33,29,30,24,23,27,29,25,25,24,24,10-02-2025 05:48
10-02-2025,B,10-02-2025 14:19,35,55.4,59.3,2.5,3.5,9.2,36,54.2,58.8,3.1,3.2,10.5,32,31,26,25,24,22,33,28,27,24,22,23,31,34,30,31,25,24,28,30,26,25,24,25,10-02-2025 14:22
11-02-2025,A,11-02-2025 02:35,27,54.8,56,5.07,3.42,11.79,25,55.2,57,3.15,3.83,8.07,32,33,24,24,21,20,33,33,25,26,23,23,31,33,28,30,24,23,27,30,26,26,24,24,11-02-2025 08:37
12-02-2025,A,12-02-2025 02:30,25,54.1,55.6,2.81,3.88,7.79,23,53.4,54.4,4.5,3.72,10,32,33,24,26,22,22,34,35,27,27,25,24,32,33,30,31,24,24,29,31,26,27,25,26,12-02-2025 08:35
13-02-2025,A,13-02-2025 02:05,28,53.9,55.2,3.84,3.11,10.58,25,54,55.7,3.13,3.82,9.25,31,32,24,24,20,20,33,33,25,25,23,23,31,33,28,29,27,23,26,30,25,25,24,24,13-02-2025 08:09
14-02-2025,A,14-02-2025 03:13,25,54.3,56,2.81,3.87,8.63,23,53.9,56,3.59,3.36,9.68,32,33,25,24,33,31,33,33,26,25,25,22,30,33,28,30,24,22,29,30,25,26,25,24,14-02-2025 08:19
13-02-2025,B,13-02-2025 08:41,32,59.5,58.5,2.5,3.5,9.7,32,58.4,59.4,3.5,3.9,10.8,32,33,24,24,21,20,33,32,25,26,22,23,31,33,22,30,21,23,27,30,26,24,24,26,14-02-2025 08:43
14-02-2025,B,14-02-2025 09:12,32,59.1,58.5,3.8,2.9,10.4,31,58.6,58.4,3.2,3.4,9.8,33,35,24,25,22,21,34,33,25,26,24,22,31,34,29,31,25,23,28,31,26,25,24,23,15-02-2025 09:13
15-02-2025,B,15-02-2025 09:45,29,58.2,59.6,2.5,3.5,10.3,30,58.6,59.1,3.6,3.9,9.5,36,33,26,24,26,25,34,35,28,26,26,23,33,31,32,28,26,24,30,32,30,30,28,27,16-02-2025 09:47
16-02-2025,C,16-02-2025 21:17,34,46,51,3,3.8,7,33.5,47,52.2,2.9,3.5,7.1,35,37,30,30,25,28,36,36,31,31,27,27,34,35,32,32,28,29,30,33,28,30,27,27,16-02-2025 21:18
15-02-2025,C,16-02-2025 21:20,34,46,50.2,2.9,3.2,7.2,34.2,47,51.9,3,3.5,7.5,33,36,27,26,23,24,34,35,30,28,25,25,33,35,30,32,27,25,29,32,28,31,27,26,16-02-2025 21:21
14-02-2025,C,14-02-2025 21:25,32.5,46,51,2.9,3.1,6.8,33.5,47,52.8,3,3.5,7.5,32,33,26,25,24,24,34,34,28,26,252,3,31,33,30,29,25,24,26,29,25,30,24,24,16-02-2025 21:26
13-02-2025,C,13-02-2025 21:29,34,45,50.5,2.5,3.5,6.5,33,46.5,52,3,3.6,7,34,36,28,28,26,24,32,34,29,28,25,23,30,33,28,30,24,24,27,30,25,30,23,24,16-02-2025 21:30
12-02-2025,C,12-02-2025 21:34,32.2,45,50,2.5,3.5,6.5,33,46,51,2.5,3.2,6.8,35,37,29,30,26,27,37,38,31,32,27,28,33,35,32,33,27,27,29,32,28,32,26,27,16-02-2025 21:35
11-02-2025,C,11-02-2025 21:38,32,45,50.2,2.5,2.9,6.2,32.5,46,50.9,2.5,3,6.5,363,9,24,23,16,26,37,38,28,26,29,28,34,37,28,28,28,29,31,34,22,29,28,27,16-02-2025 21:39
11-02-2025,C,11-02-2025 21:41,32,45,51,2.7,3.8,6.2,32.5,46,52.2,2.5,3.5,6,36,39,34,32,26,37,28,262,9,28,34,37,28,28,28,29,28,28,31,34,22,29,28,27,16-02-2025 21:42
10-02-2025,C,10-02-2025 21:44,32.5,42,50,2.5,3.2,6.5,33,45,52,2.6,3.5,6.9,35,37,27,27,25,24,35,35,29,29,27,28,35,30,32,31,28,26,30,33,27,27,29,26,16-02-2025 21:45
16-02-2025,B,16-02-2025 04:24,30,57.6,58.4,3.2,3.9,10.7,31,56.9,57.6,2.9,3.6,10.2,34,36,28,28,26,24,33,34,29,28,26,24,30,33,28,30,24,26,27,34,25,29,23,24,17-02-2025 04:26
17-02-2025,A,17-02-2025 05:27,29,56.5,57.2,3.2,3.6,10.5,30,55.3,55.9,2.8,3.1,9.8,24,36,29,30,24,26,34,35,31,30,26,28,33,34,32,29,27,26,29,32,27,25,26,27,18-02-2025 05:28
18-02-2025,A,18-02-2025 05:32,30,57.3,56.8,3.5,3.1,10.1,30,56.2,56.6,3.2,3.8,10.9,34,37,27,28,25,24,34,33,28,28,25,25,33,35,31,30,28,27,30,33,29,29,27,26,18-02-2025 05:33
19-02-2025,A,19-02-2025 04:20,29,56.4,57.1,3.2,3.5,10.1,29,56.8,57.4,2.6,3.1,10.5,33,34,26,27,25,24,34,35,26,29,26,25,32,34,31,32,26,27,29,32,27,26,24,25,19-02-2025 04:23
20-02-2025,A,20-02-2025 05:16,28,55.1,56.2,3.5,3.7,9.8,29,56.3,56.9,2.9,2.6,10.2,33,33,26,27,24,23,32,32,27,28,25,24,32,33,30,30,27,28,29,31,27,26,26,24,20-02-2025 05:18
20-02-2025,A,20-02-2025 15:34,33,59,56,0.95,0.54,6.5,30,55,55,1,0.62,7.1,34,36,27,27,24,24,33,33,28,27,26,24,34,34,30,30,26,25,29,30,28,28,26,27,20-02-2025 15:38
21-02-2025,A,21-02-2025 05:15,29,56.1,56.7,3.4,3.1,9.5,29,57.3,56.5,3.2,2.8,10.2,31,32,26,26,24,22,32,34,27,28,24,25,33,33,29,30,27,24,29,31,28,27,26,27,21-02-2025 05:23
22-02-2025,A,22-02-2025 06:24,32,55.8,54.2,2.5,3.8,10.9,33,56.4,57.9,3.6,3.4,9.9,36,34,29,30,26,24,34,35,30,29,26,29,34,34,29,32,28,27,32,35,29,30,27,26,22-02-2025 06:26
22-02-2025,A,22-02-2025 12:41,33,54,55,1.2,1.3,6.7,34,56,57,1.2,1.3,7.5,36,36,30,29,26,26,35,33,30,28,27,25,34,35,32,32,28,26,30,32,30,30,28,28,22-02-2025 17:43
23-02-2025,B,23-02-2025 12:37,34,56,55,1.2,1.1,6.4,35,57,55,1.1,1.3,6.8,36,40,31,29,27,26,36,35,31,30,28,26,34,36,34,33,29,27,31,33,30,30,28,28,23-02-2025 19:39
17-02-2025,C,18-02-2025 21:00,35,47,59,2.5,3.6,7,32,48,61,2.5,3.5,6.9,38,39,32,32,28,28,37,38,32,33,30,30,36,38,35,35,30,32,33,35,32,32,30,30,24-02-2025 02:51
20-02-2025,C,20-02-2025 10:59,32,45,58,2.3,3,6.9,33,47,59,2.4,3,6.8,233,33,27,27,24,32,34,35,29,29,25,26,33,35,30,32,27,26,30,33,28,29,27,27,24-02-2025 02:58
21-02-2025,C,21-02-2025 22:00,33,46,59,2.6,3.5,6.5,34,48,61,2.8,3.1,6.9,37,35,30,30,27,26,36,36,30,30,28,26,35,36,32,33,28,27,33,35,30,30,30,28,24-02-2025 03:01
22-02-2025,C,22-02-2025 22:12,34,46,58.5,2.3,3,5.9,32,48,59,2.1,2.9,5.7,34,35,29,30,25,26,35,32,30,27,25,27,34,35,30,32,28,26,30,31,28,29,26,26,24-02-2025 03:15
23-02-2025,C,23-02-2025 22:17,33,46,58,2.1,2.8,5.7,32,47,59,2,2.5,5.5,36,35,29,30,27,26,35,36,30,30,28,26,34,36,31,33,29,28,32,35,29,31,30,28,24-02-2025 03:19
24-02-2025,B,24-02-2025 12:15,33,55,52,1.3,1.1,6.4,34,56,58,1.2,1.2,7.2,37,38,31,30,27,27,36,37,31,30,30,27,37,37,34,35,30,29,33,33,32,31,31,29,24-02-2025 17:17
24-02-2025,C,24-02-2025 23:15,32,58.2,57.5,2.9,3.5,10.4,31,57.1,57.7,3.6,3.4,9.4,35,37,28,30,26,26,34,35,29,28,25,30,34,36,32,29,28,32,31,30,28,31,30,28,24-02-2025 23:16
25-02-2025,B,25-02-2025 11:38,29,56.1,57,3.57,4.42,9.92,27,58.4,59,3.74,3.03,9.02,36,38,31,29,27,26,36,37,32,31,29,26,36,38,32,34,30,28,33,35,32,31,30,29,25-02-2025 16:44
26-02-2025,A,26-02-2025 05:43,32,46,55,2.1,3.1,5.2,33,47,58.2,2,2.8,5.4,35,37,28,28,25,25,34,35,29,29,26,25,33,36,31,32,27,27,29,32,28,29,26,26,26-02-2025 05:44
25-02-2025,A,26-02-2025 05:46,33,46,55.9,2.1,3,5.8,34,48,58,2,2.8,5.7,33,36,24,26,22,24,33,34,27,25,25,25,33,35,31,31,25,28,28,31,28,31,25,25,26-02-2025 05:47
24-02-2025,A,24-02-2025 05:51,33,46,55,2,2.5,5.8,34,48,56,1.9,2.5,6,23,26,24,26,22,23,31,31,26,25,24,22,32,33,30,30,25,24,27,30,26,26,25,25,26-02-2025 05:52
26-02-2025,B,26-02-2025 12:05,31,56.5,58,2.89,3.08,7.83,29,58,60,2.84,3.14,8.36,38,39,32,32,28,29,36,36,33,31,31,29,37,34,33,34,30,29,33,34,32,30,30,28,26-02-2025 15:10
26-02-2025,C,26-02-2025 22:01,32,58.6,58.1,3.5,3.2,11.4,32,57.9,57.2,3.1,3.9,10.4,37,36,31,30,29,29,38,37,34,31,30,28,38,36,31,31,30,31,36,35,32,31,30,30,26-02-2025 22:02
27-02-2025,C,27-02-2025 22:49,32,55.2,54.3,3.2,3.9,10.7,32,58.1,59.4,2.9,3.4,10.4,34,36,28,27,24,26,32,34,29,28,25,24,30,35,28,30,24,26,27,30,25,29,24,24,27-02-2025 22:50
28-02-2025,C,28-02-2025 23:36,32,55.1,53.9,2.8,3.1,10.2,31,59.1,59.7,3.5,3.1,9.2,35,36,29,30,25,27,36,34,30,28,28,25,31,32,29,30,25,26,29,32,24,29,26,24,28-02-2025 23:38
01-03-2025,C,01-03-2025 22:47,32,56.5,55.1,3.6,3.1,10.4,31,58.6,59.6,3.2,3.7,9.9,35,34,28,30,25,26,34,35,30,29,27,26,33,35,32,31,28,24,31,32,28,30,27,26,01-03-2025 22:48
02-03-2025,A,02-03-2025 05:18,33,45,54,2.6,3.5,5.9,34,48,58,2.5,3.5,6.1,33,35,28,28,24,26,32,32,28,28,24,24,31,33,29,30,26,27,27,30,26,28,25,25,02-03-2025 05:19
01-03-2025,A,01-03-2025 05:21,33,46,55,2.3,3.2,5.9,34,47,58,2.5,3,6,34,37,28,30,25,26,34,35,30,29,27,26,33,35,32,31,28,26,38,31,28,30,27,26,02-03-2025 05:23
28-02-2025,A,28-02-2025 05:30,32,45,54,2.3,2.9,5.9,33,47,58,2.1,3.1,6.2,33,34,27,27,25,24,31,31,27,27,26,24,33,34,30,31,27,26,30,32,29,29,28,26,02-03-2025 05:31
27-02-2025,A,27-02-2025 05:33,32,45,55,2.3,3.1,6.2,33,47,58,2.1,2.9,6.1,33,35,28,30,25,26,34,35,30,30,28,25,33,34,32,32,29,28,29,31,28,31,27,27,02-03-2025 05:34
02-03-2025,C,02-03-2025 22:54,32,56.1,57.4,3.8,3.1,10.4,32,58.6,60.2,3.2,3.4,9.8,32,36,28,26,26,28,32,32,29,28,24,25,31,34,30,30,27,26,30,32,26,28,28,25,02-03-2025 22:56
05-03-2025,A,05-03-2025 03:25,26,54.1,56.2,1.9,1.8,5.8,24,55.8,59,2.2,3.1,6.9,32,34,23,25,21,23,32,32,28,27,24,24,31,33,31,30,27,25,29,31,26,27,24,25,05-03-2025 06:28
06-03-2025,A,06-03-2025 03:41,26,51.7,53,2.98,3.64,9.4,24,54.6,58,3.19,3.35,8.78,32,31,22,24,20,22,29,31,25,25,23,22,29,32,28,29,24,23,25,27,23,23,22,22,06-03-2025 08:45
03-03-2025,A,03-03-2025 08:44,32,46,56,2.9,3,5.9,34,48,58,2.9,3.1,6,33,32,27,26,23,22,32,32,26,25,24,23,33,33,30,31,26,25,29,31,26,27,25,26,09-03-2025 20:45
04-03-2025,C,04-03-2025 20:48,33,46,55,2.8,3.2,6,34,48,57,2.9,3.4,6.1,33,37,29,30,25,26,33,36,30,31,26,27,32,35,32,32,27,30,30,32,28,30,27,27,09-03-2025 20:49
05-03-2025,C,05-03-2025 20:52,32,46,56,2.6,3.5,6.2,34,47,57,2.8,3.4,6.8,33,36,27,27,24,26,33,35,29,29,25,25,31,34,29,30,26,28,27,30,29,29,24,24,09-03-2025 20:53
06-03-2025,C,06-03-2025 20:56,33,45,56,2.1,3.2,5.9,34,46,56.5,2.5,3.4,6,32,31,28,26,26,24,31,29,30,29,26,28,30,28,29,28,27,26,29,26,28,26,27,25,09-03-2025 20:57
07-03-2025,C,07-03-2025 21:02,32,46,54.8,2.8,3.8,5.9,34.2,48,56,2.8,3.9,6.1,30,36,29,29,27,26,35,34,29,29,27,26,34,38,32,34,29,27,31,34,30,30,29,28,09-03-2025 21:03
08-03-2025,C,08-03-2025 21:05,32,45,56,2.9,3.2,5.8,33,46,57,3,3.5,6.5,36,38,30,30,28,26,36,35,31,31,29,26,35,36,33,34,30,28,33,34,30,31,29,29,09-03-2025 21:06
10-03-2025,C,10-03-2025 19:48,32,57.9,59.5,3.02,2.79,8.95,30,62.7,64.5,2.79,3.05,8.99,37,38,32,30,28,28,36,37,32,32,29,28,37,38,36,36,31,29,34,36,33,32,31,29,10-03-2025 22:51
11-03-2025,C,11-03-2025 20:26,34,58.1,59.5,3.02,2.78,7.88,32,61.4,64.3,2.87,3.07,8.9,38,37,33,32,31,29,39,40,33,34,32,30,39,39,36,37,33,31,36,38,34,33,33,31,11-03-2025 20:28
13-03-2025,C,13-03-2025 20:30,34,58.8,60.3,2.87,3.01,7.02,32,62.5,65.4,2.78,2.77,8.92,39,41,33,34,29,31,40,41,36,34,33,31,39,40,38,38,34,32,36,38,34,34,32,32,13-03-2025 20:33
14-03-2025,C,14-03-2025 20:39,33,58.1,58.7,3.79,4.05,6.67,31,61.5,65.1,2.93,3.99,8.32,38,37,33,37,30,30,38,39,35,35,33,31,36,39,36,36,33,32,34,36,33,33,32,32,14-03-2025 22:48
16-03-2025,C,16-03-2025 20:20,34,58,60.6,5,3.59,10.83,32,62,64.1,3.58,5.86,11.54,38,39,32,32,30,30,37,38,34,34,32,30,38,40,36,37,33,30,36,38,35,34,33,31,16-03-2025 21:07
16-03-2025,B,16-03-2025 13:34,34,60,63,2.5,3,5.2,35.2,55,58,2.1,2.9,5.1,36,39,34,33,32,30,39,39,35,33,33,31,39,40,38,37,34,32,37,39,37,36,35,35,17-03-2025 01:35
14-03-2025,B,14-03-2025 13:38,34,62,64,2.1,2.9,5,33,55,58,2,3,4.9,38,39,32,32,30,30,37,38,34,32,32,30,38,40,36,37,33,30,36,38,35,34,33,31,17-03-2025 01:39
13-03-2025,B,13-03-2025 13:44,34,60,62,2.1,3.8,6.5,35,55,58,2.9,3.5,6.4,39,42,35,35,33,33,39,41,36,36,33,35,37,38,35,35,36,32,32,36,31,31,30,31,17-03-2025 01:45
12-03-2025,B,12-03-2025 13:48,34,59,64,3,3.2,5.9,33,60,62,3.2,2.9,6,41,43,36,36,32,32,40,42,36,35,32,32,39,42,37,37,33,33,35,37,34,36,32,32,17-03-2025 01:49
11-03-2025,B,11-03-2025 13:53,34,58,60,3.2,3.6,5.9,33,55,58,3.2,3.5,6.5,39,42,35,35,34,34,39,41,36,36,36,36,37,38,35,36,36,32,32,36,31,31,29,32,17-03-2025 01:54
10-03-2025,B,10-03-2025 13:56,34,58,62,2.8,3.5,5.9,33.5,55,60,2.9,3.8,6.1,39,42,34,32,30,29,37,38,35,32,32,30,38,40,38,36,33,29,35,36,35,33,33,30,17-03-2025 01:57
17-03-2025,A,17-03-2025 11:45,33,59.2,62.7,3.34,3.38,12.9,31,60.3,62.3,3.16,4.83,11.56,38,38,33,33,31,30,37,39,34,33,32,31,38,38,36,37,33,32,34,37,35,34,33,31,17-03-2025 14:54
19-03-2025,B,19-03-2025 11:04,33,63.6,63.7,3.64,3.62,10.32,34,61,61.6,3.33,4.91,9.92,37,38,36,36,32,31,38,39,36,36,33,32,38,38,36,37,34,32,36,37,35,35,30,31,19-03-2025 15:12
20-03-2025,B,20-03-2025 11:15,33,59,60,5.02,4.05,10.89,34,62,64.9,2.97,4.65,7.85,37,38,36,36,32,31,38,39,36,36,33,32,38,38,36,37,34,32,36,37,35,36,33,31,21-03-2025 07:18
21-03-2025,A,21-03-2025 07:28,32,55,55.4,2.97,4.95,7.85,31,58.5,59.8,4.43,4.65,10.89,34,36,28,30,26,27,34,33,30,29,28,26,34,35,33,34,29,28,32,30,29,30,28,28,21-03-2025 07:32
17-03-2025,A,17-03-2025 03:45,32,56,57,2.5,3,5.2,33,54,56,2.4,2.8,5,34,37,28,30,27,28,32,32,28,29,27,27,34,35,31,33,26,27,31,33,30,30,29,28,22-03-2025 03:46
18-03-2025,A,18-03-2025 03:50,33,56,58,2.1,3.5,5.2,34,55,56,2.1,3.4,5,33,35,26,28,25,25,32,27,29,28,26,27,33,30,32,32,28,28,30,31,31,28,26,26,22-03-2025 03:52
19-03-2025,A,19-03-2025 05:09,34,56,58,2.1,3.8,5.9,33,55,57,2,3,5.5,33,36,27,28,25,25,32,32,30,29,27,26,32,33,31,32,28,27,30,31,28,28,27,27,23-03-2025 05:10
22-03-2025,A,22-03-2025 05:12,34,55,56,2.1,3.5,5.2,33,54,55,2,3.1,5.5,34,38,27,30,27,27,35,35,31,30,29,27,34,35,33,33,29,30,30,32,28,29,29,28,23-03-2025 05:13
23-03-2025,A,23-03-2025 05:16,32,55,57,2,3,5.1,33,54,55,1.9,3,5.5,35,35,28,30,30,26,26,35,34,30,29,28,27,34,35,32,34,28,28,30,32,30,30,27,23-03-2025 05:16
26-03-2025,A,26-03-2025 02:19,30,57.6,59.5,1.3,2.1,5.8,28,60.3,63.3,1.6,2.2,7.6,35,36,30,31,28,27,35,35,32,30,29,28,35,36,33,34,30,29,33,34,32,32,30,30,26-03-2025 06:22
27-03-2025,A,27-03-2025 02:06,30,57,59,4.85,2.95,7.88,28,60,62,3.44,5.27,10.37,35,36,30,31,27,27,35,35,35,32,30,29,28,35,36,33,34,30,29,33,34,32,32,30,27-03-2025 02:11
28-03-2025,A,28-03-2025 02:54,32,57.7,59.7,3.24,3.23,8.09,30,59.3,62.5,2.67,3.9,7.4,36,36,31,32,30,29,36,36,33,32,31,29,38,38,36,36,33,33,35,36,34,33,33,32,28-03-2025 02:57
30-03-2025,A,30-03-2025 02:11,29,54.8,57.1,4.2,4.23,9.72,27,57.1,60.5,3.2,4.62,9.8,35,35,30,31,29,29,35,35,33,32,30,30,37,37,35,35,32,33,34,35,33,33,32,32,30-03-2025 02:12
25-10-2025,C,28-10-2025 17:59,40,59,61.7,1.13,0.93,2.1,41,59,60,0.92,0.85,2.15,30,33,27,28,25,26,33,32,27,27,26,26,31,29,29,29,27,26,29,28,27,27,27,26,28-10-2025 16:02
26-10-2025,A,28-10-2025 04:10,30,60,61,1.96,2.98,6.56,31,59,60,1.98,3.86,5.1,31,33,29,28,26,26,34,34,27,29,26,26,31,29,29,30,27,29,30,30,28,28,28,26,28-10-2025 18:13
27-10-2025,C,28-10-2025 20:26,31,53,54,0.7,1.25,3.16,29,56,58,0.92,1.5,3.16,27,28,27,28,28,28,28,30,30,30,28,30,27,29,285,26,27,29,30,27,26,25,28,30,28-10-2025 20:30
29-10-2025,A,29-10-2025 08:07,30,57.7,58.9,1.84,2.3,8.28,31,56.2,57.5,2.4,2.1,9.2,30,32,26,27,24,26,33,30,26,28,25,24,30,29,28,26,26,28,26,28,26,24,25,24,29-10-2025 08:10
26-10-2025,A,26-10-2025 21:31,45,57,55.7,0.78,6.44,3.2,47,58,56,1.34,4.71,2.71,32,32,27,30,26,27,36,34,29,30,29,28,33,32,32,32,30,29,30,30,30,29,29,28,29-10-2025 14:34
27-10-2025,B,27-10-2025 14:40,41,60,58.5,4.99,1.25,2.23,45,56,55,5.84,1.4,2.23,32,34,28,31,27,27,36,34,29,28,29,28,34,32,33,31,30,28,31,31,31,28,30,27,29-10-2025 14:42
28-10-2025,B,28-10-2025 14:46,40,58,56,1.89,3.8,8.25,45,60,58.4,1.49,2.96,9,32,33,27,28,25,25,34,33,28,27,27,26,32,30,31,29,28,26,28,30,28,27,27,26,29-10-2025 14:48
29-10-2025,B,29-10-2025 15:23,41,59,58.1,2.3,6.17,12.74,40,62,61.2,2.86,4.46,10.9,40,37,33,33,31,30,40,39,34,33,31,30,36,35,35,33,32,30,34,35,34,31,32,31,29-10-2025 15:24
29-10-2025,C,29-10-2025 23:05,33,59,60,2.15,2.15,3.1,34,55,57,2.35,3.15,6.5,38,41,31,34,30,30,39,39,33,32,31,30,36,37,36,35,32,32,34,35,32,31,31,30,29-10-2025 23:10
30-10-2025,A,30-10-2025 03:53,33,61.2,60.5,2.2,2.4,9.5,32,58.6,57.7,2.5,2.1,10.2,37,42,30,32,28,29,38,33,31,30,29,28,34,33,33,32,30,29,31,30,30,29,29,28,30-10-2025 03:55
31-10-2025,A,31-10-2025 08:09,31,58.4,59.3,2.2,2.5,10.5,32,58.9,59.2,3.1,2.1,9.6,34,37,28,30,25,26,36,34,29,28,27,24,33,30,32,29,29,27,29,31,27,26,27,24,31-10-2025 08:10
30-10-2025,B,30-10-2025 15:00,40,46,58,2.86,5.86,14.7,42,50,60,2.69,3.89,10.2,38,41,32,34,30,29,37,39,31,31,31,30,35,35,35,34,31,31,34,36,32,32,30,30,31-10-2025 15:01
31-10-2025,B,31-10-2025 15:03,41,45,59.5,2.52,4.32,13.56,44,44,59.8,2.45,3.29,10.39,36,38,29,34,27,28,37,36,32,30,29,28,35,34,34,33,30,30,34,35,31,31,30,27,31-10-2025 15:05
30-10-2025,C,31-10-2025 20:39,33,58,60,2.59,6.85,12.15,34,56,57,3.8,6.1,11.1,37,40,34,36,30,32,39,37,33,32,32,34,38,41,36,36,34,36,36,38,38,34,35,30,31-10-2025 20:42
31-10-2025,C,31-10-2025 20:55,33,59,60,2.63,4.5,14.1,36,57,59,2.52,4.16,13.8,35,36,30,32,28,29,40,38,32,32,30,29,36,35,35,34,32,30,35,36,33,33,32,28,31-10-2025 21:01
01-11-2025,A,01-11-2025 04:23,33,59.4,60.6,3.2,2.9,10.5,32,57.1,59.5,2.7,2.6,10.2,35,38,32,32,30,30,35,37,30,31,30,30,33,34,34,33,32,30,32,33,32,32,32,31,01-11-2025 04:24
01-11-2025,B,01-11-2025 15:14,41,44,60.7,3.03,5.17,13.91,42,47,62.1,2.13,3.07,10.17,39,42,32,32,31,30,40,40,34,33,31,31,35,35,34,37,31,33,34,38,32,33,31,30,01-11-2025 15:15
02-11-2025,A,02-11-2025 03:37,33,60.4,58.8,3.2,2.5,11.5,31,60.9,59.4,3.6,2.9,10.6,37,40,31,32,27,28,38,35,32,31,28,30,35,34,32,32,30,29,32,33,31,30,29,28,02-11-2025 03:40
02-11-2025,A,02-11-2025 03:37,33,60.4,58.8,3.2,2.5,11.5,31,60.9,59.4,3.6,2.9,10.6,37,40,31,32,27,28,38,35,32,31,28,30,35,34,32,32,30,29,32,33,31,30,29,28,02-11-2025 03:40
02-11-2025,A,02-11-2025 03:37,33,60.4,58.8,3.2,2.5,11.5,31,60.9,59.4,3.6,2.9,10.6,37,40,31,32,27,28,38,35,32,31,28,30,35,34,32,32,30,29,32,33,31,30,29,28,02-11-2025 03:41
02-11-2025,A,02-11-2025 03:37,33,60.4,58.8,3.2,2.5,11.5,31,60.9,59.4,3.6,2.9,10.6,37,40,31,32,27,28,38,35,32,31,28,30,35,34,32,32,30,29,32,33,31,30,29,28,02-11-2025 03:41
02-11-2025,B,02-11-2025 16:11,41,45,61,3.15,4.91,14.12,41,47,62,3.68,3.08,9.52,38,40,31,34,30,30,40,37,32,32,31,30,36,36,37,35,33,31,34,37,34,33,31,31,02-11-2025 16:12
01-11-2025,C,01-11-2025 20:40,33,60,61,2.72,2.91,11.7,31,59,60,3.85,5.21,20.93,39,41,31,34,30,30,34,37,34,32,31,30,36,36,36,33,33,32,34,38,33,32,32,31,02-11-2025 20:44
02-11-2025,C,02-11-2025 22:09,33,60,61,3.5,3.65,11.56,35,58,60,3.5,5.45,19.18,38,40,32,33,30,30,38,40,33,34,32,30,35,36,34,35,33,30,35,38,32,34,31,31,02-11-2025 22:13
03-11-2025,A,03-11-2025 08:17,40,43,58,3.47,4.81,17,35,44,59,2.38,3.45,9.93,35,39,27,32,26,27,38,35,30,30,28,28,34,34,34,32,30,30,32,36,29,31,28,29,03-11-2025 08:19
03-11-2025,C,04-11-2025 00:20,32,61.3,60.5,2.1,3.6,11.2,33,60.1,59.9,3.5,2.9,11.9,34,35,30,32,29,29,36,34,31,32,30,30,34,35,36,35,32,31,36,35,33,32,31,30,04-11-2025 00:21
04-11-2025,A,04-11-2025 08:33,39,42,58,4.04,5.89,18.41,38,44,59,2.58,3.36,11.49,35,36,26,31,25,27,37,33,30,28,28,27,33,31,34,31,30,28,30,34,26,29,27,28,04-11-2025 08:34
03-11-2025,B,03-11-2025 12:26,33,57,58,3.26,5.71,17.6,35,60,61,3.25,3.94,10.58,35,36,34,32,29,30,37,36,34,33,30,31,35,34,36,33,32,31,36,35,34,30,31,29,04-11-2025 12:28
04-11-2025,B,04-11-2025 14:03,33,60,59,4.04,3.8,9.7,36,60,61,3.94,6.17,19.26,32,32,29,29,28,26,35,34,29,28,27,26,35,33,34,33,32,29,34,38,34,32,32,30,04-11-2025 14:34
04-11-2025,C,04-11-2025 23:04,34,59.6,60.5,2.9,3.5,12.9,33,60.9,61.8,3.6,3.5,11.6,34,35,29,28,28,29,37,35,31,29,30,29,33,32,34,31,31,30,33,34,31,32,30,29,04-11-2025 23:05
05-11-2025,A,05-11-2025 07:14,39,45,59,2.3,3.3,13.2,40,47,60,2.3,3,11.2,35,38,31,30,28,29,39,36,34,30,31,30,34,34,34,32,30,30,34,32,31,32,30,30,05-11-2025 07:15
05-11-2025,C,05-11-2025 22:12,34,59.9,61.1,3.9,3.5,12.8,33,56.9,59.5,2.9,3.9,13.8,35,38,29,28,27,26,37,35,30,29,29,30,35,34,34,32,30,29,33,34,31,30,30,29,05-11-2025 22:14
06-11-2025,A,06-11-2025 07:03,39,45,59,3.78,2.39,12.22,40,47,61,1.17,2.3,9.12,32,34,25,28,25,25,32,33,27,29,25,26,34,32,33,32,30,27,33,33,32,33,30,28,06-11-2025 07:04
05-11-2025,B,06-11-2025 14:45,35,60,61,2.6,3.44,13.22,36,57,59.7,3.43,5.15,21.59,36,37,31,31,29,29,38,38,33,31,31,30,35,35,34,34,32,31,35,38,33,33,33,31,06-11-2025 16:02
06-11-2025,C,06-11-2025 23:11,38,57.1,58.8,3.6,2.8,10.6,34,57.6,59.7,2.5,3.9,11.8,34,37,26,28,25,24,36,34,29,30,27,28,32,32,32,30,29,30,31,29,28,27,25,27,06-11-2025 23:12
07-11-2025,A,07-11-2025 06:32,30,48,59,1.71,1.63,5.8,32,41,57.8,1.13,1.25,3.52,34,35,25,28,24,24,35,32,28,27,26,25,31,30,31,33,26,29,30,32,27,29,26,26,07-11-2025 06:35
07-11-2025,B,07-11-2025 14:40,32,57.6,61,2.42,3.11,10.95,40,57.1,61,3,4.32,15.84,36,35,28,31,26,27,38,35,31,29,30,27,34,33,35,32,31,29,32,35,31,31,29,28,07-11-2025 14:46
07-11-2025,B,07-11-2025 14:40,32,57.6,61,2.42,3.11,10.95,40,57.1,61,3,4.32,15.84,36,35,28,31,26,27,38,35,31,29,30,27,34,33,35,32,31,29,32,35,31,31,29,28,07-11-2025 14:53
07-11-2025,C,07-11-2025 21:24,37,58.5,60,3.6,3.9,12.5,34,58.9,60.6,3.4,2.9,13.6,35,34,28,30,26,27,37,34,31,29,29,28,34,32,34,32,28,27,32,35,31,31,28,29,07-11-2025 21:25
08-11-2025,A,08-11-2025 08:13,35,42,59,3.62,5.84,0.06,34,43,58,3.01,2.97,12.23,33,36,25,29,23,25,35,31,25,27,26,25,31,31,31,31,28,28,30,33,28,30,28,27,08-11-2025 08:14
08-11-2025,B,08-11-2025 14:39,33,59,60,2.51,3.31,13.74,36,60,61,4.37,5.5,19.66,37,35,30,33,30,29,39,37,32,32,30,29,34,33,35,34,31,29,32,35,31,31,33,30,08-11-2025 14:43
08-11-2025,C,08-11-2025 21:17,34,58.3,60.2,3.6,3.9,14.3,33,58.6,60.7,2.9,3.6,12.6,38,36,32,30,32,31,38,34,34,31,30,30,39,37,32,32,30,31,38,38,33,30,31,30,08-11-2025 21:18
09-11-2025,A,09-11-2025 08:22,33,42,57,2.3,3.5,12.5,29,43,59,0,0,0,31,34,23,28,22,23,33,30,26,25,25,24,32,32,31,29,27,26,30,34,27,28,25,26,09-11-2025 08:23
09-11-2025,B,09-11-2025 15:17,33,60.7,61,3.16,3.58,15.13,35,60,61,3.88,4.83,18.71,36,36,30,32,29,28,37,34,31,30,29,27,35,34,34,33,30,29,34,37,32,33,30,29,10-11-2025 03:21
10-11-2025,A,10-11-2025 06:34,32,56,58,3.21,4.65,12.1,31,55,57,3.4,4.75,13.06,29,30,29,30,28,28,34,31,35,33,28,29,32,34,28,28,27,26,34,35,28,29,27,26,10-11-2025 06:38
09-11-2025,C,10-11-2025 08:43,33,58.5,59.9,2.9,3.6,13.5,35,58.8,60,3.2,3.1,12.2,34,36,32,30,30,31,36,37,34,31,32,30,36,34,32,32,30,31,36,38,34,30,30,31,10-11-2025 08:45
10-11-2025,B,10-11-2025 13:58,34,58.3,61.3,2.9,3.4,12.6,36,58.7,61,3.2,3.9,9.6,35,36,34,32,30,29,36,32,32,31,29,30,34,39,39,32,30,29,32,30,30,31,29,28,10-11-2025 14:00
10-11-2025,C,10-11-2025 23:19,34,46,60.5,2.1,4.2,11.2,31,44,60,2.3,3.6,10.9,35,36,27,31,26,27,36,34,30,29,26,27,34,34,34,32,30,29,33,36,31,31,29,29,10-11-2025 23:21
11-11-2025,A,11-11-2025 06:34,28,55.8,58,2.55,2.98,13.58,29,56.5,59,3,5.22,16.61,32,34,24,28,24,25,33,33,28,26,25,26,33,32,33,30,28,25,31,34,28,29,27,27,11-11-2025 06:36
11-11-2025,B,11-11-2025 14:50,37,59.8,61.8,3.6,3.9,12.8,33,59.1,61.7,2.4,3.2,14.3,34,32,24,28,26,24,33,34,28,26,25,26,34,37,33,30,28,26,32,34,34,29,26,27,11-11-2025 14:52
12-11-2025,B,12-11-2025 15:20,35,58.1,60,3.2,2.5,8.9,36,57.2,60.5,2.9,3.1,10.2,28,29,30,32,30,30,33,32,34,34,30,29,32,34,30,29,28,28,34,36,28,29,29,27,12-11-2025 15:23
13-11-2025,A,13-11-2025 06:33,32,55.8,59,2.29,3.17,10.57,33,56.5,58,3.06,5.01,12.76,32,34,25,29,25,24,34,33,29,27,27,26,33,37,32,31,29,26,32,33,28,29,28,27,13-11-2025 06:37
13-11-2025,C,13-11-2025 22:27,32,58.2,58.5,3.2,3.9,10.9,33,59.6,60.1,2.6,3.5,12.9,34,38,27,30,25,26,36,34,29,30,27,27,34,32,34,31,29,28,32,36,30,30,29,28,13-11-2025 22:29
14-11-2025,A,14-11-2025 07:13,31,54,57,2.32,2.91,12.3,30,54,57,3.3,4.9,13.9,34,34,32,30,27,25,36,35,30,29,29,27,34,34,33,32,30,27,33,36,30,30,27,28,14-11-2025 08:17
14-11-2025,C,14-11-2025 22:14,30,57.8,58.5,2.8,3.5,12.6,32,58.2,59.6,3.1,3.8,10.5,34,36,26,29,24,24,35,33,28,27,26,25,33,33,33,30,28,27,32,35,30,30,28,27,14-11-2025 22:15
15-11-2025,A,15-11-2025 05:42,28,53.6,56,2.79,3,10.79,31,56.6,59,2.98,4.78,11.72,33,34,32,30,25,24,35,36,30,29,28,26,34,34,33,32,30,29,33,36,32,31,27,28,15-11-2025 05:45
16-11-2025,A,16-11-2025 05:39,29,54.7,59.8,2.43,2.97,9.41,32,57.2,57,2.75,5.41,14.02,33,34,25,27,23,24,34,32,27,26,25,24,32,31,28,29,32,25,31,34,30,31,23,26,16-11-2025 05:56
18-11-2025,A,18-11-2025 08:23,33,54.2,58.6,2.9,3.5,12.3,32,56.1,56.9,3.6,2.9,14.2,29,33,24,23,23,24,31,34,29,28,24,28,32,33,33,32,23,29,31,31,29,30,26,28,18-11-2025 08:25
18-11-2025,B,18-11-2025 12:43,31,47,60.9,0,0,0,32,47,58.9,0,0,0,36,36,28,30,26,25,36,32,30,27,27,25,33,31,34,30,29,27,33,36,31,31,29,27,18-11-2025 12:44
17-11-2025,B,17-11-2025 12:47,33,46,61.5,1.17,0.93,2.34,31,47,61,0.95,0.68,2.64,36,37,27,30,25,26,36,34,30,29,27,26,33,32,34,31,28,28,33,36,31,31,29,28,18-11-2025 12:48
16-11-2025,C,16-11-2025 21:53,30,47,58.6,0,0,0,31,45,60.2,0,0,0,36,39,28,30,26,26,37,33,30,29,28,26,34,34,35,32,29,28,34,34,35,32,29,28,18-11-2025 12:54
19-11-2025,A,19-11-2025 04:54,30,55.9,57.4,2.8,3.2,12.4,33,57.5,59.8,3.4,3.8,11.2,33,36,30,31,26,25,35,35,29,30,27,26,33,32,31,31,30,28,34,36,29,30,29,30,19-11-2025 04:55
19-11-2025,C,19-11-2025 21:19,32,59,60.2,2.39,3.08,9.62,30,58,59.6,3.46,4.99,16.1,30,28,33,35,34,30,37,34,35,32,32,29,31,34,36,31,30,31,33,32,34,35,31,29,19-11-2025 21:33
20-11-2025,A,20-11-2025 04:59,28,55.9,57.4,3.7,2.9,14.3,30,56.6,58.7,2.6,3.1,12.5,35,36,29,30,27,28,34,34,29,32,28,26,31,32,31,33,29,26,33,34,31,32,30,29,20-11-2025 05:00
20-11-2025,C,20-11-2025 21:57,31,56.9,58,2.91,3.78,9.17,32,58.2,60,2.83,4.31,11.14,35,41,28,31,27,27,38,36,31,31,29,28,34,34,35,35,33,30,35,38,32,33,31,29,20-11-2025 22:36
21-11-2025,A,21-11-2025 03:21,29,55.1,57.1,3.1,3.6,12.3,28,57.4,59.6,2.9,3.7,14.6,33,38,23,24,22,24,34,30,26,24,25,23,31,30,32,29,27,26,30,33,28,26,26,24,21-11-2025 03:22
21-11-2025,C,21-11-2025 21:00,32,59,60,3.44,2.87,11.21,31,60,61,2.24,2.38,12.27,36,38,28,30,26,27,37,34,29,30,37,37,34,35,35,32,30,28,34,38,32,32,31,30,21-11-2025 22:47
22-11-2025,A,22-11-2025 02:55,32,55.8,57.3,3.6,3.4,12.8,31,57.6,59.7,3.2,3.1,15.2,33,34,30,28,30,29,32,36,32,30,30,31,34,34,30,31,30,32,36,34,31,30,28,31,22-11-2025 02:56
22-11-2025,C,22-11-2025 23:30,31,57,58,1.9,3.12,9.18,32,59,60,3.12,4.19,14.27,36,37,29,31,27,28,36,36,30,30,28,28,35,36,34,33,29,28,34,3,733,32,30,29,22-11-2025 23:32
23-11-2025,A,23-11-2025 04:29,28,55.9,57.4,2.9,3.4,12.2,30,57.3,59.7,2.2,2.8,14.3,34,36,29,30,26,28,36,39,28,29,27,29,34,35,32,31,26,28,32,36,31,32,29,28,23-11-2025 04:30
24-11-2025,B,24-11-2025 06:28,29,56,57.6,2.47,3.27,10.76,30,58.7,60,3.26,4.47,14.6,37,33,28,30,26,26,37,34,28,29,28,26,34,33,35,31,35,27,33,37,32,33,30,29,24-11-2025 18:33
24-11-2025,A,24-11-2025 04:06,29,43,59,0,0,0,30,43,56,0,0,0,34,33,23,26,22,23,33,30,27,25,25,23,31,30,32,30,272,5,30,34,27,28,26,26,25-11-2025 04:08
23-11-2025,B,23-11-2025 14:11,31,46,61,0,0,0,31,44,58,0,0,0,36,35,25,28,24,25,35,31,28,27,26,25,31,32,33,30,28,26,31,36,29,31,28,27,25-11-2025 04:12
25-11-2025,B,25-11-2025 15:40,31,57,58,2.95,3.84,13.52,31,59,60,2.85,6.68,17.15,0,36,28,28,25,25,36,36,30,28,27,25,34,33,34,31,29,26,32,37,32,32,29,29,25-11-2025 16:44
25-11-2025,C,25-11-2025 23:12,27,57.3,58.4,3.6,3.1,12.2,28,59,60.8,2.3,3.7,14.6,36,35,25,24,23,24,35,32,28,26,26,28,32,30,33,30,26,27,31,30,28,27,27,26,25-11-2025 23:13
26-11-2025,B,26-11-2025 16:09,31,57,59,2.72,2.51,10.03,32,59,61,2.31,5.32,15.02,37,36,29,27,25,25,36,33,30,29,27,26,33,33,34,31,30,27,34,37,32,32,30,29,26-11-2025 16:17
26-11-2025,C,26-11-2025 21:37,30,59.6,58.9,3.8,3.1,12.5,29,57.4,61.6,3.1,3.9,10.9,34,35,28,26,24,25,35,34,27,28,26,27,32,34,30,31,29,26,30,34,31,29,28,29,26-11-2025 21:41
27-11-2025,C,27-11-2025 20:54,31,59.3,60.4,3.2,3.9,10.7,30,59.8,61.7,2.6,3.8,13.2,36,37,26,24,23,24,35,32,28,26,26,25,32,30,29,28,27,28,32,30,28,29,26,24,27-11-2025 20:55
28-11-2025,B,28-11-2025 14:19,31,58.6,61,2.27,3.45,10.71,30,58,60,3.21,3.19,15.97,37,38,28,29,26,26,37,37,30,30,28,28,35,34,35,32,30,28,33,38,32,32,30,28,28-11-2025 14:23
28-11-2025,C,28-11-2025 21:59,32,58.5,59.3,3.3,3.9,12.1,31,58.7,60.5,2.8,3.4,13.6,37,39,27,30,26,26,36,36,29,30,27,27,34,36,35,32,29,27,34,38,31,32,30,29,28-11-2025 22:00
29-11-2025,B,29-11-2025 13:07,32,57,59,3.24,4.79,10.21,32,58.8,61,2.75,5.25,15,36,38,28,29,26,26,37,37,30,30,28,37,34,34,35,32,30,28,33,37,31,32,29,29,29-11-2025 13:09
19-11-2025,B,19-11-2025 13:28,34,55,61,0,0,0,28,56,60,0,0,0,33,39,28,31,25,26,36,36,28,31,28,27,34,33,35,31,29,28,34,37,31,31,29,29,30-11-2025 01:29
20-11-2025,B,20-11-2025 13:32,34,47,60,0,0,0,32,45,59,0,0,0,37,39,29,31,27,27,33,34,31,28,28,27,33,33,35,32,30,28,33,37,31,31,30,29,30-11-2025 01:33
20-11-2025,B,20-11-2025 13:37,32,45,61,0,0,0,33,47,59,0,0,0,36,37,28,30,26,26,36,32,30,29,27,26,33,32,34,31,29,27,36,33,30,32,29,28,30-11-2025 01:38
22-11-2025,B,22-11-2025 13:48,33,45,61,0,0,0,32,47,60,0,0,0,38,35,27,29,26,26,36,32,30,28,28,26,33,32,34,30,29,27,32,36,30,31,29,28,30-11-2025 01:49
25-11-2025,A,25-11-2025 04:54,28,41,56,0,0,0,29,44,60,0,0,0,34,33,26,23,21,22,33,30,26,25,24,22,30,29,31,28,25,25,29,34,26,28,26,26,30-11-2025 01:55
26-11-2025,A,26-11-2025 05:00,28,43,57,0,0,0,28,44,59,0,0,0,32,32,32,25,21,21,32,32,26,27,24,23,30,30,32,27,25,24,29,34,36,28,25,25,30-11-2025 02:01
29-11-2025,C,30-11-2025 17:02,32,58.9,59.6,3.1,3.6,10.2,31,60.4,61.2,2.9,3.2,9.3,23,24,25,26,27,28,25,26,26,27,27,27,27,27,30,30,30,31,26,27,32,31,30,32,30-11-2025 17:03
30-11-2025,C,30-11-2025 21:00,32,57.2,58.2,3.9,2.6,10.2,31,57.4,59.6,2.9,3.4,13.1,34,36,26,29,24,26,35,35,29,28,26,24,34,34,34,31,29,28,32,34,31,32,27,26,30-11-2025 21:02
01-12-2025,B,01-12-2025 13:44,28,57.5,60.1,2.6,3.1,10.2,30,57.9,59.3,3.8,2.5,9.2,33,34,25,24,24,26,34,32,28,26,25,24,31,29,32,30,28,26,29,28,28,27,26,24,01-12-2025 13:45
02-12-2025,A,02-12-2025 06:30,30,55,59,2.35,4.21,10.21,32,55,57,3.15,5.22,14.21,32,32,20,25,20,21,31,30,29,28,22,22,29,29,28,23,24,25,29,34,24,27,25,24,02-12-2025 06:32
02-12-2025,B,02-12-2025 17:11,29,57.2,61.5,3.1,2.9,12.3,31,58.6,60.2,3.4,3.6,10.2,33,35,25,24,23,24,34,32,27,28,25,24,32,30,30,31,26,28,30,29,28,26,27,26,02-12-2025 17:12
04-12-2025,A,04-12-2025 07:07,30,52,54,3.56,5.03,13.36,31,55,57,4.06,5.84,16.2,30,32,21,24,20,21,31,28,24,23,24,24,28,28,29,27,24,24,26,30,23,26,23,24,04-12-2025 07:14
04-12-2025,B,04-12-2025 18:12,28,53.6,58.2,3.9,3.1,10.2,26,54,57.2,2.3,2.9,10.9,36,37,28,29,24,26,35,34,30,29,27,27,32,33,32,32,29,25,31,34,31,32,28,27,04-12-2025 18:15
05-12-2025,B,05-12-2025 14:44,26,54.6,58.9,3.4,2.1,10.1,28,55.2,59.5,3.9,3.4,12.5,33,31,35,26,22,23,33,34,27,31,30,29,29,30,32,30,26,24,30,32,28,26,26,24,05-12-2025 14:46
07-12-2025,A,07-12-2025 05:35,25,53.3,55.1,2.84,3.82,12.03,25.4,54.2,56.7,3.61,6.22,16.27,32,34,23,24,20,20,32,33,25,23,22,22,29,31,31,37,36,23,37,32,26,28,24,24,07-12-2025 05:37
07-12-2025,B,08-12-2025 00:44,28,54.5,57.8,3.2,3.8,10.1,30,54.9,58.2,3.3,3.6,12.8,34,35,24,22,22,21,31,32,25,24,23,22,33,30,31,28,26,23,32,31,26,27,25,24,08-12-2025 00:45
08-12-2025,A,08-12-2025 05:11,28,53.3,55.4,2.6,3.2,9.6,30,54.4,56.9,2.9,3.6,10.5,32,33,24,22,19,21,31,32,24,23,23,22,25,26,29,26,24,28,33,30,28,26,24,24,08-12-2025 05:12
10-12-2025,C,10-12-2025 23:12,27,54.1,56,2.89,4.6,11.33,27,55.6,58,3.59,5.78,14.1,32,33,23,24,21,20,33,33,26,26,24,23,29,31,32,27,26,24,29,33,27,27,26,25,10-12-2025 23:16
10-12-2025,A,11-12-2025 00:44,24,52.2,53.5,3.2,3.9,12.4,25,54.8,57.1,2.9,3.1,10.5,35,34,24,25,24,23,32,32,32,26,23,22,29,30,26,28,25,26,30,28,27,29,24,24,11-12-2025 00:46
11-12-2025,C,11-12-2025 22:30,27,54.7,56,4.18,5.32,13.88,27,55.9,58,3.13,4.54,13.26,33,34,25,25,23,23,34,34,28,27,25,24,30,31,32,29,26,23,31,30,33,26,27,25,11-12-2025 22:33
11-12-2025,A,12-12-2025 01:09,31,51.9,53.9,3.1,3.7,10.2,29,54.2,56.8,3.3,3.1,9.4,29,30,24,22,22,21,32,34,25,25,22,23,31,31,26,28,26,25,28,32,31,27,25,24,12-12-2025 01:11
12-12-2025,A,13-12-2025 02:37,22,52.8,54.3,2.5,3.2,10.5,24,54.8,57.1,2.9,2.1,12.8,32,34,25,25,23,24,32,33,24,26,24,25,29,30,30,28,24,24,30,32,24,27,24,24,13-12-2025 02:39
14-12-2025,C,14-12-2025 20:27,29,55.5,57,2.85,5.29,13.39,29,56.5,59,4.9,5.85,15.82,34,37,27,28,25,25,35,36,29,29,26,25,34,34,33,30,28,26,33,35,31,31,30,29,14-12-2025 20:29
15-12-2025,C,16-12-2025 16:25,25,55.2,58.6,2.6,3.1,10.1,30,55.6,57.3,2.8,2.3,9.6,33,33,24,28,23,24,34,33,26,30,28,26,30,31,31,29,28,29,31,30,29,30,28,29,16-12-2025 16:26
16-12-2025,C,16-12-2025 21:13,30,52.4,54.8,3.8,3.1,10.5,28,53.2,56.2,3.1,3.3,8.9,31,28,24,22,23,22,32,29,26,24,24,20,26,30,25,28,25,23,28,26,27,29,24,24,16-12-2025 21:14
19-12-2025,B,19-12-2025 14:50,27,54.6,56,2.45,7.14,15.09,27,51,52,4.18,4.18,14.62,31,33,22,22,20,19,31,32,25,23,21,21,27,30,27,25,23,22,26,29,25,26,23,23,19-12-2025 14:53
19-12-2025,C,19-12-2025 20:52,26,51.8,54.4,3.4,3.1,12.4,25,54.8,57.6,2.6,3.7,12.1,31,33,22,22,20,19,30,32,25,23,21,22,26,29,27,25,22,26,27,30,24,26,23,23,19-12-2025 20:54
20-12-2025,C,21-12-2025 21:46,29,54.6,56.2,2.5,3.2,10.8,30,55.2,58.6,3.9,3.1,12.9,30,30,28,27,24,22,32,31,30,27,26,24,33,31,32,28,24,26,32,34,31,27,28,24,21-12-2025 21:47
21-12-2025,C,21-12-2025 21:51,24,54.1,55.4,3.2,3.9,12.5,25,55.2,58.3,3.5,3.2,11.2,30,34,21,23,21,20,29,30,25,24,23,22,28,29,29,26,26,21,27,28,26,25,25,24,21-12-2025 21:52
23-12-2025,A,23-12-2025 06:47,26,52,54,2.92,4.06,10.44,25,53,55,3.91,4.76,12.2,30,32,21,20,21,19,29,29,23,2,119,20,25,27,2,724,22,21,25,28,24,24,22,22,23-12-2025 06:50
23-12-2025,A,23-12-2025 06:47,26,52,54,2.92,4.06,10.44,25,53,55,3.91,4.76,12.2,30,32,21,20,21,19,29,29,23,21,19,20,25,27,2,724,22,21,25,28,24,24,22,22,23-12-2025 06:50
23-12-2025,A,23-12-2025 06:47,26,52,54,2.92,4.06,10.44,25,53,55,3.91,4.76,12.2,30,32,21,20,21,19,29,29,23,21,19,20,25,27,27,24,22,21,25,28,24,24,22,22,23-12-2025 06:51
22-12-2025,B,23-12-2025 09:24,22,54.4,59.1,2.6,3.4,9.3,25,52.6,57.5,2.9,2.4,12.4,30,33,22,23,22,21,28,29,24,24,24,23,26,26,28,26,25,22,27,28,26,28,23,24,23-12-2025 09:25
23-12-2025,B,23-12-2025 13:34,25,52.7,55.3,3.2,3.8,11.2,26,52.9,58.2,3.6,3.1,10.1,27,26,18,19,16,18,27,26,22,24,19,20,22,23,25,23,20,22,21,23,19,20,22,21,23-12-2025 13:36
24-12-2025,A,24-12-2025 07:05,27,53,54,3.42,3.39,9.36,26,53,54,3.38,4.71,13.22,29,32,21,18,19,21,31,32,26,23,22,21,26,28,28,28,23,23,26,30,24,25,23,23,24-12-2025 07:07
24-12-2025,B,25-12-2025 12:17,27,52.3,56.6,3.1,3.6,11.2,28,54.1,58.8,3.8,2.6,10.6,32,34,29,26,22,23,30,29,23,25,24,24,29,28,27,28,25,24,28,29,26,29,23,25,25-12-2025 12:19
01-01-2026,A,04-01-2026 04:43,24,50.2,52.6,2.3,2.9,11.1,23,51.9,58.1,3.2,3.9,9.6,25,24,16,17,26,19,26,24,22,23,21,23,22,21,18,21,19,22,21,26,19,22,17,18,04-01-2026 04:44
02-01-2026,A,04-01-2026 04:48,23,51.6,54.1,2.9,2.2,11.4,24,54.7,58.8,2.3,2.7,10.1,24,30,21,22,20,19,28,29,24,24,21,18,26,28,27,25,22,22,25,31,23,24,23,21,04-01-2026 04:49
08-01-2026,B,08-01-2026 16:29,25,54,57,3.58,4.94,12.31,24,52,55,3.5,6.82,14.68,30,32,18,21,17,18,32,32,23,23,21,19,29,30,31,24,27,20,28,29,25,23,24,21,08-01-2026 16:31
06-01-2026,C,08-01-2026 18:23,21,51.6,53.5,2.9,3.5,10.2,22,54.6,57.5,3.2,3.6,11.6,24,30,18,20,18,18,28,28,19,22,16,16,24,26,23,23,19,20,26,25,22,21,21,19,08-01-2026 18:25
07-01-2026,C,08-01-2026 18:29,26,54.3,55.6,3.1,3.4,9.6,24,52.9,58.2,2.9,3.5,10.6,30,32,19,23,19,20,31,31,22,24,21,21,26,32,23,23,23,29,29,28,24,22,22,22,08-01-2026 18:31
09-01-2026,B,09-01-2026 14:01,26,51,53,3.34,5.19,10.77,24,52,56,2.96,5.8,12.36,30,31,16,20,16,17,30,30,22,22,18,19,27,28,25,23,20,19,26,27,22,22,20,20,09-01-2026 14:04
28-11-2025,A,28-11-2025 05:16,27,42,55,0,0,0,26,41,59,0,0,0,34,34,23,27,23,27,34,30,26,26,26,26,30,29,32,28,32,28,28,33,25,29,25,29,10-01-2026 02:17
29-11-2025,A,29-11-2025 04:20,26,41,58,0,0,0,28,42,54,0,0,0,33,33,22,26,23,23,33,30,25,25,23,23,30,29,30,28,25,24,27,33,25,28,25,25,10-01-2026 02:21
30-11-2025,A,30-11-2025 05:25,26,41,58,0,0,0,29,44,54,0,0,0,34,34,27,23,23,24,34,32,36,26,25,26,31,31,32,29,27,26,28,33,24,29,25,26,10-01-2026 02:26
01-12-2025,C,01-12-2025 21:33,30,58,43,0,0,0,29,45,59,0,0,0,33,33,25,27,23,23,35,31,26,26,24,25,31,31,32,28,27,25,30,34,28,29,24,26,10-01-2026 02:34
02-12-2025,C,02-12-2025 21:37,29,43,55,0,0,0,29,44,58,0,0,0,32,31,25,24,23,24,35,33,28,27,26,24,32,32,33,30,28,26,31,35,28,30,28,28,10-01-2026 02:38
03-12-2025,C,03-12-2025 21:43,29,42,59,0,0,0,28,41,58,0,0,0,36,36,27,28,25,25,36,33,29,29,26,26,33,32,31,3,128,26,32,36,30,30,28,28,10-01-2026 02:44
05-12-2025,C,05-12-2025 21:48,26,51,55,0,0,0,28,46,56,0,0,0,33,35,25,27,23,22,34,31,27,25,23,23,29,29,32,28,26,25,28,33,27,28,25,25,10-01-2026 02:49
06-12-2025,C,06-12-2025 21:54,27,42,57,0,0,0,28,44,58,0,0,0,33,32,25,27,23,34,31,27,26,25,23,30,30,33,30,27,25,28,28,33,26,25,25,26,10-01-2026 02:55
07-12-2025,C,07-12-2025 21:58,26,41,58,0,0,0,27,43,56,0,0,0,34,35,252,8,23,23,34,32,28,27,25,23,30,29,32,29,27,26,30,29,28,29,28,26,10-01-2026 02:58
09-01-2026,B,10-01-2026 03:19,20,38,56,0,0,0,20,37,52,0,0,0,25,26,18,20,21,21,27,25,20,20,20,20,25,25,22,20,20,21,22,23,18,20,20,18,10-01-2026 03:21
08-01-2026,B,08-01-2026 03:25,21,41,56,0,0,0,21,39,53,0,0,0,28,28,17,20,20,20,28,27,20,20,20,19,26,26,25,23,20,22,24,24,20,22,20,20,10-01-2026 03:26
07-01-2026,A,07-01-2026 03:29,20,45,58,0,0,0,20,44,54,0,0,0,28,31,18,20,18,20,30,29,21,21,20,19,27,28,26,23,20,20,25,26,22,25,20,20,10-01-2026 03:29
04-01-2026,B,04-01-2026 17:35,22,38,55,0,0,0,22,39,56,0,0,0,27,28,19,16,16,29,27,21,21,20,20,26,24,24,22,20,20,20,25,25,21,21,20,20,10-01-2026 03:36
01-01-2026,B,01-01-2026 17:39,26,42,60,0,0,0,26,42,56,0,0,0,27,28,20,20,17,17,28,25,22,20,20,20,24,24,26,22,21,20,24,26,23,25,21,20,10-01-2026 03:40
10-01-2026,B,10-01-2026 14:47,29,53,55,2.67,4.51,10.6,27,54,56,2.86,7.33,14.36,31,32,30,22,18,19,33,32,24,24,22,21,29,29,28,25,23,21,29,30,25,25,24,23,10-01-2026 14:48
08-01-2026,C,10-01-2026 17:17,23,54.2,53.8,3.9,3.3,13.2,27,55.7,56.2,2.9,3.6,12.1,29,30,20,21,18,19,31,31,22,24,21,18,28,29,31,23,24,21,27,30,24,21,26,20,10-01-2026 17:18
09-01-2026,C,10-01-2026 17:22,23,52.6,54.1,2.9,3.7,12.8,24,54.6,58.2,3.6,3.8,10.9,28,30,24,22,18,19,30,28,26,24,22,21,26,24,22,23,18,20,24,22,23,21,20,19,10-01-2026 17:24
10-01-2026,C,11-01-2026 21:15,25,54.3,60.5,3.3,3.4,14.2,26,57.3,56.1,2.9,3.9,12.5,31,29,23,24,21,21,30,31,25,26,23,22,28,30,28,27,25,22,27,29,25,26,24,24,11-01-2026 21:16
11-01-2026,C,11-01-2026 21:20,24,54.6,56.7,3.9,4.1,10.9,27,58.1,60.6,3.1,3.9,14.1,31,29,26,24,23,22,33,30,29,26,24,22,28,26,24,23,22,24,24,23,21,22,19,20,11-01-2026 21:21
12-01-2026,B,12-01-2026 13:42,23,51.2,54.7,4.1,3.6,11.3,26,53.6,58.9,3.1,3.9,14.2,30,28,24,22,22,21,28,30,26,24,18,19,26,24,23,22,20,22,24,22,22,23,21,20,12-01-2026 13:43
14-01-2026,B,14-01-2026 13:12,22,53.3,56.1,3.9,3.1,13.2,26,55.5,59.3,4.1,3.5,12.5,30,32,22,21,20,19,32,27,24,22,22,21,27,25,26,25,23,20,26,24,23,24,22,21,14-01-2026 13:13
15-01-2026,A,15-01-2026 05:18,26,54,57,4.93,5.78,12.6,24,51,53,3.64,7.39,15.43,29,31,20,20,19,16,30,30,22,22,21,19,28,29,27,25,22,20,26,27,23,23,21,21,15-01-2026 05:20
14-01-2026,A,15-01-2026 05:18,26,54,57,4.93,5.78,12.6,24,51,53,3.64,7.39,15.43,29,31,20,20,19,16,30,30,22,22,21,19,28,29,27,25,22,20,26,27,23,23,21,21,15-01-2026 05:20
14-01-2026,A,14-01-2026 05:18,26,54,57,4.93,5.78,12.6,24,51,53,3.64,7.39,15.43,29,31,20,20,19,16,30,30,22,22,21,19,28,29,27,25,22,20,26,27,23,23,21,21,15-01-2026 05:21
09-01-2026,A,09-01-2026 08:37,20,38,56,0,0,0,20,37,52,0,0,0,25,26,20,20,20,20,27,25,17,17,15,14,24,25,22,20,20,20,22,23,20,18,20,20,16-01-2026 19:38
10-01-2026,A,10-01-2026 05:41,21,40,56,0,0,0,23,38,51,0,0,0,26,27,20,18,20,20,28,27,20,20,20,20,25,24,29,21,20,20,22,23,20,22,17,18,16-01-2026 19:42
12-01-2026,C,12-01-2026 21:53,25,43,59,0,0,0,24,42,54,0,0,0,20,31,20,22,20,20,32,30,23,22,21,20,28,30,27,26,22,22,27,28,23,24,22,22,16-01-2026 19:54
13-01-2026,C,13-01-2026 21:57,25,44,60,0,0,0,25,42,56,0,0,0,31,31,22,23,20,20,32,32,25,24,22,20,28,30,27,25,22,21,27,27,22,24,21,22,16-01-2026 19:58
14-01-2026,C,14-01-2026 21:02,0,0,0,0,0,0,0,0,0,0,0,0,32,34,22,24,20,20,34,34,25,25,22,21,28,32,29,25,26,22,28,28,25,28,22,2,16-01-2026 20:03
15-01-2026,C,15-01-2026 20:06,26,42,58,0,0,0,22,41,53,0,0,0,26,24,23,22,21,20,29,25,24,23,22,23,25,24,23,24,20,21,22,23,20,21,20,20,16-01-2026 20:07
16-01-2026,B,19-01-2026 00:29,20,50.1,54.3,2.2,3.9,10.5,23,54.6,58.2,3.4,3.2,12.9,23,20,14,16,13,15,24,22,17,18,15,16,22,21,20,19,16,15,21,20,17,18,15,16,19-01-2026 00:30
17-01-2026,B,19-01-2026 00:34,24,53.6,59.6,3.9,3.3,14.2,21,52.1,55.9,4.1,3.6,12.5,30,26,20,21,19,20,31,30,23,22,21,19,27,26,24,23,22,21,27,27,27,23,23,21,19-01-2026 00:35
18-01-2026,B,19-01-2026 00:39,26,55.6,61.1,3.8,3.2,11.2,23,54.3,58.9,3.9,3.5,12.4,32,31,23,23,21,20,30,30,24,25,20,19,28,27,26,24,24,21,27,28,25,26,23,21,19-01-2026 00:40
19-01-2026,B,19-01-2026 16:12,29,45,62,0,0,0,28,43,60,0,0,0,34,33,24,25,22,21,34,32,27,25,26,24,31,32,30,27,26,23,30,31,27,29,25,24,19-01-2026 16:12
19-01-2026,A,20-01-2026 05:16,24,52.6,54.5,3.3,3.6,14.1,29,56.4,59.1,4.1,3.9,13.6,29,32,20,21,18,19,31,24,23,22,23,21,22,24,27,24,22,21,23,22,21,22,20,19,20-01-2026 05:17
20-01-2026,A,20-01-2026 05:21,22,53.7,55.6,3.9,4.2,10.9,26,57.1,59.7,3.3,3.8,14.8,28,31,21,22,20,21,30,26,23,24,23,19,23,23,22,23,21,19,24,27,21,26,23,22,20-01-2026 05:23
20-01-2026,B,20-01-2026 16:15,29,44,62,0,0,0,28,43,60,0,0,0,33,34,25,25,22,22,34,33,27,25,25,22,30,32,31,28,26,24,29,29,28,29,26,24,20-01-2026 16:16
,,,0,0,0,0,0,0,0,0,0,0,0,0,0,0,0,0,0,0,0,0,0,0,0,0,0,0,0,0,0,0,0,0,0,0,0,0,21-01-2026 13:53
22-01-2026,A,22-01-2026 05:46,24,51.6,53.5,3.2,3.8,12.1,29,51.1,53.7,4.2,3.5,11.6,31,34,24,24,24,22,32,33,26,26,23,24,29,32,28,27,25,25,32,30,29,29,24,24,22-01-2026 05:47
21-01-2026,B,21-01-2026 17:00,30,40,55,0,0,0,31,42,60,0,0,0,33,34,26,26,23,23,33,35,27,26,24,23,32,32,30,27,25,24,30,30,27,30,24,25,22-01-2026 09:01
22-01-2026,C,22-01-2026 22:48,31,55,56,3.38,5.15,10.73,28,53,55,3.13,6.56,13.5,35,36,24,26,23,22,37,37,29,29,27,24,34,34,33,30,28,25,31,31,27,28,26,26,22-01-2026 22:50
23-01-2026,A,23-01-2026 05:43,22,51.4,53.5,3.7,3.2,10.5,24,51.6,54.2,3.9,3.6,12.2,28,24,23,21,20,19,31,26,24,22,19,18,26,24,22,21,20,21,24,23,21,22,19,20,23-01-2026 05:44
24-01-2026,A,03-02-2026 09:43,24,52.3,55.8,2.9,3.3,10.2,26,53.6,57.4,3.1,3.9,11.2,35,34,26,24,24,22,37,36,30,28,22,22,38,36,26,27,24,25,38,34,24,28,26,23,03-02-2026 09:45
30-01-2026,C,03-02-2026 09:51,26,53.7,55.8,3.3,2.9,9.2,24,55.3,58.4,2.6,3.5,10.8,30,32,22,23,20,21,32,31,24,25,24,23,29,32,26,24,23,22,30,29,25,26,20,24,03-02-2026 09:53
01-02-2026,C,03-02-2026 09:59,24,54.3,56.7,3.6,3.7,11.1,28,57.5,59.6,3.9,2.5,10.8,34,36,22,24,21,20,33,34,27,25,25,24,31,32,25,28,29,24,29,31,30,27,27,21,03-02-2026 10:00
02-02-2026,B,03-02-2026 10:04,29,55.2,59.6,3.8,3.5,12.1,26,53.3,57.6,2.9,3.5,10.2,28,24,22,21,20,19,33,28,25,23,21,20,29,25,23,24,22,21,28,26,24,22,20,21,03-02-2026 10:06
03-02-2026,B,03-02-2026 14:33,23,53.9,56.1,3.4,3.9,9.2,28,55.1,58.4,3.1,2.7,10.1,32,36,26,27,24,25,31,35,26,28,25,24,24,33,32,27,27,26,33,32,28,29,26,25,03-02-2026 14:34
04-02-2026,B,04-02-2026 14:37,23,52.7,56.9,3.6,3.8,9.2,27,54.6,58.9,3.1,2.6,11.5,30,34,20,21,19,20,31,29,24,22,21,19,27,28,27,24,22,23,25,26,22,23,22,21,04-02-2026 14:38
05-02-2026,A,05-02-2026 03:39,25,52,55,3.15,2.99,7.89,26,55,58,2.87,3.25,10.12,21,20,17,25,20,18,23,26,27,28,27,24,23,24,24,27,25,25,25,23,28,25,22,26,06-02-2026 03:42
06-02-2026,A,06-02-2026 06:16,25,53,55,3.18,3.73,9.14,26,56,58,2.35,3.99,8.26,30,30,23,23,19,19,30,31,23,22,20,18,28,28,26,25,22,21,26,26,23,23,21,22,06-02-2026 06:20
07-02-2026,A,07-02-2026 05:43,26,52,54,3.1,4.4,8.02,27,53,56,2.31,5.64,7.26,30,33,17,22,16,18,32,32,24,24,22,19,30,31,27,26,23,22,26,27,23,23,22,21,07-02-2026 05:45
08-02-2026,A,08-02-2026 06:30,26,51.9,54,3.12,4.12,7.85,26,52.4,55,2.97,3.87,8.05,34,34,24,25,19,18,31,32,23,23,21,19,28,24,26,25,22,20,26,27,23,23,21,21,08-02-2026 06:32
05-02-2026,B,08-02-2026 09:31,28,54.2,58.3,3.1,3.5,11.2,23,53.6,56.4,2.6,3.7,10.1,30,33,20,21,19,20,31,25,24,22,27,24,25,23,27,24,22,21,26,24,22,21,22,20,08-02-2026 09:33
06-02-2026,B,08-02-2026 09:39,27,52.6,56.2,2.6,3.2,12.4,25,53.3,55.6,3.2,3.7,9.5,29,31,20,21,19,20,31,28,24,23,21,22,27,23,26,24,22,21,25,24,23,21,22,20,08-02-2026 09:40
08-02-2026,B,09-02-2026 05:21,24,52.3,56.4,3.1,3.6,10.2,26,52.6,56.8,2.9,3.1,9.1,30,32,22,24,21,19,32,32,26,25,23,20,29,30,29,27,25,23,32,31,30,28,30,28,09-02-2026 05:22
09-02-2026,A,09-02-2026 05:25,22,52.3,54.4,2.8,3.2,11.1,24,52.6,55.6,3.2,3.9,10.6,29,28,21,24,20,21,28,29,26,27,21,21,24,23,25,23,24,23,24,23,22,21,24,22,09-02-2026 05:26
10-02-2026,A,10-02-2026 05:35,21,53.2,55.2,3.2,3.6,11.2,23,54.1,56.1,2.8,3.1,10.3,28,33,24,22,21,22,31,29,27,29,23,21,26,24,22,21,23,22,27,25,23,24,22,21,10-02-2026 05:37
11-02-2026,A,11-02-2026 05:29,24,53.7,55.4,3.4,3.1,9.5,25,54.1,57.1,3.9,3.3,10.5,30,35,21,22,19,20,33,30,26,24,23,21,28,30,22,24,22,21,28,31,22,24,19,20,11-02-2026 05:30
19-02-2026,B,19-02-2026 14:54,33,58.4,61,3.55,4.67,9.53,32,56.6,60,3.63,3.72,10.48,37,40,28,31,26,27,39,39,33,32,30,28,35,35,35,32,30,28,34,35,32,30,31,28,19-02-2026 14:58
01-03-2026,A,01-03-2026 06:09,32,57,60,3.81,3.17,10.72,31,58,61,3.41,2.8,11.72,34,38,26,28,24,25,37,37,31,26,27,26,35,35,34,31,30,28,33,34,34,30,30,28,01-03-2026 06:11
,,,0,0,0,0,0,0,0,0,0,0,0,0,0,0,0,0,0,0,0,0,0,0,0,0,0,0,0,0,0,0,0,0,0,0,0,0,15-04-2026 14:47
,,,0,0,0,0,0,0,0,0,0,0,0,0,0,0,0,0,0,0,0,0,0,0,0,0,0,0,0,0,0,0,0,0,0,0,0,0,15-04-2026 14:47
